[debug] [2025-12-02T09:31:02.831Z] [Firebase Plugin] Activating Firebase extension.
[debug] [2025-12-02T09:31:43.295Z] [Firebase Plugin] requireAuthWrapper
[debug] [2025-12-02T09:31:43.300Z] > command requires scopes: ["email","openid","https://www.googleapis.com/auth/cloudplatformprojects.readonly","https://www.googleapis.com/auth/firebase","https://www.googleapis.com/auth/cloud-platform"]
[debug] [2025-12-02T09:31:43.301Z] > authorizing via signed-in user (contact.makgroup.digital@gmail.com)
[debug] [2025-12-02T09:31:43.314Z] Checked if tokens are valid: false, expires at: 1764607125865
[debug] [2025-12-02T09:31:43.315Z] Checked if tokens are valid: false, expires at: 1764607125865
[debug] [2025-12-02T09:31:43.316Z] > refreshing access token with scopes: []
[debug] [2025-12-02T09:31:43.320Z] >>> [apiv2][query] POST https://www.googleapis.com/oauth2/v3/token [none]
[debug] [2025-12-02T09:31:43.321Z] >>> [apiv2][body] POST https://www.googleapis.com/oauth2/v3/token [omitted]
[info] [Firebase Plugin] Starting Data Connect toolkit (version 2.17.0) on port 50001
[debug] [2025-12-02T09:31:49.880Z] 'fdc build' failed with error: Unable to build your Data Connect schema and connectors (exit code 1): E1202 10:31:49.878473   18666 cmd.go:43] Error loading data connect config: could not find dataconnect.yaml in `/Users/mac/clara-ai/clara-ai/dataconnect`
 {"metadata":{"emulator":{"name":"dataconnect"},"message":"'fdc build' failed with error: Unable to build your Data Connect schema and connectors (exit code 1): E1202 10:31:49.878473   18666 cmd.go:43] Error loading data connect config: could not find dataconnect.yaml in `/Users/mac/clara-ai/clara-ai/dataconnect`\n"}}
[debug] [2025-12-02T09:31:49.881Z] Ignoring unsupported arg: auto_download {"metadata":{"emulator":{"name":"dataconnect"},"message":"Ignoring unsupported arg: auto_download"}}
[debug] [2025-12-02T09:31:49.882Z] Ignoring unsupported arg: port {"metadata":{"emulator":{"name":"dataconnect"},"message":"Ignoring unsupported arg: port"}}
[debug] [2025-12-02T09:31:49.882Z] Starting Data Connect Emulator with command {"binary":"/Users/mac/.cache/firebase/emulators/dataconnect-emulator-2.17.0","args":["--logtostderr","-v=2","dev","--listen=localhost:50001","--config_dir=/Users/mac/clara-ai/clara-ai/dataconnect","--enable_output_schema_extensions=true","--enable_output_generated_sdk=true"],"optionalArgs":["listen","config_dir","enable_output_schema_extensions","enable_output_generated_sdk"],"joinArgs":true,"shell":false,"port":9399} {"metadata":{"emulator":{"name":"dataconnect"},"message":"Starting Data Connect Emulator with command {\"binary\":\"/Users/mac/.cache/firebase/emulators/dataconnect-emulator-2.17.0\",\"args\":[\"--logtostderr\",\"-v=2\",\"dev\",\"--listen=localhost:50001\",\"--config_dir=/Users/mac/clara-ai/clara-ai/dataconnect\",\"--enable_output_schema_extensions=true\",\"--enable_output_generated_sdk=true\"],\"optionalArgs\":[\"listen\",\"config_dir\",\"enable_output_schema_extensions\",\"enable_output_generated_sdk\"],\"joinArgs\":true,\"shell\":false,\"port\":9399}"}}
[info] i  dataconnect: Data Connect Emulator logging to dataconnect-debug.log {"metadata":{"emulator":{"name":"dataconnect"},"message":"Data Connect Emulator logging to dataconnect-debug.log"}}
[debug] [2025-12-02T09:31:49.946Z] E1202 10:31:49.945436   18675 dev.go:82] Failed to load initial config from "/Users/mac/clara-ai/clara-ai/dataconnect": could not find dataconnect.yaml in `/Users/mac/clara-ai/clara-ai/dataconnect`
 {"metadata":{"emulator":{"name":"dataconnect"},"message":"E1202 10:31:49.945436   18675 dev.go:82] Failed to load initial config from \"/Users/mac/clara-ai/clara-ai/dataconnect\": could not find dataconnect.yaml in `/Users/mac/clara-ai/clara-ai/dataconnect`\n"}}
[debug] [2025-12-02T09:31:49.947Z] E1202 10:31:49.945951   18675 watch.go:102] watchAllDir unable to walk dir `/Users/mac/clara-ai/clara-ai/dataconnect`: lstat /Users/mac/clara-ai/clara-ai/dataconnect: no such file or directory
 {"metadata":{"emulator":{"name":"dataconnect"},"message":"E1202 10:31:49.945951   18675 watch.go:102] watchAllDir unable to walk dir `/Users/mac/clara-ai/clara-ai/dataconnect`: lstat /Users/mac/clara-ai/clara-ai/dataconnect: no such file or directory\n"}}
[debug] [2025-12-02T09:31:49.950Z] I1202 10:31:49.950255   18675 dev.go:105] Listening on address (HTTP + gRPC): 127.0.0.1:50001
 {"metadata":{"emulator":{"name":"dataconnect"},"message":"I1202 10:31:49.950255   18675 dev.go:105] Listening on address (HTTP + gRPC): 127.0.0.1:50001\n"}}
[debug] [2025-12-02T09:31:59.947Z] E1202 10:31:59.947089   18675 watch.go:31] Failed to load config from "/Users/mac/clara-ai/clara-ai/dataconnect": could not find dataconnect.yaml in `/Users/mac/clara-ai/clara-ai/dataconnect`
 {"metadata":{"emulator":{"name":"dataconnect"},"message":"E1202 10:31:59.947089   18675 watch.go:31] Failed to load config from \"/Users/mac/clara-ai/clara-ai/dataconnect\": could not find dataconnect.yaml in `/Users/mac/clara-ai/clara-ai/dataconnect`\n"}}
[error] [Firebase Plugin] error:  {}
[debug] [2025-12-02T09:32:05.423Z] <<< [apiv2][status] POST https://www.googleapis.com/oauth2/v3/token 200
[debug] [2025-12-02T09:32:05.425Z] <<< [apiv2][body] POST https://www.googleapis.com/oauth2/v3/token [omitted]
[debug] [2025-12-02T09:32:05.458Z] [Firebase Plugin] User found:  contact.makgroup.digital@gmail.com
[info] [Firebase Plugin] (Core:Project) New user detected, fetching projects
[debug] [2025-12-02T09:32:05.462Z] Checked if tokens are valid: true, expires at: 1764671524426
[debug] [2025-12-02T09:32:05.463Z] >>> [apiv2][query] GET https://firebase.googleapis.com/v1beta1/projects pageSize=1000
[debug] [2025-12-02T09:32:07.760Z] *** [apiv2] error from fetch(https://firebase.googleapis.com/v1beta1/projects?pageSize=1000, {"headers":{},"method":"GET","signal":{"reason":""}}): FetchError: request to https://firebase.googleapis.com/v1beta1/projects?pageSize=1000 failed, reason: 
[debug] [2025-12-02T09:32:07.761Z] Failed to make request to https://firebase.googleapis.com/v1beta1/projects?pageSize=1000
[debug] [2025-12-02T09:32:09.946Z] E1202 10:32:09.946495   18675 watch.go:31] Failed to load config from "/Users/mac/clara-ai/clara-ai/dataconnect": could not find dataconnect.yaml in `/Users/mac/clara-ai/clara-ai/dataconnect`
 {"metadata":{"emulator":{"name":"dataconnect"},"message":"E1202 10:32:09.946495   18675 watch.go:31] Failed to load config from \"/Users/mac/clara-ai/clara-ai/dataconnect\": could not find dataconnect.yaml in `/Users/mac/clara-ai/clara-ai/dataconnect`\n"}}
[debug] [2025-12-02T09:32:19.946Z] E1202 10:32:19.946119   18675 watch.go:31] Failed to load config from "/Users/mac/clara-ai/clara-ai/dataconnect": could not find dataconnect.yaml in `/Users/mac/clara-ai/clara-ai/dataconnect`
 {"metadata":{"emulator":{"name":"dataconnect"},"message":"E1202 10:32:19.946119   18675 watch.go:31] Failed to load config from \"/Users/mac/clara-ai/clara-ai/dataconnect\": could not find dataconnect.yaml in `/Users/mac/clara-ai/clara-ai/dataconnect`\n"}}
[debug] [2025-12-02T09:32:30.409Z] E1202 10:32:30.409016   18675 watch.go:31] Failed to load config from "/Users/mac/clara-ai/clara-ai/dataconnect": could not find dataconnect.yaml in `/Users/mac/clara-ai/clara-ai/dataconnect`
 {"metadata":{"emulator":{"name":"dataconnect"},"message":"E1202 10:32:30.409016   18675 watch.go:31] Failed to load config from \"/Users/mac/clara-ai/clara-ai/dataconnect\": could not find dataconnect.yaml in `/Users/mac/clara-ai/clara-ai/dataconnect`\n"}}
[debug] [2025-12-02T09:32:40.409Z] E1202 10:32:40.409358   18675 watch.go:31] Failed to load config from "/Users/mac/clara-ai/clara-ai/dataconnect": could not find dataconnect.yaml in `/Users/mac/clara-ai/clara-ai/dataconnect`
 {"metadata":{"emulator":{"name":"dataconnect"},"message":"E1202 10:32:40.409358   18675 watch.go:31] Failed to load config from \"/Users/mac/clara-ai/clara-ai/dataconnect\": could not find dataconnect.yaml in `/Users/mac/clara-ai/clara-ai/dataconnect`\n"}}
[debug] [2025-12-02T09:32:50.409Z] E1202 10:32:50.409017   18675 watch.go:31] Failed to load config from "/Users/mac/clara-ai/clara-ai/dataconnect": could not find dataconnect.yaml in `/Users/mac/clara-ai/clara-ai/dataconnect`
 {"metadata":{"emulator":{"name":"dataconnect"},"message":"E1202 10:32:50.409017   18675 watch.go:31] Failed to load config from \"/Users/mac/clara-ai/clara-ai/dataconnect\": could not find dataconnect.yaml in `/Users/mac/clara-ai/clara-ai/dataconnect`\n"}}
[debug] [2025-12-02T09:33:00.410Z] E1202 10:33:00.410191   18675 watch.go:31] Failed to load config from "/Users/mac/clara-ai/clara-ai/dataconnect": could not find dataconnect.yaml in `/Users/mac/clara-ai/clara-ai/dataconnect`
 {"metadata":{"emulator":{"name":"dataconnect"},"message":"E1202 10:33:00.410191   18675 watch.go:31] Failed to load config from \"/Users/mac/clara-ai/clara-ai/dataconnect\": could not find dataconnect.yaml in `/Users/mac/clara-ai/clara-ai/dataconnect`\n"}}
[debug] [2025-12-02T09:33:10.411Z] E1202 10:33:10.411493   18675 watch.go:31] Failed to load config from "/Users/mac/clara-ai/clara-ai/dataconnect": could not find dataconnect.yaml in `/Users/mac/clara-ai/clara-ai/dataconnect`
 {"metadata":{"emulator":{"name":"dataconnect"},"message":"E1202 10:33:10.411493   18675 watch.go:31] Failed to load config from \"/Users/mac/clara-ai/clara-ai/dataconnect\": could not find dataconnect.yaml in `/Users/mac/clara-ai/clara-ai/dataconnect`\n"}}
[debug] [2025-12-02T09:33:20.412Z] E1202 10:33:20.412512   18675 watch.go:31] Failed to load config from "/Users/mac/clara-ai/clara-ai/dataconnect": could not find dataconnect.yaml in `/Users/mac/clara-ai/clara-ai/dataconnect`
 {"metadata":{"emulator":{"name":"dataconnect"},"message":"E1202 10:33:20.412512   18675 watch.go:31] Failed to load config from \"/Users/mac/clara-ai/clara-ai/dataconnect\": could not find dataconnect.yaml in `/Users/mac/clara-ai/clara-ai/dataconnect`\n"}}
[debug] [2025-12-02T09:33:30.409Z] E1202 10:33:30.409553   18675 watch.go:31] Failed to load config from "/Users/mac/clara-ai/clara-ai/dataconnect": could not find dataconnect.yaml in `/Users/mac/clara-ai/clara-ai/dataconnect`
 {"metadata":{"emulator":{"name":"dataconnect"},"message":"E1202 10:33:30.409553   18675 watch.go:31] Failed to load config from \"/Users/mac/clara-ai/clara-ai/dataconnect\": could not find dataconnect.yaml in `/Users/mac/clara-ai/clara-ai/dataconnect`\n"}}
[debug] [2025-12-02T09:33:40.410Z] E1202 10:33:40.409689   18675 watch.go:31] Failed to load config from "/Users/mac/clara-ai/clara-ai/dataconnect": could not find dataconnect.yaml in `/Users/mac/clara-ai/clara-ai/dataconnect`
 {"metadata":{"emulator":{"name":"dataconnect"},"message":"E1202 10:33:40.409689   18675 watch.go:31] Failed to load config from \"/Users/mac/clara-ai/clara-ai/dataconnect\": could not find dataconnect.yaml in `/Users/mac/clara-ai/clara-ai/dataconnect`\n"}}
[debug] [2025-12-02T09:33:50.410Z] E1202 10:33:50.410170   18675 watch.go:31] Failed to load config from "/Users/mac/clara-ai/clara-ai/dataconnect": could not find dataconnect.yaml in `/Users/mac/clara-ai/clara-ai/dataconnect`
E1202 10:33:50.410244   18675 watch.go:102] watchAllDir unable to walk dir `/Users/mac/clara-ai/clara-ai/dataconnect`: lstat /Users/mac/clara-ai/clara-ai/dataconnect: no such file or directory
 {"metadata":{"emulator":{"name":"dataconnect"},"message":"E1202 10:33:50.410170   18675 watch.go:31] Failed to load config from \"/Users/mac/clara-ai/clara-ai/dataconnect\": could not find dataconnect.yaml in `/Users/mac/clara-ai/clara-ai/dataconnect`\nE1202 10:33:50.410244   18675 watch.go:102] watchAllDir unable to walk dir `/Users/mac/clara-ai/clara-ai/dataconnect`: lstat /Users/mac/clara-ai/clara-ai/dataconnect: no such file or directory\n"}}
[debug] [2025-12-02T09:34:00.417Z] E1202 10:34:00.410367   18675 watch.go:31] Failed to load config from "/Users/mac/clara-ai/clara-ai/dataconnect": could not find dataconnect.yaml in `/Users/mac/clara-ai/clara-ai/dataconnect`
 {"metadata":{"emulator":{"name":"dataconnect"},"message":"E1202 10:34:00.410367   18675 watch.go:31] Failed to load config from \"/Users/mac/clara-ai/clara-ai/dataconnect\": could not find dataconnect.yaml in `/Users/mac/clara-ai/clara-ai/dataconnect`\n"}}
[debug] [2025-12-02T09:34:10.411Z] E1202 10:34:10.411254   18675 watch.go:31] Failed to load config from "/Users/mac/clara-ai/clara-ai/dataconnect": could not find dataconnect.yaml in `/Users/mac/clara-ai/clara-ai/dataconnect`
 {"metadata":{"emulator":{"name":"dataconnect"},"message":"E1202 10:34:10.411254   18675 watch.go:31] Failed to load config from \"/Users/mac/clara-ai/clara-ai/dataconnect\": could not find dataconnect.yaml in `/Users/mac/clara-ai/clara-ai/dataconnect`\n"}}
[debug] [2025-12-02T09:34:20.410Z] E1202 10:34:20.410581   18675 watch.go:31] Failed to load config from "/Users/mac/clara-ai/clara-ai/dataconnect": could not find dataconnect.yaml in `/Users/mac/clara-ai/clara-ai/dataconnect`
 {"metadata":{"emulator":{"name":"dataconnect"},"message":"E1202 10:34:20.410581   18675 watch.go:31] Failed to load config from \"/Users/mac/clara-ai/clara-ai/dataconnect\": could not find dataconnect.yaml in `/Users/mac/clara-ai/clara-ai/dataconnect`\n"}}
[debug] [2025-12-02T09:34:30.410Z] E1202 10:34:30.410700   18675 watch.go:31] Failed to load config from "/Users/mac/clara-ai/clara-ai/dataconnect": could not find dataconnect.yaml in `/Users/mac/clara-ai/clara-ai/dataconnect`
 {"metadata":{"emulator":{"name":"dataconnect"},"message":"E1202 10:34:30.410700   18675 watch.go:31] Failed to load config from \"/Users/mac/clara-ai/clara-ai/dataconnect\": could not find dataconnect.yaml in `/Users/mac/clara-ai/clara-ai/dataconnect`\n"}}
[debug] [2025-12-02T09:34:40.412Z] E1202 10:34:40.411987   18675 watch.go:31] Failed to load config from "/Users/mac/clara-ai/clara-ai/dataconnect": could not find dataconnect.yaml in `/Users/mac/clara-ai/clara-ai/dataconnect`
 {"metadata":{"emulator":{"name":"dataconnect"},"message":"E1202 10:34:40.411987   18675 watch.go:31] Failed to load config from \"/Users/mac/clara-ai/clara-ai/dataconnect\": could not find dataconnect.yaml in `/Users/mac/clara-ai/clara-ai/dataconnect`\n"}}
[debug] [2025-12-02T09:34:50.412Z] E1202 10:34:50.412196   18675 watch.go:31] Failed to load config from "/Users/mac/clara-ai/clara-ai/dataconnect": could not find dataconnect.yaml in `/Users/mac/clara-ai/clara-ai/dataconnect`
 {"metadata":{"emulator":{"name":"dataconnect"},"message":"E1202 10:34:50.412196   18675 watch.go:31] Failed to load config from \"/Users/mac/clara-ai/clara-ai/dataconnect\": could not find dataconnect.yaml in `/Users/mac/clara-ai/clara-ai/dataconnect`\n"}}
[debug] [2025-12-02T09:35:00.411Z] E1202 10:35:00.411609   18675 watch.go:31] Failed to load config from "/Users/mac/clara-ai/clara-ai/dataconnect": could not find dataconnect.yaml in `/Users/mac/clara-ai/clara-ai/dataconnect`
 {"metadata":{"emulator":{"name":"dataconnect"},"message":"E1202 10:35:00.411609   18675 watch.go:31] Failed to load config from \"/Users/mac/clara-ai/clara-ai/dataconnect\": could not find dataconnect.yaml in `/Users/mac/clara-ai/clara-ai/dataconnect`\n"}}
[debug] [2025-12-02T09:35:10.412Z] E1202 10:35:10.412585   18675 watch.go:31] Failed to load config from "/Users/mac/clara-ai/clara-ai/dataconnect": could not find dataconnect.yaml in `/Users/mac/clara-ai/clara-ai/dataconnect`
 {"metadata":{"emulator":{"name":"dataconnect"},"message":"E1202 10:35:10.412585   18675 watch.go:31] Failed to load config from \"/Users/mac/clara-ai/clara-ai/dataconnect\": could not find dataconnect.yaml in `/Users/mac/clara-ai/clara-ai/dataconnect`\n"}}
[debug] [2025-12-02T09:35:20.413Z] E1202 10:35:20.412863   18675 watch.go:31] Failed to load config from "/Users/mac/clara-ai/clara-ai/dataconnect": could not find dataconnect.yaml in `/Users/mac/clara-ai/clara-ai/dataconnect`
 {"metadata":{"emulator":{"name":"dataconnect"},"message":"E1202 10:35:20.412863   18675 watch.go:31] Failed to load config from \"/Users/mac/clara-ai/clara-ai/dataconnect\": could not find dataconnect.yaml in `/Users/mac/clara-ai/clara-ai/dataconnect`\n"}}
[debug] [2025-12-02T09:35:30.412Z] E1202 10:35:30.412109   18675 watch.go:31] Failed to load config from "/Users/mac/clara-ai/clara-ai/dataconnect": could not find dataconnect.yaml in `/Users/mac/clara-ai/clara-ai/dataconnect`
 {"metadata":{"emulator":{"name":"dataconnect"},"message":"E1202 10:35:30.412109   18675 watch.go:31] Failed to load config from \"/Users/mac/clara-ai/clara-ai/dataconnect\": could not find dataconnect.yaml in `/Users/mac/clara-ai/clara-ai/dataconnect`\n"}}
[debug] [2025-12-02T09:35:40.414Z] E1202 10:35:40.414253   18675 watch.go:31] Failed to load config from "/Users/mac/clara-ai/clara-ai/dataconnect": could not find dataconnect.yaml in `/Users/mac/clara-ai/clara-ai/dataconnect`
 {"metadata":{"emulator":{"name":"dataconnect"},"message":"E1202 10:35:40.414253   18675 watch.go:31] Failed to load config from \"/Users/mac/clara-ai/clara-ai/dataconnect\": could not find dataconnect.yaml in `/Users/mac/clara-ai/clara-ai/dataconnect`\n"}}
[debug] [2025-12-02T09:35:50.412Z] E1202 10:35:50.412571   18675 watch.go:31] Failed to load config from "/Users/mac/clara-ai/clara-ai/dataconnect": could not find dataconnect.yaml in `/Users/mac/clara-ai/clara-ai/dataconnect`
 {"metadata":{"emulator":{"name":"dataconnect"},"message":"E1202 10:35:50.412571   18675 watch.go:31] Failed to load config from \"/Users/mac/clara-ai/clara-ai/dataconnect\": could not find dataconnect.yaml in `/Users/mac/clara-ai/clara-ai/dataconnect`\n"}}
[debug] [2025-12-02T09:35:50.414Z] E1202 10:35:50.412608   18675 watch.go:102] watchAllDir unable to walk dir `/Users/mac/clara-ai/clara-ai/dataconnect`: lstat /Users/mac/clara-ai/clara-ai/dataconnect: no such file or directory
 {"metadata":{"emulator":{"name":"dataconnect"},"message":"E1202 10:35:50.412608   18675 watch.go:102] watchAllDir unable to walk dir `/Users/mac/clara-ai/clara-ai/dataconnect`: lstat /Users/mac/clara-ai/clara-ai/dataconnect: no such file or directory\n"}}
[debug] [2025-12-02T09:36:00.413Z] E1202 10:36:00.413241   18675 watch.go:31] Failed to load config from "/Users/mac/clara-ai/clara-ai/dataconnect": could not find dataconnect.yaml in `/Users/mac/clara-ai/clara-ai/dataconnect`
 {"metadata":{"emulator":{"name":"dataconnect"},"message":"E1202 10:36:00.413241   18675 watch.go:31] Failed to load config from \"/Users/mac/clara-ai/clara-ai/dataconnect\": could not find dataconnect.yaml in `/Users/mac/clara-ai/clara-ai/dataconnect`\n"}}
[debug] [2025-12-02T09:36:10.413Z] E1202 10:36:10.413065   18675 watch.go:31] Failed to load config from "/Users/mac/clara-ai/clara-ai/dataconnect": could not find dataconnect.yaml in `/Users/mac/clara-ai/clara-ai/dataconnect`
 {"metadata":{"emulator":{"name":"dataconnect"},"message":"E1202 10:36:10.413065   18675 watch.go:31] Failed to load config from \"/Users/mac/clara-ai/clara-ai/dataconnect\": could not find dataconnect.yaml in `/Users/mac/clara-ai/clara-ai/dataconnect`\n"}}
[debug] [2025-12-02T09:36:20.425Z] E1202 10:36:20.425343   18675 watch.go:31] Failed to load config from "/Users/mac/clara-ai/clara-ai/dataconnect": could not find dataconnect.yaml in `/Users/mac/clara-ai/clara-ai/dataconnect`
 {"metadata":{"emulator":{"name":"dataconnect"},"message":"E1202 10:36:20.425343   18675 watch.go:31] Failed to load config from \"/Users/mac/clara-ai/clara-ai/dataconnect\": could not find dataconnect.yaml in `/Users/mac/clara-ai/clara-ai/dataconnect`\n"}}
[debug] [2025-12-02T09:36:30.541Z] E1202 10:36:30.414490   18675 watch.go:31] Failed to load config from "/Users/mac/clara-ai/clara-ai/dataconnect": could not find dataconnect.yaml in `/Users/mac/clara-ai/clara-ai/dataconnect`
 {"metadata":{"emulator":{"name":"dataconnect"},"message":"E1202 10:36:30.414490   18675 watch.go:31] Failed to load config from \"/Users/mac/clara-ai/clara-ai/dataconnect\": could not find dataconnect.yaml in `/Users/mac/clara-ai/clara-ai/dataconnect`\n"}}
[debug] [2025-12-02T09:36:40.417Z] E1202 10:36:40.417290   18675 watch.go:31] Failed to load config from "/Users/mac/clara-ai/clara-ai/dataconnect": could not find dataconnect.yaml in `/Users/mac/clara-ai/clara-ai/dataconnect`
 {"metadata":{"emulator":{"name":"dataconnect"},"message":"E1202 10:36:40.417290   18675 watch.go:31] Failed to load config from \"/Users/mac/clara-ai/clara-ai/dataconnect\": could not find dataconnect.yaml in `/Users/mac/clara-ai/clara-ai/dataconnect`\n"}}
[debug] [2025-12-02T09:36:50.418Z] E1202 10:36:50.418511   18675 watch.go:31] Failed to load config from "/Users/mac/clara-ai/clara-ai/dataconnect": could not find dataconnect.yaml in `/Users/mac/clara-ai/clara-ai/dataconnect`
 {"metadata":{"emulator":{"name":"dataconnect"},"message":"E1202 10:36:50.418511   18675 watch.go:31] Failed to load config from \"/Users/mac/clara-ai/clara-ai/dataconnect\": could not find dataconnect.yaml in `/Users/mac/clara-ai/clara-ai/dataconnect`\n"}}
[debug] [2025-12-02T09:37:00.421Z] E1202 10:37:00.421138   18675 watch.go:31] Failed to load config from "/Users/mac/clara-ai/clara-ai/dataconnect": could not find dataconnect.yaml in `/Users/mac/clara-ai/clara-ai/dataconnect`
 {"metadata":{"emulator":{"name":"dataconnect"},"message":"E1202 10:37:00.421138   18675 watch.go:31] Failed to load config from \"/Users/mac/clara-ai/clara-ai/dataconnect\": could not find dataconnect.yaml in `/Users/mac/clara-ai/clara-ai/dataconnect`\n"}}
[debug] [2025-12-02T09:37:10.475Z] E1202 10:37:10.475275   18675 watch.go:31] Failed to load config from "/Users/mac/clara-ai/clara-ai/dataconnect": could not find dataconnect.yaml in `/Users/mac/clara-ai/clara-ai/dataconnect`
 {"metadata":{"emulator":{"name":"dataconnect"},"message":"E1202 10:37:10.475275   18675 watch.go:31] Failed to load config from \"/Users/mac/clara-ai/clara-ai/dataconnect\": could not find dataconnect.yaml in `/Users/mac/clara-ai/clara-ai/dataconnect`\n"}}
[debug] [2025-12-02T09:37:20.421Z] E1202 10:37:20.421085   18675 watch.go:31] Failed to load config from "/Users/mac/clara-ai/clara-ai/dataconnect": could not find dataconnect.yaml in `/Users/mac/clara-ai/clara-ai/dataconnect`
 {"metadata":{"emulator":{"name":"dataconnect"},"message":"E1202 10:37:20.421085   18675 watch.go:31] Failed to load config from \"/Users/mac/clara-ai/clara-ai/dataconnect\": could not find dataconnect.yaml in `/Users/mac/clara-ai/clara-ai/dataconnect`\n"}}
[debug] [2025-12-02T09:37:30.422Z] E1202 10:37:30.420106   18675 watch.go:31] Failed to load config from "/Users/mac/clara-ai/clara-ai/dataconnect": could not find dataconnect.yaml in `/Users/mac/clara-ai/clara-ai/dataconnect`
 {"metadata":{"emulator":{"name":"dataconnect"},"message":"E1202 10:37:30.420106   18675 watch.go:31] Failed to load config from \"/Users/mac/clara-ai/clara-ai/dataconnect\": could not find dataconnect.yaml in `/Users/mac/clara-ai/clara-ai/dataconnect`\n"}}
[debug] [2025-12-02T09:37:40.416Z] E1202 10:37:40.415888   18675 watch.go:31] Failed to load config from "/Users/mac/clara-ai/clara-ai/dataconnect": could not find dataconnect.yaml in `/Users/mac/clara-ai/clara-ai/dataconnect`
 {"metadata":{"emulator":{"name":"dataconnect"},"message":"E1202 10:37:40.415888   18675 watch.go:31] Failed to load config from \"/Users/mac/clara-ai/clara-ai/dataconnect\": could not find dataconnect.yaml in `/Users/mac/clara-ai/clara-ai/dataconnect`\n"}}
[debug] [2025-12-02T09:37:50.416Z] E1202 10:37:50.415756   18675 watch.go:31] Failed to load config from "/Users/mac/clara-ai/clara-ai/dataconnect": could not find dataconnect.yaml in `/Users/mac/clara-ai/clara-ai/dataconnect`
E1202 10:37:50.415856   18675 watch.go:102] watchAllDir unable to walk dir `/Users/mac/clara-ai/clara-ai/dataconnect`: lstat /Users/mac/clara-ai/clara-ai/dataconnect: no such file or directory
 {"metadata":{"emulator":{"name":"dataconnect"},"message":"E1202 10:37:50.415756   18675 watch.go:31] Failed to load config from \"/Users/mac/clara-ai/clara-ai/dataconnect\": could not find dataconnect.yaml in `/Users/mac/clara-ai/clara-ai/dataconnect`\nE1202 10:37:50.415856   18675 watch.go:102] watchAllDir unable to walk dir `/Users/mac/clara-ai/clara-ai/dataconnect`: lstat /Users/mac/clara-ai/clara-ai/dataconnect: no such file or directory\n"}}
[debug] [2025-12-02T09:38:00.430Z] E1202 10:38:00.430157   18675 watch.go:31] Failed to load config from "/Users/mac/clara-ai/clara-ai/dataconnect": could not find dataconnect.yaml in `/Users/mac/clara-ai/clara-ai/dataconnect`
 {"metadata":{"emulator":{"name":"dataconnect"},"message":"E1202 10:38:00.430157   18675 watch.go:31] Failed to load config from \"/Users/mac/clara-ai/clara-ai/dataconnect\": could not find dataconnect.yaml in `/Users/mac/clara-ai/clara-ai/dataconnect`\n"}}
[debug] [2025-12-02T09:38:10.464Z] E1202 10:38:10.463915   18675 watch.go:31] Failed to load config from "/Users/mac/clara-ai/clara-ai/dataconnect": could not find dataconnect.yaml in `/Users/mac/clara-ai/clara-ai/dataconnect`
 {"metadata":{"emulator":{"name":"dataconnect"},"message":"E1202 10:38:10.463915   18675 watch.go:31] Failed to load config from \"/Users/mac/clara-ai/clara-ai/dataconnect\": could not find dataconnect.yaml in `/Users/mac/clara-ai/clara-ai/dataconnect`\n"}}
[debug] [2025-12-02T09:38:20.417Z] E1202 10:38:20.416850   18675 watch.go:31] Failed to load config from "/Users/mac/clara-ai/clara-ai/dataconnect": could not find dataconnect.yaml in `/Users/mac/clara-ai/clara-ai/dataconnect`
 {"metadata":{"emulator":{"name":"dataconnect"},"message":"E1202 10:38:20.416850   18675 watch.go:31] Failed to load config from \"/Users/mac/clara-ai/clara-ai/dataconnect\": could not find dataconnect.yaml in `/Users/mac/clara-ai/clara-ai/dataconnect`\n"}}
[debug] [2025-12-02T09:38:30.416Z] E1202 10:38:30.416490   18675 watch.go:31] Failed to load config from "/Users/mac/clara-ai/clara-ai/dataconnect": could not find dataconnect.yaml in `/Users/mac/clara-ai/clara-ai/dataconnect`
 {"metadata":{"emulator":{"name":"dataconnect"},"message":"E1202 10:38:30.416490   18675 watch.go:31] Failed to load config from \"/Users/mac/clara-ai/clara-ai/dataconnect\": could not find dataconnect.yaml in `/Users/mac/clara-ai/clara-ai/dataconnect`\n"}}
[debug] [2025-12-02T09:38:40.417Z] E1202 10:38:40.417405   18675 watch.go:31] Failed to load config from "/Users/mac/clara-ai/clara-ai/dataconnect": could not find dataconnect.yaml in `/Users/mac/clara-ai/clara-ai/dataconnect`
 {"metadata":{"emulator":{"name":"dataconnect"},"message":"E1202 10:38:40.417405   18675 watch.go:31] Failed to load config from \"/Users/mac/clara-ai/clara-ai/dataconnect\": could not find dataconnect.yaml in `/Users/mac/clara-ai/clara-ai/dataconnect`\n"}}
[debug] [2025-12-02T09:38:50.421Z] E1202 10:38:50.417714   18675 watch.go:31] Failed to load config from "/Users/mac/clara-ai/clara-ai/dataconnect": could not find dataconnect.yaml in `/Users/mac/clara-ai/clara-ai/dataconnect`
 {"metadata":{"emulator":{"name":"dataconnect"},"message":"E1202 10:38:50.417714   18675 watch.go:31] Failed to load config from \"/Users/mac/clara-ai/clara-ai/dataconnect\": could not find dataconnect.yaml in `/Users/mac/clara-ai/clara-ai/dataconnect`\n"}}
[debug] [2025-12-02T09:39:00.417Z] E1202 10:39:00.416827   18675 watch.go:31] Failed to load config from "/Users/mac/clara-ai/clara-ai/dataconnect": could not find dataconnect.yaml in `/Users/mac/clara-ai/clara-ai/dataconnect`
 {"metadata":{"emulator":{"name":"dataconnect"},"message":"E1202 10:39:00.416827   18675 watch.go:31] Failed to load config from \"/Users/mac/clara-ai/clara-ai/dataconnect\": could not find dataconnect.yaml in `/Users/mac/clara-ai/clara-ai/dataconnect`\n"}}
[debug] [2025-12-02T09:39:10.423Z] E1202 10:39:10.422867   18675 watch.go:31] Failed to load config from "/Users/mac/clara-ai/clara-ai/dataconnect": could not find dataconnect.yaml in `/Users/mac/clara-ai/clara-ai/dataconnect`
 {"metadata":{"emulator":{"name":"dataconnect"},"message":"E1202 10:39:10.422867   18675 watch.go:31] Failed to load config from \"/Users/mac/clara-ai/clara-ai/dataconnect\": could not find dataconnect.yaml in `/Users/mac/clara-ai/clara-ai/dataconnect`\n"}}
[debug] [2025-12-02T09:39:20.418Z] E1202 10:39:20.418370   18675 watch.go:31] Failed to load config from "/Users/mac/clara-ai/clara-ai/dataconnect": could not find dataconnect.yaml in `/Users/mac/clara-ai/clara-ai/dataconnect`
 {"metadata":{"emulator":{"name":"dataconnect"},"message":"E1202 10:39:20.418370   18675 watch.go:31] Failed to load config from \"/Users/mac/clara-ai/clara-ai/dataconnect\": could not find dataconnect.yaml in `/Users/mac/clara-ai/clara-ai/dataconnect`\n"}}
[debug] [2025-12-02T09:39:30.421Z] E1202 10:39:30.420955   18675 watch.go:31] Failed to load config from "/Users/mac/clara-ai/clara-ai/dataconnect": could not find dataconnect.yaml in `/Users/mac/clara-ai/clara-ai/dataconnect`
 {"metadata":{"emulator":{"name":"dataconnect"},"message":"E1202 10:39:30.420955   18675 watch.go:31] Failed to load config from \"/Users/mac/clara-ai/clara-ai/dataconnect\": could not find dataconnect.yaml in `/Users/mac/clara-ai/clara-ai/dataconnect`\n"}}
[debug] [2025-12-02T09:39:40.439Z] E1202 10:39:40.438068   18675 watch.go:31] Failed to load config from "/Users/mac/clara-ai/clara-ai/dataconnect": could not find dataconnect.yaml in `/Users/mac/clara-ai/clara-ai/dataconnect`
 {"metadata":{"emulator":{"name":"dataconnect"},"message":"E1202 10:39:40.438068   18675 watch.go:31] Failed to load config from \"/Users/mac/clara-ai/clara-ai/dataconnect\": could not find dataconnect.yaml in `/Users/mac/clara-ai/clara-ai/dataconnect`\n"}}
[debug] [2025-12-02T09:39:50.419Z] E1202 10:39:50.419454   18675 watch.go:31] Failed to load config from "/Users/mac/clara-ai/clara-ai/dataconnect": could not find dataconnect.yaml in `/Users/mac/clara-ai/clara-ai/dataconnect`
E1202 10:39:50.419489   18675 watch.go:102] watchAllDir unable to walk dir `/Users/mac/clara-ai/clara-ai/dataconnect`: lstat /Users/mac/clara-ai/clara-ai/dataconnect: no such file or directory
 {"metadata":{"emulator":{"name":"dataconnect"},"message":"E1202 10:39:50.419454   18675 watch.go:31] Failed to load config from \"/Users/mac/clara-ai/clara-ai/dataconnect\": could not find dataconnect.yaml in `/Users/mac/clara-ai/clara-ai/dataconnect`\nE1202 10:39:50.419489   18675 watch.go:102] watchAllDir unable to walk dir `/Users/mac/clara-ai/clara-ai/dataconnect`: lstat /Users/mac/clara-ai/clara-ai/dataconnect: no such file or directory\n"}}
[debug] [2025-12-02T09:40:00.418Z] E1202 10:40:00.418712   18675 watch.go:31] Failed to load config from "/Users/mac/clara-ai/clara-ai/dataconnect": could not find dataconnect.yaml in `/Users/mac/clara-ai/clara-ai/dataconnect`
 {"metadata":{"emulator":{"name":"dataconnect"},"message":"E1202 10:40:00.418712   18675 watch.go:31] Failed to load config from \"/Users/mac/clara-ai/clara-ai/dataconnect\": could not find dataconnect.yaml in `/Users/mac/clara-ai/clara-ai/dataconnect`\n"}}
[debug] [2025-12-02T09:40:10.419Z] E1202 10:40:10.418817   18675 watch.go:31] Failed to load config from "/Users/mac/clara-ai/clara-ai/dataconnect": could not find dataconnect.yaml in `/Users/mac/clara-ai/clara-ai/dataconnect`
 {"metadata":{"emulator":{"name":"dataconnect"},"message":"E1202 10:40:10.418817   18675 watch.go:31] Failed to load config from \"/Users/mac/clara-ai/clara-ai/dataconnect\": could not find dataconnect.yaml in `/Users/mac/clara-ai/clara-ai/dataconnect`\n"}}
[debug] [2025-12-02T09:40:20.419Z] E1202 10:40:20.419422   18675 watch.go:31] Failed to load config from "/Users/mac/clara-ai/clara-ai/dataconnect": could not find dataconnect.yaml in `/Users/mac/clara-ai/clara-ai/dataconnect`
 {"metadata":{"emulator":{"name":"dataconnect"},"message":"E1202 10:40:20.419422   18675 watch.go:31] Failed to load config from \"/Users/mac/clara-ai/clara-ai/dataconnect\": could not find dataconnect.yaml in `/Users/mac/clara-ai/clara-ai/dataconnect`\n"}}
[debug] [2025-12-02T09:40:30.420Z] E1202 10:40:30.419899   18675 watch.go:31] Failed to load config from "/Users/mac/clara-ai/clara-ai/dataconnect": could not find dataconnect.yaml in `/Users/mac/clara-ai/clara-ai/dataconnect`
 {"metadata":{"emulator":{"name":"dataconnect"},"message":"E1202 10:40:30.419899   18675 watch.go:31] Failed to load config from \"/Users/mac/clara-ai/clara-ai/dataconnect\": could not find dataconnect.yaml in `/Users/mac/clara-ai/clara-ai/dataconnect`\n"}}
[debug] [2025-12-02T09:40:40.425Z] E1202 10:40:40.424979   18675 watch.go:31] Failed to load config from "/Users/mac/clara-ai/clara-ai/dataconnect": could not find dataconnect.yaml in `/Users/mac/clara-ai/clara-ai/dataconnect`
 {"metadata":{"emulator":{"name":"dataconnect"},"message":"E1202 10:40:40.424979   18675 watch.go:31] Failed to load config from \"/Users/mac/clara-ai/clara-ai/dataconnect\": could not find dataconnect.yaml in `/Users/mac/clara-ai/clara-ai/dataconnect`\n"}}
[debug] [2025-12-02T09:40:50.420Z] E1202 10:40:50.420192   18675 watch.go:31] Failed to load config from "/Users/mac/clara-ai/clara-ai/dataconnect": could not find dataconnect.yaml in `/Users/mac/clara-ai/clara-ai/dataconnect`
 {"metadata":{"emulator":{"name":"dataconnect"},"message":"E1202 10:40:50.420192   18675 watch.go:31] Failed to load config from \"/Users/mac/clara-ai/clara-ai/dataconnect\": could not find dataconnect.yaml in `/Users/mac/clara-ai/clara-ai/dataconnect`\n"}}
[debug] [2025-12-02T09:41:00.421Z] E1202 10:41:00.421023   18675 watch.go:31] Failed to load config from "/Users/mac/clara-ai/clara-ai/dataconnect": could not find dataconnect.yaml in `/Users/mac/clara-ai/clara-ai/dataconnect`
 {"metadata":{"emulator":{"name":"dataconnect"},"message":"E1202 10:41:00.421023   18675 watch.go:31] Failed to load config from \"/Users/mac/clara-ai/clara-ai/dataconnect\": could not find dataconnect.yaml in `/Users/mac/clara-ai/clara-ai/dataconnect`\n"}}
[debug] [2025-12-02T09:41:10.422Z] E1202 10:41:10.422006   18675 watch.go:31] Failed to load config from "/Users/mac/clara-ai/clara-ai/dataconnect": could not find dataconnect.yaml in `/Users/mac/clara-ai/clara-ai/dataconnect`
 {"metadata":{"emulator":{"name":"dataconnect"},"message":"E1202 10:41:10.422006   18675 watch.go:31] Failed to load config from \"/Users/mac/clara-ai/clara-ai/dataconnect\": could not find dataconnect.yaml in `/Users/mac/clara-ai/clara-ai/dataconnect`\n"}}
[debug] [2025-12-02T09:41:20.423Z] E1202 10:41:20.423496   18675 watch.go:31] Failed to load config from "/Users/mac/clara-ai/clara-ai/dataconnect": could not find dataconnect.yaml in `/Users/mac/clara-ai/clara-ai/dataconnect`
 {"metadata":{"emulator":{"name":"dataconnect"},"message":"E1202 10:41:20.423496   18675 watch.go:31] Failed to load config from \"/Users/mac/clara-ai/clara-ai/dataconnect\": could not find dataconnect.yaml in `/Users/mac/clara-ai/clara-ai/dataconnect`\n"}}
[debug] [2025-12-02T09:41:30.423Z] E1202 10:41:30.423539   18675 watch.go:31] Failed to load config from "/Users/mac/clara-ai/clara-ai/dataconnect": could not find dataconnect.yaml in `/Users/mac/clara-ai/clara-ai/dataconnect`
 {"metadata":{"emulator":{"name":"dataconnect"},"message":"E1202 10:41:30.423539   18675 watch.go:31] Failed to load config from \"/Users/mac/clara-ai/clara-ai/dataconnect\": could not find dataconnect.yaml in `/Users/mac/clara-ai/clara-ai/dataconnect`\n"}}
[debug] [2025-12-02T09:41:40.422Z] E1202 10:41:40.421276   18675 watch.go:31] Failed to load config from "/Users/mac/clara-ai/clara-ai/dataconnect": could not find dataconnect.yaml in `/Users/mac/clara-ai/clara-ai/dataconnect`
 {"metadata":{"emulator":{"name":"dataconnect"},"message":"E1202 10:41:40.421276   18675 watch.go:31] Failed to load config from \"/Users/mac/clara-ai/clara-ai/dataconnect\": could not find dataconnect.yaml in `/Users/mac/clara-ai/clara-ai/dataconnect`\n"}}
[debug] [2025-12-02T09:41:50.424Z] E1202 10:41:50.422109   18675 watch.go:31] Failed to load config from "/Users/mac/clara-ai/clara-ai/dataconnect": could not find dataconnect.yaml in `/Users/mac/clara-ai/clara-ai/dataconnect`
 {"metadata":{"emulator":{"name":"dataconnect"},"message":"E1202 10:41:50.422109   18675 watch.go:31] Failed to load config from \"/Users/mac/clara-ai/clara-ai/dataconnect\": could not find dataconnect.yaml in `/Users/mac/clara-ai/clara-ai/dataconnect`\n"}}
[debug] [2025-12-02T09:41:50.427Z] E1202 10:41:50.422149   18675 watch.go:102] watchAllDir unable to walk dir `/Users/mac/clara-ai/clara-ai/dataconnect`: lstat /Users/mac/clara-ai/clara-ai/dataconnect: no such file or directory
 {"metadata":{"emulator":{"name":"dataconnect"},"message":"E1202 10:41:50.422149   18675 watch.go:102] watchAllDir unable to walk dir `/Users/mac/clara-ai/clara-ai/dataconnect`: lstat /Users/mac/clara-ai/clara-ai/dataconnect: no such file or directory\n"}}
[debug] [2025-12-02T09:42:00.422Z] E1202 10:42:00.421955   18675 watch.go:31] Failed to load config from "/Users/mac/clara-ai/clara-ai/dataconnect": could not find dataconnect.yaml in `/Users/mac/clara-ai/clara-ai/dataconnect`
 {"metadata":{"emulator":{"name":"dataconnect"},"message":"E1202 10:42:00.421955   18675 watch.go:31] Failed to load config from \"/Users/mac/clara-ai/clara-ai/dataconnect\": could not find dataconnect.yaml in `/Users/mac/clara-ai/clara-ai/dataconnect`\n"}}
[debug] [2025-12-02T09:42:10.422Z] E1202 10:42:10.422141   18675 watch.go:31] Failed to load config from "/Users/mac/clara-ai/clara-ai/dataconnect": could not find dataconnect.yaml in `/Users/mac/clara-ai/clara-ai/dataconnect`
 {"metadata":{"emulator":{"name":"dataconnect"},"message":"E1202 10:42:10.422141   18675 watch.go:31] Failed to load config from \"/Users/mac/clara-ai/clara-ai/dataconnect\": could not find dataconnect.yaml in `/Users/mac/clara-ai/clara-ai/dataconnect`\n"}}
[debug] [2025-12-02T09:42:20.424Z] E1202 10:42:20.424030   18675 watch.go:31] Failed to load config from "/Users/mac/clara-ai/clara-ai/dataconnect": could not find dataconnect.yaml in `/Users/mac/clara-ai/clara-ai/dataconnect`
 {"metadata":{"emulator":{"name":"dataconnect"},"message":"E1202 10:42:20.424030   18675 watch.go:31] Failed to load config from \"/Users/mac/clara-ai/clara-ai/dataconnect\": could not find dataconnect.yaml in `/Users/mac/clara-ai/clara-ai/dataconnect`\n"}}
[debug] [2025-12-02T09:42:30.422Z] E1202 10:42:30.421916   18675 watch.go:31] Failed to load config from "/Users/mac/clara-ai/clara-ai/dataconnect": could not find dataconnect.yaml in `/Users/mac/clara-ai/clara-ai/dataconnect`
 {"metadata":{"emulator":{"name":"dataconnect"},"message":"E1202 10:42:30.421916   18675 watch.go:31] Failed to load config from \"/Users/mac/clara-ai/clara-ai/dataconnect\": could not find dataconnect.yaml in `/Users/mac/clara-ai/clara-ai/dataconnect`\n"}}
[debug] [2025-12-02T09:42:40.423Z] E1202 10:42:40.422911   18675 watch.go:31] Failed to load config from "/Users/mac/clara-ai/clara-ai/dataconnect": could not find dataconnect.yaml in `/Users/mac/clara-ai/clara-ai/dataconnect`
 {"metadata":{"emulator":{"name":"dataconnect"},"message":"E1202 10:42:40.422911   18675 watch.go:31] Failed to load config from \"/Users/mac/clara-ai/clara-ai/dataconnect\": could not find dataconnect.yaml in `/Users/mac/clara-ai/clara-ai/dataconnect`\n"}}
[debug] [2025-12-02T09:42:50.423Z] E1202 10:42:50.423089   18675 watch.go:31] Failed to load config from "/Users/mac/clara-ai/clara-ai/dataconnect": could not find dataconnect.yaml in `/Users/mac/clara-ai/clara-ai/dataconnect`
 {"metadata":{"emulator":{"name":"dataconnect"},"message":"E1202 10:42:50.423089   18675 watch.go:31] Failed to load config from \"/Users/mac/clara-ai/clara-ai/dataconnect\": could not find dataconnect.yaml in `/Users/mac/clara-ai/clara-ai/dataconnect`\n"}}
[debug] [2025-12-02T09:43:00.422Z] E1202 10:43:00.422421   18675 watch.go:31] Failed to load config from "/Users/mac/clara-ai/clara-ai/dataconnect": could not find dataconnect.yaml in `/Users/mac/clara-ai/clara-ai/dataconnect`
 {"metadata":{"emulator":{"name":"dataconnect"},"message":"E1202 10:43:00.422421   18675 watch.go:31] Failed to load config from \"/Users/mac/clara-ai/clara-ai/dataconnect\": could not find dataconnect.yaml in `/Users/mac/clara-ai/clara-ai/dataconnect`\n"}}
[debug] [2025-12-02T09:43:10.423Z] E1202 10:43:10.423548   18675 watch.go:31] Failed to load config from "/Users/mac/clara-ai/clara-ai/dataconnect": could not find dataconnect.yaml in `/Users/mac/clara-ai/clara-ai/dataconnect`
 {"metadata":{"emulator":{"name":"dataconnect"},"message":"E1202 10:43:10.423548   18675 watch.go:31] Failed to load config from \"/Users/mac/clara-ai/clara-ai/dataconnect\": could not find dataconnect.yaml in `/Users/mac/clara-ai/clara-ai/dataconnect`\n"}}
[debug] [2025-12-02T09:43:20.443Z] E1202 10:43:20.438430   18675 watch.go:31] Failed to load config from "/Users/mac/clara-ai/clara-ai/dataconnect": could not find dataconnect.yaml in `/Users/mac/clara-ai/clara-ai/dataconnect`
 {"metadata":{"emulator":{"name":"dataconnect"},"message":"E1202 10:43:20.438430   18675 watch.go:31] Failed to load config from \"/Users/mac/clara-ai/clara-ai/dataconnect\": could not find dataconnect.yaml in `/Users/mac/clara-ai/clara-ai/dataconnect`\n"}}
[debug] [2025-12-02T09:43:30.435Z] E1202 10:43:30.434817   18675 watch.go:31] Failed to load config from "/Users/mac/clara-ai/clara-ai/dataconnect": could not find dataconnect.yaml in `/Users/mac/clara-ai/clara-ai/dataconnect`
 {"metadata":{"emulator":{"name":"dataconnect"},"message":"E1202 10:43:30.434817   18675 watch.go:31] Failed to load config from \"/Users/mac/clara-ai/clara-ai/dataconnect\": could not find dataconnect.yaml in `/Users/mac/clara-ai/clara-ai/dataconnect`\n"}}
[debug] [2025-12-02T09:43:40.423Z] E1202 10:43:40.423230   18675 watch.go:31] Failed to load config from "/Users/mac/clara-ai/clara-ai/dataconnect": could not find dataconnect.yaml in `/Users/mac/clara-ai/clara-ai/dataconnect`
 {"metadata":{"emulator":{"name":"dataconnect"},"message":"E1202 10:43:40.423230   18675 watch.go:31] Failed to load config from \"/Users/mac/clara-ai/clara-ai/dataconnect\": could not find dataconnect.yaml in `/Users/mac/clara-ai/clara-ai/dataconnect`\n"}}
[debug] [2025-12-02T09:43:50.424Z] E1202 10:43:50.423548   18675 watch.go:31] Failed to load config from "/Users/mac/clara-ai/clara-ai/dataconnect": could not find dataconnect.yaml in `/Users/mac/clara-ai/clara-ai/dataconnect`
E1202 10:43:50.424511   18675 watch.go:102] watchAllDir unable to walk dir `/Users/mac/clara-ai/clara-ai/dataconnect`: lstat /Users/mac/clara-ai/clara-ai/dataconnect: no such file or directory
 {"metadata":{"emulator":{"name":"dataconnect"},"message":"E1202 10:43:50.423548   18675 watch.go:31] Failed to load config from \"/Users/mac/clara-ai/clara-ai/dataconnect\": could not find dataconnect.yaml in `/Users/mac/clara-ai/clara-ai/dataconnect`\nE1202 10:43:50.424511   18675 watch.go:102] watchAllDir unable to walk dir `/Users/mac/clara-ai/clara-ai/dataconnect`: lstat /Users/mac/clara-ai/clara-ai/dataconnect: no such file or directory\n"}}
[debug] [2025-12-02T09:44:00.426Z] E1202 10:44:00.425984   18675 watch.go:31] Failed to load config from "/Users/mac/clara-ai/clara-ai/dataconnect": could not find dataconnect.yaml in `/Users/mac/clara-ai/clara-ai/dataconnect`
 {"metadata":{"emulator":{"name":"dataconnect"},"message":"E1202 10:44:00.425984   18675 watch.go:31] Failed to load config from \"/Users/mac/clara-ai/clara-ai/dataconnect\": could not find dataconnect.yaml in `/Users/mac/clara-ai/clara-ai/dataconnect`\n"}}
[debug] [2025-12-02T09:44:10.425Z] E1202 10:44:10.425402   18675 watch.go:31] Failed to load config from "/Users/mac/clara-ai/clara-ai/dataconnect": could not find dataconnect.yaml in `/Users/mac/clara-ai/clara-ai/dataconnect`
 {"metadata":{"emulator":{"name":"dataconnect"},"message":"E1202 10:44:10.425402   18675 watch.go:31] Failed to load config from \"/Users/mac/clara-ai/clara-ai/dataconnect\": could not find dataconnect.yaml in `/Users/mac/clara-ai/clara-ai/dataconnect`\n"}}
[debug] [2025-12-02T09:44:20.424Z] E1202 10:44:20.424705   18675 watch.go:31] Failed to load config from "/Users/mac/clara-ai/clara-ai/dataconnect": could not find dataconnect.yaml in `/Users/mac/clara-ai/clara-ai/dataconnect`
 {"metadata":{"emulator":{"name":"dataconnect"},"message":"E1202 10:44:20.424705   18675 watch.go:31] Failed to load config from \"/Users/mac/clara-ai/clara-ai/dataconnect\": could not find dataconnect.yaml in `/Users/mac/clara-ai/clara-ai/dataconnect`\n"}}
[debug] [2025-12-02T09:44:30.429Z] E1202 10:44:30.428997   18675 watch.go:31] Failed to load config from "/Users/mac/clara-ai/clara-ai/dataconnect": could not find dataconnect.yaml in `/Users/mac/clara-ai/clara-ai/dataconnect`
 {"metadata":{"emulator":{"name":"dataconnect"},"message":"E1202 10:44:30.428997   18675 watch.go:31] Failed to load config from \"/Users/mac/clara-ai/clara-ai/dataconnect\": could not find dataconnect.yaml in `/Users/mac/clara-ai/clara-ai/dataconnect`\n"}}
[debug] [2025-12-02T09:44:40.469Z] E1202 10:44:40.452306   18675 watch.go:31] Failed to load config from "/Users/mac/clara-ai/clara-ai/dataconnect": could not find dataconnect.yaml in `/Users/mac/clara-ai/clara-ai/dataconnect`
 {"metadata":{"emulator":{"name":"dataconnect"},"message":"E1202 10:44:40.452306   18675 watch.go:31] Failed to load config from \"/Users/mac/clara-ai/clara-ai/dataconnect\": could not find dataconnect.yaml in `/Users/mac/clara-ai/clara-ai/dataconnect`\n"}}
[debug] [2025-12-02T09:44:50.425Z] E1202 10:44:50.425319   18675 watch.go:31] Failed to load config from "/Users/mac/clara-ai/clara-ai/dataconnect": could not find dataconnect.yaml in `/Users/mac/clara-ai/clara-ai/dataconnect`
 {"metadata":{"emulator":{"name":"dataconnect"},"message":"E1202 10:44:50.425319   18675 watch.go:31] Failed to load config from \"/Users/mac/clara-ai/clara-ai/dataconnect\": could not find dataconnect.yaml in `/Users/mac/clara-ai/clara-ai/dataconnect`\n"}}
[debug] [2025-12-02T09:45:00.428Z] E1202 10:45:00.427874   18675 watch.go:31] Failed to load config from "/Users/mac/clara-ai/clara-ai/dataconnect": could not find dataconnect.yaml in `/Users/mac/clara-ai/clara-ai/dataconnect`
 {"metadata":{"emulator":{"name":"dataconnect"},"message":"E1202 10:45:00.427874   18675 watch.go:31] Failed to load config from \"/Users/mac/clara-ai/clara-ai/dataconnect\": could not find dataconnect.yaml in `/Users/mac/clara-ai/clara-ai/dataconnect`\n"}}
[debug] [2025-12-02T09:45:10.429Z] E1202 10:45:10.428569   18675 watch.go:31] Failed to load config from "/Users/mac/clara-ai/clara-ai/dataconnect": could not find dataconnect.yaml in `/Users/mac/clara-ai/clara-ai/dataconnect`
 {"metadata":{"emulator":{"name":"dataconnect"},"message":"E1202 10:45:10.428569   18675 watch.go:31] Failed to load config from \"/Users/mac/clara-ai/clara-ai/dataconnect\": could not find dataconnect.yaml in `/Users/mac/clara-ai/clara-ai/dataconnect`\n"}}
[debug] [2025-12-02T09:45:20.431Z] E1202 10:45:20.430790   18675 watch.go:31] Failed to load config from "/Users/mac/clara-ai/clara-ai/dataconnect": could not find dataconnect.yaml in `/Users/mac/clara-ai/clara-ai/dataconnect`
 {"metadata":{"emulator":{"name":"dataconnect"},"message":"E1202 10:45:20.430790   18675 watch.go:31] Failed to load config from \"/Users/mac/clara-ai/clara-ai/dataconnect\": could not find dataconnect.yaml in `/Users/mac/clara-ai/clara-ai/dataconnect`\n"}}
[debug] [2025-12-02T09:45:30.432Z] E1202 10:45:30.431354   18675 watch.go:31] Failed to load config from "/Users/mac/clara-ai/clara-ai/dataconnect": could not find dataconnect.yaml in `/Users/mac/clara-ai/clara-ai/dataconnect`
 {"metadata":{"emulator":{"name":"dataconnect"},"message":"E1202 10:45:30.431354   18675 watch.go:31] Failed to load config from \"/Users/mac/clara-ai/clara-ai/dataconnect\": could not find dataconnect.yaml in `/Users/mac/clara-ai/clara-ai/dataconnect`\n"}}
[debug] [2025-12-02T09:45:40.428Z] E1202 10:45:40.427196   18675 watch.go:31] Failed to load config from "/Users/mac/clara-ai/clara-ai/dataconnect": could not find dataconnect.yaml in `/Users/mac/clara-ai/clara-ai/dataconnect`
 {"metadata":{"emulator":{"name":"dataconnect"},"message":"E1202 10:45:40.427196   18675 watch.go:31] Failed to load config from \"/Users/mac/clara-ai/clara-ai/dataconnect\": could not find dataconnect.yaml in `/Users/mac/clara-ai/clara-ai/dataconnect`\n"}}
[debug] [2025-12-02T09:45:50.454Z] E1202 10:45:50.442922   18675 watch.go:31] Failed to load config from "/Users/mac/clara-ai/clara-ai/dataconnect": could not find dataconnect.yaml in `/Users/mac/clara-ai/clara-ai/dataconnect`
E1202 10:45:50.442964   18675 watch.go:102] watchAllDir unable to walk dir `/Users/mac/clara-ai/clara-ai/dataconnect`: lstat /Users/mac/clara-ai/clara-ai/dataconnect: no such file or directory
 {"metadata":{"emulator":{"name":"dataconnect"},"message":"E1202 10:45:50.442922   18675 watch.go:31] Failed to load config from \"/Users/mac/clara-ai/clara-ai/dataconnect\": could not find dataconnect.yaml in `/Users/mac/clara-ai/clara-ai/dataconnect`\nE1202 10:45:50.442964   18675 watch.go:102] watchAllDir unable to walk dir `/Users/mac/clara-ai/clara-ai/dataconnect`: lstat /Users/mac/clara-ai/clara-ai/dataconnect: no such file or directory\n"}}
[debug] [2025-12-02T09:46:00.439Z] E1202 10:46:00.437498   18675 watch.go:31] Failed to load config from "/Users/mac/clara-ai/clara-ai/dataconnect": could not find dataconnect.yaml in `/Users/mac/clara-ai/clara-ai/dataconnect`
 {"metadata":{"emulator":{"name":"dataconnect"},"message":"E1202 10:46:00.437498   18675 watch.go:31] Failed to load config from \"/Users/mac/clara-ai/clara-ai/dataconnect\": could not find dataconnect.yaml in `/Users/mac/clara-ai/clara-ai/dataconnect`\n"}}
[debug] [2025-12-02T09:46:10.428Z] E1202 10:46:10.427819   18675 watch.go:31] Failed to load config from "/Users/mac/clara-ai/clara-ai/dataconnect": could not find dataconnect.yaml in `/Users/mac/clara-ai/clara-ai/dataconnect`
 {"metadata":{"emulator":{"name":"dataconnect"},"message":"E1202 10:46:10.427819   18675 watch.go:31] Failed to load config from \"/Users/mac/clara-ai/clara-ai/dataconnect\": could not find dataconnect.yaml in `/Users/mac/clara-ai/clara-ai/dataconnect`\n"}}
[debug] [2025-12-02T09:46:20.428Z] E1202 10:46:20.427890   18675 watch.go:31] Failed to load config from "/Users/mac/clara-ai/clara-ai/dataconnect": could not find dataconnect.yaml in `/Users/mac/clara-ai/clara-ai/dataconnect`
 {"metadata":{"emulator":{"name":"dataconnect"},"message":"E1202 10:46:20.427890   18675 watch.go:31] Failed to load config from \"/Users/mac/clara-ai/clara-ai/dataconnect\": could not find dataconnect.yaml in `/Users/mac/clara-ai/clara-ai/dataconnect`\n"}}
[debug] [2025-12-02T09:46:30.435Z] E1202 10:46:30.428980   18675 watch.go:31] Failed to load config from "/Users/mac/clara-ai/clara-ai/dataconnect": could not find dataconnect.yaml in `/Users/mac/clara-ai/clara-ai/dataconnect`
 {"metadata":{"emulator":{"name":"dataconnect"},"message":"E1202 10:46:30.428980   18675 watch.go:31] Failed to load config from \"/Users/mac/clara-ai/clara-ai/dataconnect\": could not find dataconnect.yaml in `/Users/mac/clara-ai/clara-ai/dataconnect`\n"}}
[debug] [2025-12-02T09:46:40.439Z] E1202 10:46:40.438374   18675 watch.go:31] Failed to load config from "/Users/mac/clara-ai/clara-ai/dataconnect": could not find dataconnect.yaml in `/Users/mac/clara-ai/clara-ai/dataconnect`
 {"metadata":{"emulator":{"name":"dataconnect"},"message":"E1202 10:46:40.438374   18675 watch.go:31] Failed to load config from \"/Users/mac/clara-ai/clara-ai/dataconnect\": could not find dataconnect.yaml in `/Users/mac/clara-ai/clara-ai/dataconnect`\n"}}
[debug] [2025-12-02T09:46:50.428Z] E1202 10:46:50.428663   18675 watch.go:31] Failed to load config from "/Users/mac/clara-ai/clara-ai/dataconnect": could not find dataconnect.yaml in `/Users/mac/clara-ai/clara-ai/dataconnect`
 {"metadata":{"emulator":{"name":"dataconnect"},"message":"E1202 10:46:50.428663   18675 watch.go:31] Failed to load config from \"/Users/mac/clara-ai/clara-ai/dataconnect\": could not find dataconnect.yaml in `/Users/mac/clara-ai/clara-ai/dataconnect`\n"}}
[debug] [2025-12-02T09:47:00.429Z] E1202 10:47:00.428857   18675 watch.go:31] Failed to load config from "/Users/mac/clara-ai/clara-ai/dataconnect": could not find dataconnect.yaml in `/Users/mac/clara-ai/clara-ai/dataconnect`
 {"metadata":{"emulator":{"name":"dataconnect"},"message":"E1202 10:47:00.428857   18675 watch.go:31] Failed to load config from \"/Users/mac/clara-ai/clara-ai/dataconnect\": could not find dataconnect.yaml in `/Users/mac/clara-ai/clara-ai/dataconnect`\n"}}
[debug] [2025-12-02T09:47:10.445Z] E1202 10:47:10.445002   18675 watch.go:31] Failed to load config from "/Users/mac/clara-ai/clara-ai/dataconnect": could not find dataconnect.yaml in `/Users/mac/clara-ai/clara-ai/dataconnect`
 {"metadata":{"emulator":{"name":"dataconnect"},"message":"E1202 10:47:10.445002   18675 watch.go:31] Failed to load config from \"/Users/mac/clara-ai/clara-ai/dataconnect\": could not find dataconnect.yaml in `/Users/mac/clara-ai/clara-ai/dataconnect`\n"}}
[debug] [2025-12-02T09:47:20.429Z] E1202 10:47:20.429357   18675 watch.go:31] Failed to load config from "/Users/mac/clara-ai/clara-ai/dataconnect": could not find dataconnect.yaml in `/Users/mac/clara-ai/clara-ai/dataconnect`
 {"metadata":{"emulator":{"name":"dataconnect"},"message":"E1202 10:47:20.429357   18675 watch.go:31] Failed to load config from \"/Users/mac/clara-ai/clara-ai/dataconnect\": could not find dataconnect.yaml in `/Users/mac/clara-ai/clara-ai/dataconnect`\n"}}
[debug] [2025-12-02T09:47:30.428Z] E1202 10:47:30.428754   18675 watch.go:31] Failed to load config from "/Users/mac/clara-ai/clara-ai/dataconnect": could not find dataconnect.yaml in `/Users/mac/clara-ai/clara-ai/dataconnect`
 {"metadata":{"emulator":{"name":"dataconnect"},"message":"E1202 10:47:30.428754   18675 watch.go:31] Failed to load config from \"/Users/mac/clara-ai/clara-ai/dataconnect\": could not find dataconnect.yaml in `/Users/mac/clara-ai/clara-ai/dataconnect`\n"}}
[debug] [2025-12-02T09:47:40.429Z] E1202 10:47:40.429726   18675 watch.go:31] Failed to load config from "/Users/mac/clara-ai/clara-ai/dataconnect": could not find dataconnect.yaml in `/Users/mac/clara-ai/clara-ai/dataconnect`
 {"metadata":{"emulator":{"name":"dataconnect"},"message":"E1202 10:47:40.429726   18675 watch.go:31] Failed to load config from \"/Users/mac/clara-ai/clara-ai/dataconnect\": could not find dataconnect.yaml in `/Users/mac/clara-ai/clara-ai/dataconnect`\n"}}
[debug] [2025-12-02T09:47:50.430Z] E1202 10:47:50.430036   18675 watch.go:31] Failed to load config from "/Users/mac/clara-ai/clara-ai/dataconnect": could not find dataconnect.yaml in `/Users/mac/clara-ai/clara-ai/dataconnect`
E1202 10:47:50.430082   18675 watch.go:102] watchAllDir unable to walk dir `/Users/mac/clara-ai/clara-ai/dataconnect`: lstat /Users/mac/clara-ai/clara-ai/dataconnect: no such file or directory
 {"metadata":{"emulator":{"name":"dataconnect"},"message":"E1202 10:47:50.430036   18675 watch.go:31] Failed to load config from \"/Users/mac/clara-ai/clara-ai/dataconnect\": could not find dataconnect.yaml in `/Users/mac/clara-ai/clara-ai/dataconnect`\nE1202 10:47:50.430082   18675 watch.go:102] watchAllDir unable to walk dir `/Users/mac/clara-ai/clara-ai/dataconnect`: lstat /Users/mac/clara-ai/clara-ai/dataconnect: no such file or directory\n"}}
[debug] [2025-12-02T09:48:00.429Z] E1202 10:48:00.429504   18675 watch.go:31] Failed to load config from "/Users/mac/clara-ai/clara-ai/dataconnect": could not find dataconnect.yaml in `/Users/mac/clara-ai/clara-ai/dataconnect`
 {"metadata":{"emulator":{"name":"dataconnect"},"message":"E1202 10:48:00.429504   18675 watch.go:31] Failed to load config from \"/Users/mac/clara-ai/clara-ai/dataconnect\": could not find dataconnect.yaml in `/Users/mac/clara-ai/clara-ai/dataconnect`\n"}}
[debug] [2025-12-02T09:48:10.430Z] E1202 10:48:10.430386   18675 watch.go:31] Failed to load config from "/Users/mac/clara-ai/clara-ai/dataconnect": could not find dataconnect.yaml in `/Users/mac/clara-ai/clara-ai/dataconnect`
 {"metadata":{"emulator":{"name":"dataconnect"},"message":"E1202 10:48:10.430386   18675 watch.go:31] Failed to load config from \"/Users/mac/clara-ai/clara-ai/dataconnect\": could not find dataconnect.yaml in `/Users/mac/clara-ai/clara-ai/dataconnect`\n"}}
[debug] [2025-12-02T09:48:20.430Z] E1202 10:48:20.430620   18675 watch.go:31] Failed to load config from "/Users/mac/clara-ai/clara-ai/dataconnect": could not find dataconnect.yaml in `/Users/mac/clara-ai/clara-ai/dataconnect`
 {"metadata":{"emulator":{"name":"dataconnect"},"message":"E1202 10:48:20.430620   18675 watch.go:31] Failed to load config from \"/Users/mac/clara-ai/clara-ai/dataconnect\": could not find dataconnect.yaml in `/Users/mac/clara-ai/clara-ai/dataconnect`\n"}}
[debug] [2025-12-02T09:48:30.434Z] E1202 10:48:30.432847   18675 watch.go:31] Failed to load config from "/Users/mac/clara-ai/clara-ai/dataconnect": could not find dataconnect.yaml in `/Users/mac/clara-ai/clara-ai/dataconnect`
 {"metadata":{"emulator":{"name":"dataconnect"},"message":"E1202 10:48:30.432847   18675 watch.go:31] Failed to load config from \"/Users/mac/clara-ai/clara-ai/dataconnect\": could not find dataconnect.yaml in `/Users/mac/clara-ai/clara-ai/dataconnect`\n"}}
[debug] [2025-12-02T09:48:40.436Z] E1202 10:48:40.435649   18675 watch.go:31] Failed to load config from "/Users/mac/clara-ai/clara-ai/dataconnect": could not find dataconnect.yaml in `/Users/mac/clara-ai/clara-ai/dataconnect`
 {"metadata":{"emulator":{"name":"dataconnect"},"message":"E1202 10:48:40.435649   18675 watch.go:31] Failed to load config from \"/Users/mac/clara-ai/clara-ai/dataconnect\": could not find dataconnect.yaml in `/Users/mac/clara-ai/clara-ai/dataconnect`\n"}}
[debug] [2025-12-02T09:48:50.431Z] E1202 10:48:50.431151   18675 watch.go:31] Failed to load config from "/Users/mac/clara-ai/clara-ai/dataconnect": could not find dataconnect.yaml in `/Users/mac/clara-ai/clara-ai/dataconnect`
 {"metadata":{"emulator":{"name":"dataconnect"},"message":"E1202 10:48:50.431151   18675 watch.go:31] Failed to load config from \"/Users/mac/clara-ai/clara-ai/dataconnect\": could not find dataconnect.yaml in `/Users/mac/clara-ai/clara-ai/dataconnect`\n"}}
[debug] [2025-12-02T09:49:00.433Z] E1202 10:49:00.432739   18675 watch.go:31] Failed to load config from "/Users/mac/clara-ai/clara-ai/dataconnect": could not find dataconnect.yaml in `/Users/mac/clara-ai/clara-ai/dataconnect`
 {"metadata":{"emulator":{"name":"dataconnect"},"message":"E1202 10:49:00.432739   18675 watch.go:31] Failed to load config from \"/Users/mac/clara-ai/clara-ai/dataconnect\": could not find dataconnect.yaml in `/Users/mac/clara-ai/clara-ai/dataconnect`\n"}}
[debug] [2025-12-02T09:49:10.431Z] E1202 10:49:10.431107   18675 watch.go:31] Failed to load config from "/Users/mac/clara-ai/clara-ai/dataconnect": could not find dataconnect.yaml in `/Users/mac/clara-ai/clara-ai/dataconnect`
 {"metadata":{"emulator":{"name":"dataconnect"},"message":"E1202 10:49:10.431107   18675 watch.go:31] Failed to load config from \"/Users/mac/clara-ai/clara-ai/dataconnect\": could not find dataconnect.yaml in `/Users/mac/clara-ai/clara-ai/dataconnect`\n"}}
[debug] [2025-12-02T09:49:20.436Z] E1202 10:49:20.435951   18675 watch.go:31] Failed to load config from "/Users/mac/clara-ai/clara-ai/dataconnect": could not find dataconnect.yaml in `/Users/mac/clara-ai/clara-ai/dataconnect`
 {"metadata":{"emulator":{"name":"dataconnect"},"message":"E1202 10:49:20.435951   18675 watch.go:31] Failed to load config from \"/Users/mac/clara-ai/clara-ai/dataconnect\": could not find dataconnect.yaml in `/Users/mac/clara-ai/clara-ai/dataconnect`\n"}}
[debug] [2025-12-02T09:49:30.436Z] E1202 10:49:30.436585   18675 watch.go:31] Failed to load config from "/Users/mac/clara-ai/clara-ai/dataconnect": could not find dataconnect.yaml in `/Users/mac/clara-ai/clara-ai/dataconnect`
 {"metadata":{"emulator":{"name":"dataconnect"},"message":"E1202 10:49:30.436585   18675 watch.go:31] Failed to load config from \"/Users/mac/clara-ai/clara-ai/dataconnect\": could not find dataconnect.yaml in `/Users/mac/clara-ai/clara-ai/dataconnect`\n"}}
[debug] [2025-12-02T09:49:40.435Z] E1202 10:49:40.435689   18675 watch.go:31] Failed to load config from "/Users/mac/clara-ai/clara-ai/dataconnect": could not find dataconnect.yaml in `/Users/mac/clara-ai/clara-ai/dataconnect`
 {"metadata":{"emulator":{"name":"dataconnect"},"message":"E1202 10:49:40.435689   18675 watch.go:31] Failed to load config from \"/Users/mac/clara-ai/clara-ai/dataconnect\": could not find dataconnect.yaml in `/Users/mac/clara-ai/clara-ai/dataconnect`\n"}}
[debug] [2025-12-02T09:49:50.433Z] E1202 10:49:50.432825   18675 watch.go:31] Failed to load config from "/Users/mac/clara-ai/clara-ai/dataconnect": could not find dataconnect.yaml in `/Users/mac/clara-ai/clara-ai/dataconnect`
E1202 10:49:50.432879   18675 watch.go:102] watchAllDir unable to walk dir `/Users/mac/clara-ai/clara-ai/dataconnect`: lstat /Users/mac/clara-ai/clara-ai/dataconnect: no such file or directory
 {"metadata":{"emulator":{"name":"dataconnect"},"message":"E1202 10:49:50.432825   18675 watch.go:31] Failed to load config from \"/Users/mac/clara-ai/clara-ai/dataconnect\": could not find dataconnect.yaml in `/Users/mac/clara-ai/clara-ai/dataconnect`\nE1202 10:49:50.432879   18675 watch.go:102] watchAllDir unable to walk dir `/Users/mac/clara-ai/clara-ai/dataconnect`: lstat /Users/mac/clara-ai/clara-ai/dataconnect: no such file or directory\n"}}
[debug] [2025-12-02T09:50:00.432Z] E1202 10:50:00.432821   18675 watch.go:31] Failed to load config from "/Users/mac/clara-ai/clara-ai/dataconnect": could not find dataconnect.yaml in `/Users/mac/clara-ai/clara-ai/dataconnect`
 {"metadata":{"emulator":{"name":"dataconnect"},"message":"E1202 10:50:00.432821   18675 watch.go:31] Failed to load config from \"/Users/mac/clara-ai/clara-ai/dataconnect\": could not find dataconnect.yaml in `/Users/mac/clara-ai/clara-ai/dataconnect`\n"}}
[debug] [2025-12-02T09:50:10.433Z] E1202 10:50:10.433151   18675 watch.go:31] Failed to load config from "/Users/mac/clara-ai/clara-ai/dataconnect": could not find dataconnect.yaml in `/Users/mac/clara-ai/clara-ai/dataconnect`
 {"metadata":{"emulator":{"name":"dataconnect"},"message":"E1202 10:50:10.433151   18675 watch.go:31] Failed to load config from \"/Users/mac/clara-ai/clara-ai/dataconnect\": could not find dataconnect.yaml in `/Users/mac/clara-ai/clara-ai/dataconnect`\n"}}
[debug] [2025-12-02T09:50:20.433Z] E1202 10:50:20.433439   18675 watch.go:31] Failed to load config from "/Users/mac/clara-ai/clara-ai/dataconnect": could not find dataconnect.yaml in `/Users/mac/clara-ai/clara-ai/dataconnect`
 {"metadata":{"emulator":{"name":"dataconnect"},"message":"E1202 10:50:20.433439   18675 watch.go:31] Failed to load config from \"/Users/mac/clara-ai/clara-ai/dataconnect\": could not find dataconnect.yaml in `/Users/mac/clara-ai/clara-ai/dataconnect`\n"}}
[debug] [2025-12-02T09:50:30.476Z] E1202 10:50:30.475590   18675 watch.go:31] Failed to load config from "/Users/mac/clara-ai/clara-ai/dataconnect": could not find dataconnect.yaml in `/Users/mac/clara-ai/clara-ai/dataconnect`
 {"metadata":{"emulator":{"name":"dataconnect"},"message":"E1202 10:50:30.475590   18675 watch.go:31] Failed to load config from \"/Users/mac/clara-ai/clara-ai/dataconnect\": could not find dataconnect.yaml in `/Users/mac/clara-ai/clara-ai/dataconnect`\n"}}
[debug] [2025-12-02T09:50:40.433Z] E1202 10:50:40.433136   18675 watch.go:31] Failed to load config from "/Users/mac/clara-ai/clara-ai/dataconnect": could not find dataconnect.yaml in `/Users/mac/clara-ai/clara-ai/dataconnect`
 {"metadata":{"emulator":{"name":"dataconnect"},"message":"E1202 10:50:40.433136   18675 watch.go:31] Failed to load config from \"/Users/mac/clara-ai/clara-ai/dataconnect\": could not find dataconnect.yaml in `/Users/mac/clara-ai/clara-ai/dataconnect`\n"}}
[debug] [2025-12-02T09:50:50.437Z] E1202 10:50:50.436138   18675 watch.go:31] Failed to load config from "/Users/mac/clara-ai/clara-ai/dataconnect": could not find dataconnect.yaml in `/Users/mac/clara-ai/clara-ai/dataconnect`
 {"metadata":{"emulator":{"name":"dataconnect"},"message":"E1202 10:50:50.436138   18675 watch.go:31] Failed to load config from \"/Users/mac/clara-ai/clara-ai/dataconnect\": could not find dataconnect.yaml in `/Users/mac/clara-ai/clara-ai/dataconnect`\n"}}
[debug] [2025-12-02T09:51:00.434Z] E1202 10:51:00.434732   18675 watch.go:31] Failed to load config from "/Users/mac/clara-ai/clara-ai/dataconnect": could not find dataconnect.yaml in `/Users/mac/clara-ai/clara-ai/dataconnect`
 {"metadata":{"emulator":{"name":"dataconnect"},"message":"E1202 10:51:00.434732   18675 watch.go:31] Failed to load config from \"/Users/mac/clara-ai/clara-ai/dataconnect\": could not find dataconnect.yaml in `/Users/mac/clara-ai/clara-ai/dataconnect`\n"}}
[debug] [2025-12-02T09:51:10.459Z] E1202 10:51:10.459078   18675 watch.go:31] Failed to load config from "/Users/mac/clara-ai/clara-ai/dataconnect": could not find dataconnect.yaml in `/Users/mac/clara-ai/clara-ai/dataconnect`
 {"metadata":{"emulator":{"name":"dataconnect"},"message":"E1202 10:51:10.459078   18675 watch.go:31] Failed to load config from \"/Users/mac/clara-ai/clara-ai/dataconnect\": could not find dataconnect.yaml in `/Users/mac/clara-ai/clara-ai/dataconnect`\n"}}
[debug] [2025-12-02T09:51:20.434Z] E1202 10:51:20.434721   18675 watch.go:31] Failed to load config from "/Users/mac/clara-ai/clara-ai/dataconnect": could not find dataconnect.yaml in `/Users/mac/clara-ai/clara-ai/dataconnect`
 {"metadata":{"emulator":{"name":"dataconnect"},"message":"E1202 10:51:20.434721   18675 watch.go:31] Failed to load config from \"/Users/mac/clara-ai/clara-ai/dataconnect\": could not find dataconnect.yaml in `/Users/mac/clara-ai/clara-ai/dataconnect`\n"}}
[debug] [2025-12-02T09:51:30.434Z] E1202 10:51:30.434319   18675 watch.go:31] Failed to load config from "/Users/mac/clara-ai/clara-ai/dataconnect": could not find dataconnect.yaml in `/Users/mac/clara-ai/clara-ai/dataconnect`
 {"metadata":{"emulator":{"name":"dataconnect"},"message":"E1202 10:51:30.434319   18675 watch.go:31] Failed to load config from \"/Users/mac/clara-ai/clara-ai/dataconnect\": could not find dataconnect.yaml in `/Users/mac/clara-ai/clara-ai/dataconnect`\n"}}
[debug] [2025-12-02T09:51:40.435Z] E1202 10:51:40.435333   18675 watch.go:31] Failed to load config from "/Users/mac/clara-ai/clara-ai/dataconnect": could not find dataconnect.yaml in `/Users/mac/clara-ai/clara-ai/dataconnect`
 {"metadata":{"emulator":{"name":"dataconnect"},"message":"E1202 10:51:40.435333   18675 watch.go:31] Failed to load config from \"/Users/mac/clara-ai/clara-ai/dataconnect\": could not find dataconnect.yaml in `/Users/mac/clara-ai/clara-ai/dataconnect`\n"}}
[debug] [2025-12-02T09:51:50.436Z] E1202 10:51:50.435773   18675 watch.go:31] Failed to load config from "/Users/mac/clara-ai/clara-ai/dataconnect": could not find dataconnect.yaml in `/Users/mac/clara-ai/clara-ai/dataconnect`
E1202 10:51:50.435815   18675 watch.go:102] watchAllDir unable to walk dir `/Users/mac/clara-ai/clara-ai/dataconnect`: lstat /Users/mac/clara-ai/clara-ai/dataconnect: no such file or directory
 {"metadata":{"emulator":{"name":"dataconnect"},"message":"E1202 10:51:50.435773   18675 watch.go:31] Failed to load config from \"/Users/mac/clara-ai/clara-ai/dataconnect\": could not find dataconnect.yaml in `/Users/mac/clara-ai/clara-ai/dataconnect`\nE1202 10:51:50.435815   18675 watch.go:102] watchAllDir unable to walk dir `/Users/mac/clara-ai/clara-ai/dataconnect`: lstat /Users/mac/clara-ai/clara-ai/dataconnect: no such file or directory\n"}}
[debug] [2025-12-02T09:52:00.437Z] E1202 10:52:00.436873   18675 watch.go:31] Failed to load config from "/Users/mac/clara-ai/clara-ai/dataconnect": could not find dataconnect.yaml in `/Users/mac/clara-ai/clara-ai/dataconnect`
 {"metadata":{"emulator":{"name":"dataconnect"},"message":"E1202 10:52:00.436873   18675 watch.go:31] Failed to load config from \"/Users/mac/clara-ai/clara-ai/dataconnect\": could not find dataconnect.yaml in `/Users/mac/clara-ai/clara-ai/dataconnect`\n"}}
[debug] [2025-12-02T09:52:10.435Z] E1202 10:52:10.435540   18675 watch.go:31] Failed to load config from "/Users/mac/clara-ai/clara-ai/dataconnect": could not find dataconnect.yaml in `/Users/mac/clara-ai/clara-ai/dataconnect`
 {"metadata":{"emulator":{"name":"dataconnect"},"message":"E1202 10:52:10.435540   18675 watch.go:31] Failed to load config from \"/Users/mac/clara-ai/clara-ai/dataconnect\": could not find dataconnect.yaml in `/Users/mac/clara-ai/clara-ai/dataconnect`\n"}}
[debug] [2025-12-02T09:52:20.436Z] E1202 10:52:20.436131   18675 watch.go:31] Failed to load config from "/Users/mac/clara-ai/clara-ai/dataconnect": could not find dataconnect.yaml in `/Users/mac/clara-ai/clara-ai/dataconnect`
 {"metadata":{"emulator":{"name":"dataconnect"},"message":"E1202 10:52:20.436131   18675 watch.go:31] Failed to load config from \"/Users/mac/clara-ai/clara-ai/dataconnect\": could not find dataconnect.yaml in `/Users/mac/clara-ai/clara-ai/dataconnect`\n"}}
[debug] [2025-12-02T09:52:30.437Z] E1202 10:52:30.437464   18675 watch.go:31] Failed to load config from "/Users/mac/clara-ai/clara-ai/dataconnect": could not find dataconnect.yaml in `/Users/mac/clara-ai/clara-ai/dataconnect`
 {"metadata":{"emulator":{"name":"dataconnect"},"message":"E1202 10:52:30.437464   18675 watch.go:31] Failed to load config from \"/Users/mac/clara-ai/clara-ai/dataconnect\": could not find dataconnect.yaml in `/Users/mac/clara-ai/clara-ai/dataconnect`\n"}}
[debug] [2025-12-02T09:52:40.436Z] E1202 10:52:40.436581   18675 watch.go:31] Failed to load config from "/Users/mac/clara-ai/clara-ai/dataconnect": could not find dataconnect.yaml in `/Users/mac/clara-ai/clara-ai/dataconnect`
 {"metadata":{"emulator":{"name":"dataconnect"},"message":"E1202 10:52:40.436581   18675 watch.go:31] Failed to load config from \"/Users/mac/clara-ai/clara-ai/dataconnect\": could not find dataconnect.yaml in `/Users/mac/clara-ai/clara-ai/dataconnect`\n"}}
[debug] [2025-12-02T09:52:50.436Z] E1202 10:52:50.435901   18675 watch.go:31] Failed to load config from "/Users/mac/clara-ai/clara-ai/dataconnect": could not find dataconnect.yaml in `/Users/mac/clara-ai/clara-ai/dataconnect`
 {"metadata":{"emulator":{"name":"dataconnect"},"message":"E1202 10:52:50.435901   18675 watch.go:31] Failed to load config from \"/Users/mac/clara-ai/clara-ai/dataconnect\": could not find dataconnect.yaml in `/Users/mac/clara-ai/clara-ai/dataconnect`\n"}}
[debug] [2025-12-02T09:53:00.438Z] E1202 10:53:00.438347   18675 watch.go:31] Failed to load config from "/Users/mac/clara-ai/clara-ai/dataconnect": could not find dataconnect.yaml in `/Users/mac/clara-ai/clara-ai/dataconnect`
 {"metadata":{"emulator":{"name":"dataconnect"},"message":"E1202 10:53:00.438347   18675 watch.go:31] Failed to load config from \"/Users/mac/clara-ai/clara-ai/dataconnect\": could not find dataconnect.yaml in `/Users/mac/clara-ai/clara-ai/dataconnect`\n"}}
[debug] [2025-12-02T09:53:10.440Z] E1202 10:53:10.439690   18675 watch.go:31] Failed to load config from "/Users/mac/clara-ai/clara-ai/dataconnect": could not find dataconnect.yaml in `/Users/mac/clara-ai/clara-ai/dataconnect`
 {"metadata":{"emulator":{"name":"dataconnect"},"message":"E1202 10:53:10.439690   18675 watch.go:31] Failed to load config from \"/Users/mac/clara-ai/clara-ai/dataconnect\": could not find dataconnect.yaml in `/Users/mac/clara-ai/clara-ai/dataconnect`\n"}}
[debug] [2025-12-02T09:53:20.440Z] E1202 10:53:20.439908   18675 watch.go:31] Failed to load config from "/Users/mac/clara-ai/clara-ai/dataconnect": could not find dataconnect.yaml in `/Users/mac/clara-ai/clara-ai/dataconnect`
 {"metadata":{"emulator":{"name":"dataconnect"},"message":"E1202 10:53:20.439908   18675 watch.go:31] Failed to load config from \"/Users/mac/clara-ai/clara-ai/dataconnect\": could not find dataconnect.yaml in `/Users/mac/clara-ai/clara-ai/dataconnect`\n"}}
[debug] [2025-12-02T09:53:30.441Z] E1202 10:53:30.440985   18675 watch.go:31] Failed to load config from "/Users/mac/clara-ai/clara-ai/dataconnect": could not find dataconnect.yaml in `/Users/mac/clara-ai/clara-ai/dataconnect`
 {"metadata":{"emulator":{"name":"dataconnect"},"message":"E1202 10:53:30.440985   18675 watch.go:31] Failed to load config from \"/Users/mac/clara-ai/clara-ai/dataconnect\": could not find dataconnect.yaml in `/Users/mac/clara-ai/clara-ai/dataconnect`\n"}}
[debug] [2025-12-02T09:53:40.448Z] E1202 10:53:40.447876   18675 watch.go:31] Failed to load config from "/Users/mac/clara-ai/clara-ai/dataconnect": could not find dataconnect.yaml in `/Users/mac/clara-ai/clara-ai/dataconnect`
 {"metadata":{"emulator":{"name":"dataconnect"},"message":"E1202 10:53:40.447876   18675 watch.go:31] Failed to load config from \"/Users/mac/clara-ai/clara-ai/dataconnect\": could not find dataconnect.yaml in `/Users/mac/clara-ai/clara-ai/dataconnect`\n"}}
[debug] [2025-12-02T09:53:50.444Z] E1202 10:53:50.444121   18675 watch.go:31] Failed to load config from "/Users/mac/clara-ai/clara-ai/dataconnect": could not find dataconnect.yaml in `/Users/mac/clara-ai/clara-ai/dataconnect`
E1202 10:53:50.444181   18675 watch.go:102] watchAllDir unable to walk dir `/Users/mac/clara-ai/clara-ai/dataconnect`: lstat /Users/mac/clara-ai/clara-ai/dataconnect: no such file or directory
 {"metadata":{"emulator":{"name":"dataconnect"},"message":"E1202 10:53:50.444121   18675 watch.go:31] Failed to load config from \"/Users/mac/clara-ai/clara-ai/dataconnect\": could not find dataconnect.yaml in `/Users/mac/clara-ai/clara-ai/dataconnect`\nE1202 10:53:50.444181   18675 watch.go:102] watchAllDir unable to walk dir `/Users/mac/clara-ai/clara-ai/dataconnect`: lstat /Users/mac/clara-ai/clara-ai/dataconnect: no such file or directory\n"}}
[debug] [2025-12-02T09:54:00.446Z] E1202 10:54:00.438169   18675 watch.go:31] Failed to load config from "/Users/mac/clara-ai/clara-ai/dataconnect": could not find dataconnect.yaml in `/Users/mac/clara-ai/clara-ai/dataconnect`
 {"metadata":{"emulator":{"name":"dataconnect"},"message":"E1202 10:54:00.438169   18675 watch.go:31] Failed to load config from \"/Users/mac/clara-ai/clara-ai/dataconnect\": could not find dataconnect.yaml in `/Users/mac/clara-ai/clara-ai/dataconnect`\n"}}
[debug] [2025-12-02T09:54:10.443Z] E1202 10:54:10.438612   18675 watch.go:31] Failed to load config from "/Users/mac/clara-ai/clara-ai/dataconnect": could not find dataconnect.yaml in `/Users/mac/clara-ai/clara-ai/dataconnect`
 {"metadata":{"emulator":{"name":"dataconnect"},"message":"E1202 10:54:10.438612   18675 watch.go:31] Failed to load config from \"/Users/mac/clara-ai/clara-ai/dataconnect\": could not find dataconnect.yaml in `/Users/mac/clara-ai/clara-ai/dataconnect`\n"}}
[debug] [2025-12-02T09:54:20.439Z] E1202 10:54:20.439039   18675 watch.go:31] Failed to load config from "/Users/mac/clara-ai/clara-ai/dataconnect": could not find dataconnect.yaml in `/Users/mac/clara-ai/clara-ai/dataconnect`
 {"metadata":{"emulator":{"name":"dataconnect"},"message":"E1202 10:54:20.439039   18675 watch.go:31] Failed to load config from \"/Users/mac/clara-ai/clara-ai/dataconnect\": could not find dataconnect.yaml in `/Users/mac/clara-ai/clara-ai/dataconnect`\n"}}
[debug] [2025-12-02T09:54:30.439Z] E1202 10:54:30.439817   18675 watch.go:31] Failed to load config from "/Users/mac/clara-ai/clara-ai/dataconnect": could not find dataconnect.yaml in `/Users/mac/clara-ai/clara-ai/dataconnect`
 {"metadata":{"emulator":{"name":"dataconnect"},"message":"E1202 10:54:30.439817   18675 watch.go:31] Failed to load config from \"/Users/mac/clara-ai/clara-ai/dataconnect\": could not find dataconnect.yaml in `/Users/mac/clara-ai/clara-ai/dataconnect`\n"}}
[debug] [2025-12-02T09:54:40.438Z] E1202 10:54:40.438597   18675 watch.go:31] Failed to load config from "/Users/mac/clara-ai/clara-ai/dataconnect": could not find dataconnect.yaml in `/Users/mac/clara-ai/clara-ai/dataconnect`
 {"metadata":{"emulator":{"name":"dataconnect"},"message":"E1202 10:54:40.438597   18675 watch.go:31] Failed to load config from \"/Users/mac/clara-ai/clara-ai/dataconnect\": could not find dataconnect.yaml in `/Users/mac/clara-ai/clara-ai/dataconnect`\n"}}
[debug] [2025-12-02T09:54:50.474Z] E1202 10:54:50.440188   18675 watch.go:31] Failed to load config from "/Users/mac/clara-ai/clara-ai/dataconnect": could not find dataconnect.yaml in `/Users/mac/clara-ai/clara-ai/dataconnect`
 {"metadata":{"emulator":{"name":"dataconnect"},"message":"E1202 10:54:50.440188   18675 watch.go:31] Failed to load config from \"/Users/mac/clara-ai/clara-ai/dataconnect\": could not find dataconnect.yaml in `/Users/mac/clara-ai/clara-ai/dataconnect`\n"}}
[debug] [2025-12-02T09:55:00.440Z] E1202 10:55:00.440044   18675 watch.go:31] Failed to load config from "/Users/mac/clara-ai/clara-ai/dataconnect": could not find dataconnect.yaml in `/Users/mac/clara-ai/clara-ai/dataconnect`
 {"metadata":{"emulator":{"name":"dataconnect"},"message":"E1202 10:55:00.440044   18675 watch.go:31] Failed to load config from \"/Users/mac/clara-ai/clara-ai/dataconnect\": could not find dataconnect.yaml in `/Users/mac/clara-ai/clara-ai/dataconnect`\n"}}
[debug] [2025-12-02T09:55:10.441Z] E1202 10:55:10.441747   18675 watch.go:31] Failed to load config from "/Users/mac/clara-ai/clara-ai/dataconnect": could not find dataconnect.yaml in `/Users/mac/clara-ai/clara-ai/dataconnect`
 {"metadata":{"emulator":{"name":"dataconnect"},"message":"E1202 10:55:10.441747   18675 watch.go:31] Failed to load config from \"/Users/mac/clara-ai/clara-ai/dataconnect\": could not find dataconnect.yaml in `/Users/mac/clara-ai/clara-ai/dataconnect`\n"}}
[debug] [2025-12-02T09:55:20.439Z] E1202 10:55:20.439702   18675 watch.go:31] Failed to load config from "/Users/mac/clara-ai/clara-ai/dataconnect": could not find dataconnect.yaml in `/Users/mac/clara-ai/clara-ai/dataconnect`
 {"metadata":{"emulator":{"name":"dataconnect"},"message":"E1202 10:55:20.439702   18675 watch.go:31] Failed to load config from \"/Users/mac/clara-ai/clara-ai/dataconnect\": could not find dataconnect.yaml in `/Users/mac/clara-ai/clara-ai/dataconnect`\n"}}
[debug] [2025-12-02T09:55:30.440Z] E1202 10:55:30.440464   18675 watch.go:31] Failed to load config from "/Users/mac/clara-ai/clara-ai/dataconnect": could not find dataconnect.yaml in `/Users/mac/clara-ai/clara-ai/dataconnect`
 {"metadata":{"emulator":{"name":"dataconnect"},"message":"E1202 10:55:30.440464   18675 watch.go:31] Failed to load config from \"/Users/mac/clara-ai/clara-ai/dataconnect\": could not find dataconnect.yaml in `/Users/mac/clara-ai/clara-ai/dataconnect`\n"}}
[debug] [2025-12-02T09:55:40.441Z] E1202 10:55:40.440928   18675 watch.go:31] Failed to load config from "/Users/mac/clara-ai/clara-ai/dataconnect": could not find dataconnect.yaml in `/Users/mac/clara-ai/clara-ai/dataconnect`
 {"metadata":{"emulator":{"name":"dataconnect"},"message":"E1202 10:55:40.440928   18675 watch.go:31] Failed to load config from \"/Users/mac/clara-ai/clara-ai/dataconnect\": could not find dataconnect.yaml in `/Users/mac/clara-ai/clara-ai/dataconnect`\n"}}
[debug] [2025-12-02T09:55:50.441Z] E1202 10:55:50.440908   18675 watch.go:31] Failed to load config from "/Users/mac/clara-ai/clara-ai/dataconnect": could not find dataconnect.yaml in `/Users/mac/clara-ai/clara-ai/dataconnect`
E1202 10:55:50.440980   18675 watch.go:102] watchAllDir unable to walk dir `/Users/mac/clara-ai/clara-ai/dataconnect`: lstat /Users/mac/clara-ai/clara-ai/dataconnect: no such file or directory
 {"metadata":{"emulator":{"name":"dataconnect"},"message":"E1202 10:55:50.440908   18675 watch.go:31] Failed to load config from \"/Users/mac/clara-ai/clara-ai/dataconnect\": could not find dataconnect.yaml in `/Users/mac/clara-ai/clara-ai/dataconnect`\nE1202 10:55:50.440980   18675 watch.go:102] watchAllDir unable to walk dir `/Users/mac/clara-ai/clara-ai/dataconnect`: lstat /Users/mac/clara-ai/clara-ai/dataconnect: no such file or directory\n"}}
[debug] [2025-12-02T09:56:00.440Z] E1202 10:56:00.440383   18675 watch.go:31] Failed to load config from "/Users/mac/clara-ai/clara-ai/dataconnect": could not find dataconnect.yaml in `/Users/mac/clara-ai/clara-ai/dataconnect`
 {"metadata":{"emulator":{"name":"dataconnect"},"message":"E1202 10:56:00.440383   18675 watch.go:31] Failed to load config from \"/Users/mac/clara-ai/clara-ai/dataconnect\": could not find dataconnect.yaml in `/Users/mac/clara-ai/clara-ai/dataconnect`\n"}}
[debug] [2025-12-02T09:56:10.440Z] E1202 10:56:10.440703   18675 watch.go:31] Failed to load config from "/Users/mac/clara-ai/clara-ai/dataconnect": could not find dataconnect.yaml in `/Users/mac/clara-ai/clara-ai/dataconnect`
 {"metadata":{"emulator":{"name":"dataconnect"},"message":"E1202 10:56:10.440703   18675 watch.go:31] Failed to load config from \"/Users/mac/clara-ai/clara-ai/dataconnect\": could not find dataconnect.yaml in `/Users/mac/clara-ai/clara-ai/dataconnect`\n"}}
[debug] [2025-12-02T09:56:20.441Z] E1202 10:56:20.441033   18675 watch.go:31] Failed to load config from "/Users/mac/clara-ai/clara-ai/dataconnect": could not find dataconnect.yaml in `/Users/mac/clara-ai/clara-ai/dataconnect`
 {"metadata":{"emulator":{"name":"dataconnect"},"message":"E1202 10:56:20.441033   18675 watch.go:31] Failed to load config from \"/Users/mac/clara-ai/clara-ai/dataconnect\": could not find dataconnect.yaml in `/Users/mac/clara-ai/clara-ai/dataconnect`\n"}}
[debug] [2025-12-02T09:56:30.442Z] E1202 10:56:30.441867   18675 watch.go:31] Failed to load config from "/Users/mac/clara-ai/clara-ai/dataconnect": could not find dataconnect.yaml in `/Users/mac/clara-ai/clara-ai/dataconnect`
 {"metadata":{"emulator":{"name":"dataconnect"},"message":"E1202 10:56:30.441867   18675 watch.go:31] Failed to load config from \"/Users/mac/clara-ai/clara-ai/dataconnect\": could not find dataconnect.yaml in `/Users/mac/clara-ai/clara-ai/dataconnect`\n"}}
[debug] [2025-12-02T09:56:40.442Z] E1202 10:56:40.441802   18675 watch.go:31] Failed to load config from "/Users/mac/clara-ai/clara-ai/dataconnect": could not find dataconnect.yaml in `/Users/mac/clara-ai/clara-ai/dataconnect`
 {"metadata":{"emulator":{"name":"dataconnect"},"message":"E1202 10:56:40.441802   18675 watch.go:31] Failed to load config from \"/Users/mac/clara-ai/clara-ai/dataconnect\": could not find dataconnect.yaml in `/Users/mac/clara-ai/clara-ai/dataconnect`\n"}}
[debug] [2025-12-02T09:56:50.442Z] E1202 10:56:50.442123   18675 watch.go:31] Failed to load config from "/Users/mac/clara-ai/clara-ai/dataconnect": could not find dataconnect.yaml in `/Users/mac/clara-ai/clara-ai/dataconnect`
 {"metadata":{"emulator":{"name":"dataconnect"},"message":"E1202 10:56:50.442123   18675 watch.go:31] Failed to load config from \"/Users/mac/clara-ai/clara-ai/dataconnect\": could not find dataconnect.yaml in `/Users/mac/clara-ai/clara-ai/dataconnect`\n"}}
[debug] [2025-12-02T09:57:00.442Z] E1202 10:57:00.442574   18675 watch.go:31] Failed to load config from "/Users/mac/clara-ai/clara-ai/dataconnect": could not find dataconnect.yaml in `/Users/mac/clara-ai/clara-ai/dataconnect`
 {"metadata":{"emulator":{"name":"dataconnect"},"message":"E1202 10:57:00.442574   18675 watch.go:31] Failed to load config from \"/Users/mac/clara-ai/clara-ai/dataconnect\": could not find dataconnect.yaml in `/Users/mac/clara-ai/clara-ai/dataconnect`\n"}}
[debug] [2025-12-02T09:57:10.442Z] E1202 10:57:10.442828   18675 watch.go:31] Failed to load config from "/Users/mac/clara-ai/clara-ai/dataconnect": could not find dataconnect.yaml in `/Users/mac/clara-ai/clara-ai/dataconnect`
 {"metadata":{"emulator":{"name":"dataconnect"},"message":"E1202 10:57:10.442828   18675 watch.go:31] Failed to load config from \"/Users/mac/clara-ai/clara-ai/dataconnect\": could not find dataconnect.yaml in `/Users/mac/clara-ai/clara-ai/dataconnect`\n"}}
[debug] [2025-12-02T09:57:20.461Z] E1202 10:57:20.457204   18675 watch.go:31] Failed to load config from "/Users/mac/clara-ai/clara-ai/dataconnect": could not find dataconnect.yaml in `/Users/mac/clara-ai/clara-ai/dataconnect`
 {"metadata":{"emulator":{"name":"dataconnect"},"message":"E1202 10:57:20.457204   18675 watch.go:31] Failed to load config from \"/Users/mac/clara-ai/clara-ai/dataconnect\": could not find dataconnect.yaml in `/Users/mac/clara-ai/clara-ai/dataconnect`\n"}}
[debug] [2025-12-02T09:57:30.444Z] E1202 10:57:30.444409   18675 watch.go:31] Failed to load config from "/Users/mac/clara-ai/clara-ai/dataconnect": could not find dataconnect.yaml in `/Users/mac/clara-ai/clara-ai/dataconnect`
 {"metadata":{"emulator":{"name":"dataconnect"},"message":"E1202 10:57:30.444409   18675 watch.go:31] Failed to load config from \"/Users/mac/clara-ai/clara-ai/dataconnect\": could not find dataconnect.yaml in `/Users/mac/clara-ai/clara-ai/dataconnect`\n"}}
[debug] [2025-12-02T09:57:40.444Z] E1202 10:57:40.443540   18675 watch.go:31] Failed to load config from "/Users/mac/clara-ai/clara-ai/dataconnect": could not find dataconnect.yaml in `/Users/mac/clara-ai/clara-ai/dataconnect`
 {"metadata":{"emulator":{"name":"dataconnect"},"message":"E1202 10:57:40.443540   18675 watch.go:31] Failed to load config from \"/Users/mac/clara-ai/clara-ai/dataconnect\": could not find dataconnect.yaml in `/Users/mac/clara-ai/clara-ai/dataconnect`\n"}}
[debug] [2025-12-02T09:57:50.445Z] E1202 10:57:50.443924   18675 watch.go:31] Failed to load config from "/Users/mac/clara-ai/clara-ai/dataconnect": could not find dataconnect.yaml in `/Users/mac/clara-ai/clara-ai/dataconnect`
E1202 10:57:50.445386   18675 watch.go:102] watchAllDir unable to walk dir `/Users/mac/clara-ai/clara-ai/dataconnect`: lstat /Users/mac/clara-ai/clara-ai/dataconnect: no such file or directory
 {"metadata":{"emulator":{"name":"dataconnect"},"message":"E1202 10:57:50.443924   18675 watch.go:31] Failed to load config from \"/Users/mac/clara-ai/clara-ai/dataconnect\": could not find dataconnect.yaml in `/Users/mac/clara-ai/clara-ai/dataconnect`\nE1202 10:57:50.445386   18675 watch.go:102] watchAllDir unable to walk dir `/Users/mac/clara-ai/clara-ai/dataconnect`: lstat /Users/mac/clara-ai/clara-ai/dataconnect: no such file or directory\n"}}
[debug] [2025-12-02T09:58:00.443Z] E1202 10:58:00.443072   18675 watch.go:31] Failed to load config from "/Users/mac/clara-ai/clara-ai/dataconnect": could not find dataconnect.yaml in `/Users/mac/clara-ai/clara-ai/dataconnect`
 {"metadata":{"emulator":{"name":"dataconnect"},"message":"E1202 10:58:00.443072   18675 watch.go:31] Failed to load config from \"/Users/mac/clara-ai/clara-ai/dataconnect\": could not find dataconnect.yaml in `/Users/mac/clara-ai/clara-ai/dataconnect`\n"}}
[debug] [2025-12-02T09:58:10.448Z] E1202 10:58:10.444383   18675 watch.go:31] Failed to load config from "/Users/mac/clara-ai/clara-ai/dataconnect": could not find dataconnect.yaml in `/Users/mac/clara-ai/clara-ai/dataconnect`
 {"metadata":{"emulator":{"name":"dataconnect"},"message":"E1202 10:58:10.444383   18675 watch.go:31] Failed to load config from \"/Users/mac/clara-ai/clara-ai/dataconnect\": could not find dataconnect.yaml in `/Users/mac/clara-ai/clara-ai/dataconnect`\n"}}
[debug] [2025-12-02T09:58:20.443Z] E1202 10:58:20.443544   18675 watch.go:31] Failed to load config from "/Users/mac/clara-ai/clara-ai/dataconnect": could not find dataconnect.yaml in `/Users/mac/clara-ai/clara-ai/dataconnect`
 {"metadata":{"emulator":{"name":"dataconnect"},"message":"E1202 10:58:20.443544   18675 watch.go:31] Failed to load config from \"/Users/mac/clara-ai/clara-ai/dataconnect\": could not find dataconnect.yaml in `/Users/mac/clara-ai/clara-ai/dataconnect`\n"}}
[debug] [2025-12-02T09:58:30.444Z] E1202 10:58:30.444197   18675 watch.go:31] Failed to load config from "/Users/mac/clara-ai/clara-ai/dataconnect": could not find dataconnect.yaml in `/Users/mac/clara-ai/clara-ai/dataconnect`
 {"metadata":{"emulator":{"name":"dataconnect"},"message":"E1202 10:58:30.444197   18675 watch.go:31] Failed to load config from \"/Users/mac/clara-ai/clara-ai/dataconnect\": could not find dataconnect.yaml in `/Users/mac/clara-ai/clara-ai/dataconnect`\n"}}
[debug] [2025-12-02T09:58:40.445Z] E1202 10:58:40.444851   18675 watch.go:31] Failed to load config from "/Users/mac/clara-ai/clara-ai/dataconnect": could not find dataconnect.yaml in `/Users/mac/clara-ai/clara-ai/dataconnect`
 {"metadata":{"emulator":{"name":"dataconnect"},"message":"E1202 10:58:40.444851   18675 watch.go:31] Failed to load config from \"/Users/mac/clara-ai/clara-ai/dataconnect\": could not find dataconnect.yaml in `/Users/mac/clara-ai/clara-ai/dataconnect`\n"}}
[debug] [2025-12-02T09:58:50.445Z] E1202 10:58:50.444676   18675 watch.go:31] Failed to load config from "/Users/mac/clara-ai/clara-ai/dataconnect": could not find dataconnect.yaml in `/Users/mac/clara-ai/clara-ai/dataconnect`
 {"metadata":{"emulator":{"name":"dataconnect"},"message":"E1202 10:58:50.444676   18675 watch.go:31] Failed to load config from \"/Users/mac/clara-ai/clara-ai/dataconnect\": could not find dataconnect.yaml in `/Users/mac/clara-ai/clara-ai/dataconnect`\n"}}
[debug] [2025-12-02T09:59:00.445Z] E1202 10:59:00.445468   18675 watch.go:31] Failed to load config from "/Users/mac/clara-ai/clara-ai/dataconnect": could not find dataconnect.yaml in `/Users/mac/clara-ai/clara-ai/dataconnect`
 {"metadata":{"emulator":{"name":"dataconnect"},"message":"E1202 10:59:00.445468   18675 watch.go:31] Failed to load config from \"/Users/mac/clara-ai/clara-ai/dataconnect\": could not find dataconnect.yaml in `/Users/mac/clara-ai/clara-ai/dataconnect`\n"}}
[debug] [2025-12-02T09:59:10.445Z] E1202 10:59:10.445548   18675 watch.go:31] Failed to load config from "/Users/mac/clara-ai/clara-ai/dataconnect": could not find dataconnect.yaml in `/Users/mac/clara-ai/clara-ai/dataconnect`
 {"metadata":{"emulator":{"name":"dataconnect"},"message":"E1202 10:59:10.445548   18675 watch.go:31] Failed to load config from \"/Users/mac/clara-ai/clara-ai/dataconnect\": could not find dataconnect.yaml in `/Users/mac/clara-ai/clara-ai/dataconnect`\n"}}
[debug] [2025-12-02T09:59:20.446Z] E1202 10:59:20.446354   18675 watch.go:31] Failed to load config from "/Users/mac/clara-ai/clara-ai/dataconnect": could not find dataconnect.yaml in `/Users/mac/clara-ai/clara-ai/dataconnect`
 {"metadata":{"emulator":{"name":"dataconnect"},"message":"E1202 10:59:20.446354   18675 watch.go:31] Failed to load config from \"/Users/mac/clara-ai/clara-ai/dataconnect\": could not find dataconnect.yaml in `/Users/mac/clara-ai/clara-ai/dataconnect`\n"}}
[debug] [2025-12-02T09:59:30.445Z] E1202 10:59:30.445723   18675 watch.go:31] Failed to load config from "/Users/mac/clara-ai/clara-ai/dataconnect": could not find dataconnect.yaml in `/Users/mac/clara-ai/clara-ai/dataconnect`
 {"metadata":{"emulator":{"name":"dataconnect"},"message":"E1202 10:59:30.445723   18675 watch.go:31] Failed to load config from \"/Users/mac/clara-ai/clara-ai/dataconnect\": could not find dataconnect.yaml in `/Users/mac/clara-ai/clara-ai/dataconnect`\n"}}
[debug] [2025-12-02T09:59:40.446Z] E1202 10:59:40.445963   18675 watch.go:31] Failed to load config from "/Users/mac/clara-ai/clara-ai/dataconnect": could not find dataconnect.yaml in `/Users/mac/clara-ai/clara-ai/dataconnect`
 {"metadata":{"emulator":{"name":"dataconnect"},"message":"E1202 10:59:40.445963   18675 watch.go:31] Failed to load config from \"/Users/mac/clara-ai/clara-ai/dataconnect\": could not find dataconnect.yaml in `/Users/mac/clara-ai/clara-ai/dataconnect`\n"}}
[debug] [2025-12-02T09:59:50.446Z] E1202 10:59:50.446476   18675 watch.go:31] Failed to load config from "/Users/mac/clara-ai/clara-ai/dataconnect": could not find dataconnect.yaml in `/Users/mac/clara-ai/clara-ai/dataconnect`
E1202 10:59:50.446514   18675 watch.go:102] watchAllDir unable to walk dir `/Users/mac/clara-ai/clara-ai/dataconnect`: lstat /Users/mac/clara-ai/clara-ai/dataconnect: no such file or directory
 {"metadata":{"emulator":{"name":"dataconnect"},"message":"E1202 10:59:50.446476   18675 watch.go:31] Failed to load config from \"/Users/mac/clara-ai/clara-ai/dataconnect\": could not find dataconnect.yaml in `/Users/mac/clara-ai/clara-ai/dataconnect`\nE1202 10:59:50.446514   18675 watch.go:102] watchAllDir unable to walk dir `/Users/mac/clara-ai/clara-ai/dataconnect`: lstat /Users/mac/clara-ai/clara-ai/dataconnect: no such file or directory\n"}}
[debug] [2025-12-02T10:00:00.446Z] E1202 11:00:00.446685   18675 watch.go:31] Failed to load config from "/Users/mac/clara-ai/clara-ai/dataconnect": could not find dataconnect.yaml in `/Users/mac/clara-ai/clara-ai/dataconnect`
 {"metadata":{"emulator":{"name":"dataconnect"},"message":"E1202 11:00:00.446685   18675 watch.go:31] Failed to load config from \"/Users/mac/clara-ai/clara-ai/dataconnect\": could not find dataconnect.yaml in `/Users/mac/clara-ai/clara-ai/dataconnect`\n"}}
[debug] [2025-12-02T10:00:10.446Z] E1202 11:00:10.445988   18675 watch.go:31] Failed to load config from "/Users/mac/clara-ai/clara-ai/dataconnect": could not find dataconnect.yaml in `/Users/mac/clara-ai/clara-ai/dataconnect`
 {"metadata":{"emulator":{"name":"dataconnect"},"message":"E1202 11:00:10.445988   18675 watch.go:31] Failed to load config from \"/Users/mac/clara-ai/clara-ai/dataconnect\": could not find dataconnect.yaml in `/Users/mac/clara-ai/clara-ai/dataconnect`\n"}}
[debug] [2025-12-02T10:00:20.447Z] E1202 11:00:20.447077   18675 watch.go:31] Failed to load config from "/Users/mac/clara-ai/clara-ai/dataconnect": could not find dataconnect.yaml in `/Users/mac/clara-ai/clara-ai/dataconnect`
 {"metadata":{"emulator":{"name":"dataconnect"},"message":"E1202 11:00:20.447077   18675 watch.go:31] Failed to load config from \"/Users/mac/clara-ai/clara-ai/dataconnect\": could not find dataconnect.yaml in `/Users/mac/clara-ai/clara-ai/dataconnect`\n"}}
[debug] [2025-12-02T10:00:30.446Z] E1202 11:00:30.446803   18675 watch.go:31] Failed to load config from "/Users/mac/clara-ai/clara-ai/dataconnect": could not find dataconnect.yaml in `/Users/mac/clara-ai/clara-ai/dataconnect`
 {"metadata":{"emulator":{"name":"dataconnect"},"message":"E1202 11:00:30.446803   18675 watch.go:31] Failed to load config from \"/Users/mac/clara-ai/clara-ai/dataconnect\": could not find dataconnect.yaml in `/Users/mac/clara-ai/clara-ai/dataconnect`\n"}}
[debug] [2025-12-02T10:00:40.447Z] E1202 11:00:40.447030   18675 watch.go:31] Failed to load config from "/Users/mac/clara-ai/clara-ai/dataconnect": could not find dataconnect.yaml in `/Users/mac/clara-ai/clara-ai/dataconnect`
 {"metadata":{"emulator":{"name":"dataconnect"},"message":"E1202 11:00:40.447030   18675 watch.go:31] Failed to load config from \"/Users/mac/clara-ai/clara-ai/dataconnect\": could not find dataconnect.yaml in `/Users/mac/clara-ai/clara-ai/dataconnect`\n"}}
[debug] [2025-12-02T10:00:50.450Z] E1202 11:00:50.449848   18675 watch.go:31] Failed to load config from "/Users/mac/clara-ai/clara-ai/dataconnect": could not find dataconnect.yaml in `/Users/mac/clara-ai/clara-ai/dataconnect`
 {"metadata":{"emulator":{"name":"dataconnect"},"message":"E1202 11:00:50.449848   18675 watch.go:31] Failed to load config from \"/Users/mac/clara-ai/clara-ai/dataconnect\": could not find dataconnect.yaml in `/Users/mac/clara-ai/clara-ai/dataconnect`\n"}}
[debug] [2025-12-02T10:01:00.448Z] E1202 11:01:00.448563   18675 watch.go:31] Failed to load config from "/Users/mac/clara-ai/clara-ai/dataconnect": could not find dataconnect.yaml in `/Users/mac/clara-ai/clara-ai/dataconnect`
 {"metadata":{"emulator":{"name":"dataconnect"},"message":"E1202 11:01:00.448563   18675 watch.go:31] Failed to load config from \"/Users/mac/clara-ai/clara-ai/dataconnect\": could not find dataconnect.yaml in `/Users/mac/clara-ai/clara-ai/dataconnect`\n"}}
[debug] [2025-12-02T10:01:10.448Z] E1202 11:01:10.448798   18675 watch.go:31] Failed to load config from "/Users/mac/clara-ai/clara-ai/dataconnect": could not find dataconnect.yaml in `/Users/mac/clara-ai/clara-ai/dataconnect`
 {"metadata":{"emulator":{"name":"dataconnect"},"message":"E1202 11:01:10.448798   18675 watch.go:31] Failed to load config from \"/Users/mac/clara-ai/clara-ai/dataconnect\": could not find dataconnect.yaml in `/Users/mac/clara-ai/clara-ai/dataconnect`\n"}}
[debug] [2025-12-02T10:01:20.450Z] E1202 11:01:20.450665   18675 watch.go:31] Failed to load config from "/Users/mac/clara-ai/clara-ai/dataconnect": could not find dataconnect.yaml in `/Users/mac/clara-ai/clara-ai/dataconnect`
 {"metadata":{"emulator":{"name":"dataconnect"},"message":"E1202 11:01:20.450665   18675 watch.go:31] Failed to load config from \"/Users/mac/clara-ai/clara-ai/dataconnect\": could not find dataconnect.yaml in `/Users/mac/clara-ai/clara-ai/dataconnect`\n"}}
[debug] [2025-12-02T10:01:30.452Z] E1202 11:01:30.451921   18675 watch.go:31] Failed to load config from "/Users/mac/clara-ai/clara-ai/dataconnect": could not find dataconnect.yaml in `/Users/mac/clara-ai/clara-ai/dataconnect`
 {"metadata":{"emulator":{"name":"dataconnect"},"message":"E1202 11:01:30.451921   18675 watch.go:31] Failed to load config from \"/Users/mac/clara-ai/clara-ai/dataconnect\": could not find dataconnect.yaml in `/Users/mac/clara-ai/clara-ai/dataconnect`\n"}}
[debug] [2025-12-02T10:01:40.457Z] E1202 11:01:40.457569   18675 watch.go:31] Failed to load config from "/Users/mac/clara-ai/clara-ai/dataconnect": could not find dataconnect.yaml in `/Users/mac/clara-ai/clara-ai/dataconnect`
 {"metadata":{"emulator":{"name":"dataconnect"},"message":"E1202 11:01:40.457569   18675 watch.go:31] Failed to load config from \"/Users/mac/clara-ai/clara-ai/dataconnect\": could not find dataconnect.yaml in `/Users/mac/clara-ai/clara-ai/dataconnect`\n"}}
[debug] [2025-12-02T10:01:50.451Z] E1202 11:01:50.451510   18675 watch.go:31] Failed to load config from "/Users/mac/clara-ai/clara-ai/dataconnect": could not find dataconnect.yaml in `/Users/mac/clara-ai/clara-ai/dataconnect`
E1202 11:01:50.451560   18675 watch.go:102] watchAllDir unable to walk dir `/Users/mac/clara-ai/clara-ai/dataconnect`: lstat /Users/mac/clara-ai/clara-ai/dataconnect: no such file or directory
 {"metadata":{"emulator":{"name":"dataconnect"},"message":"E1202 11:01:50.451510   18675 watch.go:31] Failed to load config from \"/Users/mac/clara-ai/clara-ai/dataconnect\": could not find dataconnect.yaml in `/Users/mac/clara-ai/clara-ai/dataconnect`\nE1202 11:01:50.451560   18675 watch.go:102] watchAllDir unable to walk dir `/Users/mac/clara-ai/clara-ai/dataconnect`: lstat /Users/mac/clara-ai/clara-ai/dataconnect: no such file or directory\n"}}
[debug] [2025-12-02T10:02:00.456Z] E1202 11:02:00.456337   18675 watch.go:31] Failed to load config from "/Users/mac/clara-ai/clara-ai/dataconnect": could not find dataconnect.yaml in `/Users/mac/clara-ai/clara-ai/dataconnect`
 {"metadata":{"emulator":{"name":"dataconnect"},"message":"E1202 11:02:00.456337   18675 watch.go:31] Failed to load config from \"/Users/mac/clara-ai/clara-ai/dataconnect\": could not find dataconnect.yaml in `/Users/mac/clara-ai/clara-ai/dataconnect`\n"}}
[debug] [2025-12-02T10:02:10.453Z] E1202 11:02:10.453225   18675 watch.go:31] Failed to load config from "/Users/mac/clara-ai/clara-ai/dataconnect": could not find dataconnect.yaml in `/Users/mac/clara-ai/clara-ai/dataconnect`
 {"metadata":{"emulator":{"name":"dataconnect"},"message":"E1202 11:02:10.453225   18675 watch.go:31] Failed to load config from \"/Users/mac/clara-ai/clara-ai/dataconnect\": could not find dataconnect.yaml in `/Users/mac/clara-ai/clara-ai/dataconnect`\n"}}
[debug] [2025-12-02T10:02:20.452Z] E1202 11:02:20.449876   18675 watch.go:31] Failed to load config from "/Users/mac/clara-ai/clara-ai/dataconnect": could not find dataconnect.yaml in `/Users/mac/clara-ai/clara-ai/dataconnect`
 {"metadata":{"emulator":{"name":"dataconnect"},"message":"E1202 11:02:20.449876   18675 watch.go:31] Failed to load config from \"/Users/mac/clara-ai/clara-ai/dataconnect\": could not find dataconnect.yaml in `/Users/mac/clara-ai/clara-ai/dataconnect`\n"}}
[debug] [2025-12-02T10:02:30.450Z] E1202 11:02:30.450063   18675 watch.go:31] Failed to load config from "/Users/mac/clara-ai/clara-ai/dataconnect": could not find dataconnect.yaml in `/Users/mac/clara-ai/clara-ai/dataconnect`
 {"metadata":{"emulator":{"name":"dataconnect"},"message":"E1202 11:02:30.450063   18675 watch.go:31] Failed to load config from \"/Users/mac/clara-ai/clara-ai/dataconnect\": could not find dataconnect.yaml in `/Users/mac/clara-ai/clara-ai/dataconnect`\n"}}
[debug] [2025-12-02T10:02:40.450Z] E1202 11:02:40.450302   18675 watch.go:31] Failed to load config from "/Users/mac/clara-ai/clara-ai/dataconnect": could not find dataconnect.yaml in `/Users/mac/clara-ai/clara-ai/dataconnect`
 {"metadata":{"emulator":{"name":"dataconnect"},"message":"E1202 11:02:40.450302   18675 watch.go:31] Failed to load config from \"/Users/mac/clara-ai/clara-ai/dataconnect\": could not find dataconnect.yaml in `/Users/mac/clara-ai/clara-ai/dataconnect`\n"}}
[debug] [2025-12-02T10:02:50.451Z] E1202 11:02:50.450835   18675 watch.go:31] Failed to load config from "/Users/mac/clara-ai/clara-ai/dataconnect": could not find dataconnect.yaml in `/Users/mac/clara-ai/clara-ai/dataconnect`
 {"metadata":{"emulator":{"name":"dataconnect"},"message":"E1202 11:02:50.450835   18675 watch.go:31] Failed to load config from \"/Users/mac/clara-ai/clara-ai/dataconnect\": could not find dataconnect.yaml in `/Users/mac/clara-ai/clara-ai/dataconnect`\n"}}
[debug] [2025-12-02T10:03:00.450Z] E1202 11:03:00.449868   18675 watch.go:31] Failed to load config from "/Users/mac/clara-ai/clara-ai/dataconnect": could not find dataconnect.yaml in `/Users/mac/clara-ai/clara-ai/dataconnect`
 {"metadata":{"emulator":{"name":"dataconnect"},"message":"E1202 11:03:00.449868   18675 watch.go:31] Failed to load config from \"/Users/mac/clara-ai/clara-ai/dataconnect\": could not find dataconnect.yaml in `/Users/mac/clara-ai/clara-ai/dataconnect`\n"}}
[debug] [2025-12-02T10:03:10.451Z] E1202 11:03:10.451272   18675 watch.go:31] Failed to load config from "/Users/mac/clara-ai/clara-ai/dataconnect": could not find dataconnect.yaml in `/Users/mac/clara-ai/clara-ai/dataconnect`
 {"metadata":{"emulator":{"name":"dataconnect"},"message":"E1202 11:03:10.451272   18675 watch.go:31] Failed to load config from \"/Users/mac/clara-ai/clara-ai/dataconnect\": could not find dataconnect.yaml in `/Users/mac/clara-ai/clara-ai/dataconnect`\n"}}
[debug] [2025-12-02T10:03:20.451Z] E1202 11:03:20.451337   18675 watch.go:31] Failed to load config from "/Users/mac/clara-ai/clara-ai/dataconnect": could not find dataconnect.yaml in `/Users/mac/clara-ai/clara-ai/dataconnect`
 {"metadata":{"emulator":{"name":"dataconnect"},"message":"E1202 11:03:20.451337   18675 watch.go:31] Failed to load config from \"/Users/mac/clara-ai/clara-ai/dataconnect\": could not find dataconnect.yaml in `/Users/mac/clara-ai/clara-ai/dataconnect`\n"}}
[debug] [2025-12-02T10:03:30.451Z] E1202 11:03:30.451504   18675 watch.go:31] Failed to load config from "/Users/mac/clara-ai/clara-ai/dataconnect": could not find dataconnect.yaml in `/Users/mac/clara-ai/clara-ai/dataconnect`
 {"metadata":{"emulator":{"name":"dataconnect"},"message":"E1202 11:03:30.451504   18675 watch.go:31] Failed to load config from \"/Users/mac/clara-ai/clara-ai/dataconnect\": could not find dataconnect.yaml in `/Users/mac/clara-ai/clara-ai/dataconnect`\n"}}
[debug] [2025-12-02T10:03:40.451Z] E1202 11:03:40.451633   18675 watch.go:31] Failed to load config from "/Users/mac/clara-ai/clara-ai/dataconnect": could not find dataconnect.yaml in `/Users/mac/clara-ai/clara-ai/dataconnect`
 {"metadata":{"emulator":{"name":"dataconnect"},"message":"E1202 11:03:40.451633   18675 watch.go:31] Failed to load config from \"/Users/mac/clara-ai/clara-ai/dataconnect\": could not find dataconnect.yaml in `/Users/mac/clara-ai/clara-ai/dataconnect`\n"}}
[debug] [2025-12-02T10:03:50.468Z] E1202 11:03:50.467627   18675 watch.go:31] Failed to load config from "/Users/mac/clara-ai/clara-ai/dataconnect": could not find dataconnect.yaml in `/Users/mac/clara-ai/clara-ai/dataconnect`
 {"metadata":{"emulator":{"name":"dataconnect"},"message":"E1202 11:03:50.467627   18675 watch.go:31] Failed to load config from \"/Users/mac/clara-ai/clara-ai/dataconnect\": could not find dataconnect.yaml in `/Users/mac/clara-ai/clara-ai/dataconnect`\n"}}
[debug] [2025-12-02T10:03:50.471Z] E1202 11:03:50.467702   18675 watch.go:102] watchAllDir unable to walk dir `/Users/mac/clara-ai/clara-ai/dataconnect`: lstat /Users/mac/clara-ai/clara-ai/dataconnect: no such file or directory
 {"metadata":{"emulator":{"name":"dataconnect"},"message":"E1202 11:03:50.467702   18675 watch.go:102] watchAllDir unable to walk dir `/Users/mac/clara-ai/clara-ai/dataconnect`: lstat /Users/mac/clara-ai/clara-ai/dataconnect: no such file or directory\n"}}
[debug] [2025-12-02T10:04:00.455Z] E1202 11:04:00.455346   18675 watch.go:31] Failed to load config from "/Users/mac/clara-ai/clara-ai/dataconnect": could not find dataconnect.yaml in `/Users/mac/clara-ai/clara-ai/dataconnect`
 {"metadata":{"emulator":{"name":"dataconnect"},"message":"E1202 11:04:00.455346   18675 watch.go:31] Failed to load config from \"/Users/mac/clara-ai/clara-ai/dataconnect\": could not find dataconnect.yaml in `/Users/mac/clara-ai/clara-ai/dataconnect`\n"}}
[debug] [2025-12-02T10:04:10.453Z] E1202 11:04:10.452518   18675 watch.go:31] Failed to load config from "/Users/mac/clara-ai/clara-ai/dataconnect": could not find dataconnect.yaml in `/Users/mac/clara-ai/clara-ai/dataconnect`
 {"metadata":{"emulator":{"name":"dataconnect"},"message":"E1202 11:04:10.452518   18675 watch.go:31] Failed to load config from \"/Users/mac/clara-ai/clara-ai/dataconnect\": could not find dataconnect.yaml in `/Users/mac/clara-ai/clara-ai/dataconnect`\n"}}
[debug] [2025-12-02T10:04:20.459Z] E1202 11:04:20.459732   18675 watch.go:31] Failed to load config from "/Users/mac/clara-ai/clara-ai/dataconnect": could not find dataconnect.yaml in `/Users/mac/clara-ai/clara-ai/dataconnect`
 {"metadata":{"emulator":{"name":"dataconnect"},"message":"E1202 11:04:20.459732   18675 watch.go:31] Failed to load config from \"/Users/mac/clara-ai/clara-ai/dataconnect\": could not find dataconnect.yaml in `/Users/mac/clara-ai/clara-ai/dataconnect`\n"}}
[debug] [2025-12-02T10:04:30.453Z] E1202 11:04:30.453072   18675 watch.go:31] Failed to load config from "/Users/mac/clara-ai/clara-ai/dataconnect": could not find dataconnect.yaml in `/Users/mac/clara-ai/clara-ai/dataconnect`
 {"metadata":{"emulator":{"name":"dataconnect"},"message":"E1202 11:04:30.453072   18675 watch.go:31] Failed to load config from \"/Users/mac/clara-ai/clara-ai/dataconnect\": could not find dataconnect.yaml in `/Users/mac/clara-ai/clara-ai/dataconnect`\n"}}
[debug] [2025-12-02T10:04:40.452Z] E1202 11:04:40.452331   18675 watch.go:31] Failed to load config from "/Users/mac/clara-ai/clara-ai/dataconnect": could not find dataconnect.yaml in `/Users/mac/clara-ai/clara-ai/dataconnect`
 {"metadata":{"emulator":{"name":"dataconnect"},"message":"E1202 11:04:40.452331   18675 watch.go:31] Failed to load config from \"/Users/mac/clara-ai/clara-ai/dataconnect\": could not find dataconnect.yaml in `/Users/mac/clara-ai/clara-ai/dataconnect`\n"}}
[debug] [2025-12-02T10:04:50.454Z] E1202 11:04:50.453885   18675 watch.go:31] Failed to load config from "/Users/mac/clara-ai/clara-ai/dataconnect": could not find dataconnect.yaml in `/Users/mac/clara-ai/clara-ai/dataconnect`
 {"metadata":{"emulator":{"name":"dataconnect"},"message":"E1202 11:04:50.453885   18675 watch.go:31] Failed to load config from \"/Users/mac/clara-ai/clara-ai/dataconnect\": could not find dataconnect.yaml in `/Users/mac/clara-ai/clara-ai/dataconnect`\n"}}
[debug] [2025-12-02T10:05:00.453Z] E1202 11:05:00.453475   18675 watch.go:31] Failed to load config from "/Users/mac/clara-ai/clara-ai/dataconnect": could not find dataconnect.yaml in `/Users/mac/clara-ai/clara-ai/dataconnect`
 {"metadata":{"emulator":{"name":"dataconnect"},"message":"E1202 11:05:00.453475   18675 watch.go:31] Failed to load config from \"/Users/mac/clara-ai/clara-ai/dataconnect\": could not find dataconnect.yaml in `/Users/mac/clara-ai/clara-ai/dataconnect`\n"}}
[debug] [2025-12-02T10:05:10.453Z] E1202 11:05:10.453544   18675 watch.go:31] Failed to load config from "/Users/mac/clara-ai/clara-ai/dataconnect": could not find dataconnect.yaml in `/Users/mac/clara-ai/clara-ai/dataconnect`
 {"metadata":{"emulator":{"name":"dataconnect"},"message":"E1202 11:05:10.453544   18675 watch.go:31] Failed to load config from \"/Users/mac/clara-ai/clara-ai/dataconnect\": could not find dataconnect.yaml in `/Users/mac/clara-ai/clara-ai/dataconnect`\n"}}
[debug] [2025-12-02T10:05:20.454Z] E1202 11:05:20.453885   18675 watch.go:31] Failed to load config from "/Users/mac/clara-ai/clara-ai/dataconnect": could not find dataconnect.yaml in `/Users/mac/clara-ai/clara-ai/dataconnect`
 {"metadata":{"emulator":{"name":"dataconnect"},"message":"E1202 11:05:20.453885   18675 watch.go:31] Failed to load config from \"/Users/mac/clara-ai/clara-ai/dataconnect\": could not find dataconnect.yaml in `/Users/mac/clara-ai/clara-ai/dataconnect`\n"}}
[debug] [2025-12-02T10:05:30.457Z] E1202 11:05:30.456622   18675 watch.go:31] Failed to load config from "/Users/mac/clara-ai/clara-ai/dataconnect": could not find dataconnect.yaml in `/Users/mac/clara-ai/clara-ai/dataconnect`
 {"metadata":{"emulator":{"name":"dataconnect"},"message":"E1202 11:05:30.456622   18675 watch.go:31] Failed to load config from \"/Users/mac/clara-ai/clara-ai/dataconnect\": could not find dataconnect.yaml in `/Users/mac/clara-ai/clara-ai/dataconnect`\n"}}
[debug] [2025-12-02T10:05:40.465Z] E1202 11:05:40.464785   18675 watch.go:31] Failed to load config from "/Users/mac/clara-ai/clara-ai/dataconnect": could not find dataconnect.yaml in `/Users/mac/clara-ai/clara-ai/dataconnect`
 {"metadata":{"emulator":{"name":"dataconnect"},"message":"E1202 11:05:40.464785   18675 watch.go:31] Failed to load config from \"/Users/mac/clara-ai/clara-ai/dataconnect\": could not find dataconnect.yaml in `/Users/mac/clara-ai/clara-ai/dataconnect`\n"}}
[debug] [2025-12-02T10:05:50.458Z] E1202 11:05:50.458119   18675 watch.go:31] Failed to load config from "/Users/mac/clara-ai/clara-ai/dataconnect": could not find dataconnect.yaml in `/Users/mac/clara-ai/clara-ai/dataconnect`
E1202 11:05:50.458198   18675 watch.go:102] watchAllDir unable to walk dir `/Users/mac/clara-ai/clara-ai/dataconnect`: lstat /Users/mac/clara-ai/clara-ai/dataconnect: no such file or directory
 {"metadata":{"emulator":{"name":"dataconnect"},"message":"E1202 11:05:50.458119   18675 watch.go:31] Failed to load config from \"/Users/mac/clara-ai/clara-ai/dataconnect\": could not find dataconnect.yaml in `/Users/mac/clara-ai/clara-ai/dataconnect`\nE1202 11:05:50.458198   18675 watch.go:102] watchAllDir unable to walk dir `/Users/mac/clara-ai/clara-ai/dataconnect`: lstat /Users/mac/clara-ai/clara-ai/dataconnect: no such file or directory\n"}}
[debug] [2025-12-02T10:06:00.462Z] E1202 11:06:00.462246   18675 watch.go:31] Failed to load config from "/Users/mac/clara-ai/clara-ai/dataconnect": could not find dataconnect.yaml in `/Users/mac/clara-ai/clara-ai/dataconnect`
 {"metadata":{"emulator":{"name":"dataconnect"},"message":"E1202 11:06:00.462246   18675 watch.go:31] Failed to load config from \"/Users/mac/clara-ai/clara-ai/dataconnect\": could not find dataconnect.yaml in `/Users/mac/clara-ai/clara-ai/dataconnect`\n"}}
[debug] [2025-12-02T10:06:10.460Z] E1202 11:06:10.460379   18675 watch.go:31] Failed to load config from "/Users/mac/clara-ai/clara-ai/dataconnect": could not find dataconnect.yaml in `/Users/mac/clara-ai/clara-ai/dataconnect`
 {"metadata":{"emulator":{"name":"dataconnect"},"message":"E1202 11:06:10.460379   18675 watch.go:31] Failed to load config from \"/Users/mac/clara-ai/clara-ai/dataconnect\": could not find dataconnect.yaml in `/Users/mac/clara-ai/clara-ai/dataconnect`\n"}}
[debug] [2025-12-02T10:06:20.454Z] E1202 11:06:20.454495   18675 watch.go:31] Failed to load config from "/Users/mac/clara-ai/clara-ai/dataconnect": could not find dataconnect.yaml in `/Users/mac/clara-ai/clara-ai/dataconnect`
 {"metadata":{"emulator":{"name":"dataconnect"},"message":"E1202 11:06:20.454495   18675 watch.go:31] Failed to load config from \"/Users/mac/clara-ai/clara-ai/dataconnect\": could not find dataconnect.yaml in `/Users/mac/clara-ai/clara-ai/dataconnect`\n"}}
[debug] [2025-12-02T10:06:30.462Z] E1202 11:06:30.461922   18675 watch.go:31] Failed to load config from "/Users/mac/clara-ai/clara-ai/dataconnect": could not find dataconnect.yaml in `/Users/mac/clara-ai/clara-ai/dataconnect`
 {"metadata":{"emulator":{"name":"dataconnect"},"message":"E1202 11:06:30.461922   18675 watch.go:31] Failed to load config from \"/Users/mac/clara-ai/clara-ai/dataconnect\": could not find dataconnect.yaml in `/Users/mac/clara-ai/clara-ai/dataconnect`\n"}}
[debug] [2025-12-02T10:06:40.455Z] E1202 11:06:40.455254   18675 watch.go:31] Failed to load config from "/Users/mac/clara-ai/clara-ai/dataconnect": could not find dataconnect.yaml in `/Users/mac/clara-ai/clara-ai/dataconnect`
 {"metadata":{"emulator":{"name":"dataconnect"},"message":"E1202 11:06:40.455254   18675 watch.go:31] Failed to load config from \"/Users/mac/clara-ai/clara-ai/dataconnect\": could not find dataconnect.yaml in `/Users/mac/clara-ai/clara-ai/dataconnect`\n"}}
[debug] [2025-12-02T10:06:50.455Z] E1202 11:06:50.455044   18675 watch.go:31] Failed to load config from "/Users/mac/clara-ai/clara-ai/dataconnect": could not find dataconnect.yaml in `/Users/mac/clara-ai/clara-ai/dataconnect`
 {"metadata":{"emulator":{"name":"dataconnect"},"message":"E1202 11:06:50.455044   18675 watch.go:31] Failed to load config from \"/Users/mac/clara-ai/clara-ai/dataconnect\": could not find dataconnect.yaml in `/Users/mac/clara-ai/clara-ai/dataconnect`\n"}}
[debug] [2025-12-02T10:07:00.456Z] E1202 11:07:00.456244   18675 watch.go:31] Failed to load config from "/Users/mac/clara-ai/clara-ai/dataconnect": could not find dataconnect.yaml in `/Users/mac/clara-ai/clara-ai/dataconnect`
 {"metadata":{"emulator":{"name":"dataconnect"},"message":"E1202 11:07:00.456244   18675 watch.go:31] Failed to load config from \"/Users/mac/clara-ai/clara-ai/dataconnect\": could not find dataconnect.yaml in `/Users/mac/clara-ai/clara-ai/dataconnect`\n"}}
[debug] [2025-12-02T10:07:10.455Z] E1202 11:07:10.455637   18675 watch.go:31] Failed to load config from "/Users/mac/clara-ai/clara-ai/dataconnect": could not find dataconnect.yaml in `/Users/mac/clara-ai/clara-ai/dataconnect`
 {"metadata":{"emulator":{"name":"dataconnect"},"message":"E1202 11:07:10.455637   18675 watch.go:31] Failed to load config from \"/Users/mac/clara-ai/clara-ai/dataconnect\": could not find dataconnect.yaml in `/Users/mac/clara-ai/clara-ai/dataconnect`\n"}}
[debug] [2025-12-02T10:07:20.456Z] E1202 11:07:20.455929   18675 watch.go:31] Failed to load config from "/Users/mac/clara-ai/clara-ai/dataconnect": could not find dataconnect.yaml in `/Users/mac/clara-ai/clara-ai/dataconnect`
 {"metadata":{"emulator":{"name":"dataconnect"},"message":"E1202 11:07:20.455929   18675 watch.go:31] Failed to load config from \"/Users/mac/clara-ai/clara-ai/dataconnect\": could not find dataconnect.yaml in `/Users/mac/clara-ai/clara-ai/dataconnect`\n"}}
[debug] [2025-12-02T10:07:30.457Z] E1202 11:07:30.457496   18675 watch.go:31] Failed to load config from "/Users/mac/clara-ai/clara-ai/dataconnect": could not find dataconnect.yaml in `/Users/mac/clara-ai/clara-ai/dataconnect`
 {"metadata":{"emulator":{"name":"dataconnect"},"message":"E1202 11:07:30.457496   18675 watch.go:31] Failed to load config from \"/Users/mac/clara-ai/clara-ai/dataconnect\": could not find dataconnect.yaml in `/Users/mac/clara-ai/clara-ai/dataconnect`\n"}}
[debug] [2025-12-02T10:07:40.457Z] E1202 11:07:40.457567   18675 watch.go:31] Failed to load config from "/Users/mac/clara-ai/clara-ai/dataconnect": could not find dataconnect.yaml in `/Users/mac/clara-ai/clara-ai/dataconnect`
 {"metadata":{"emulator":{"name":"dataconnect"},"message":"E1202 11:07:40.457567   18675 watch.go:31] Failed to load config from \"/Users/mac/clara-ai/clara-ai/dataconnect\": could not find dataconnect.yaml in `/Users/mac/clara-ai/clara-ai/dataconnect`\n"}}
[debug] [2025-12-02T10:07:50.456Z] E1202 11:07:50.456500   18675 watch.go:31] Failed to load config from "/Users/mac/clara-ai/clara-ai/dataconnect": could not find dataconnect.yaml in `/Users/mac/clara-ai/clara-ai/dataconnect`
E1202 11:07:50.456549   18675 watch.go:102] watchAllDir unable to walk dir `/Users/mac/clara-ai/clara-ai/dataconnect`: lstat /Users/mac/clara-ai/clara-ai/dataconnect: no such file or directory
 {"metadata":{"emulator":{"name":"dataconnect"},"message":"E1202 11:07:50.456500   18675 watch.go:31] Failed to load config from \"/Users/mac/clara-ai/clara-ai/dataconnect\": could not find dataconnect.yaml in `/Users/mac/clara-ai/clara-ai/dataconnect`\nE1202 11:07:50.456549   18675 watch.go:102] watchAllDir unable to walk dir `/Users/mac/clara-ai/clara-ai/dataconnect`: lstat /Users/mac/clara-ai/clara-ai/dataconnect: no such file or directory\n"}}
[debug] [2025-12-02T10:08:00.458Z] E1202 11:08:00.457757   18675 watch.go:31] Failed to load config from "/Users/mac/clara-ai/clara-ai/dataconnect": could not find dataconnect.yaml in `/Users/mac/clara-ai/clara-ai/dataconnect`
 {"metadata":{"emulator":{"name":"dataconnect"},"message":"E1202 11:08:00.457757   18675 watch.go:31] Failed to load config from \"/Users/mac/clara-ai/clara-ai/dataconnect\": could not find dataconnect.yaml in `/Users/mac/clara-ai/clara-ai/dataconnect`\n"}}
[debug] [2025-12-02T10:08:10.458Z] E1202 11:08:10.457871   18675 watch.go:31] Failed to load config from "/Users/mac/clara-ai/clara-ai/dataconnect": could not find dataconnect.yaml in `/Users/mac/clara-ai/clara-ai/dataconnect`
 {"metadata":{"emulator":{"name":"dataconnect"},"message":"E1202 11:08:10.457871   18675 watch.go:31] Failed to load config from \"/Users/mac/clara-ai/clara-ai/dataconnect\": could not find dataconnect.yaml in `/Users/mac/clara-ai/clara-ai/dataconnect`\n"}}
[debug] [2025-12-02T10:08:20.463Z] E1202 11:08:20.463539   18675 watch.go:31] Failed to load config from "/Users/mac/clara-ai/clara-ai/dataconnect": could not find dataconnect.yaml in `/Users/mac/clara-ai/clara-ai/dataconnect`
 {"metadata":{"emulator":{"name":"dataconnect"},"message":"E1202 11:08:20.463539   18675 watch.go:31] Failed to load config from \"/Users/mac/clara-ai/clara-ai/dataconnect\": could not find dataconnect.yaml in `/Users/mac/clara-ai/clara-ai/dataconnect`\n"}}
[debug] [2025-12-02T10:08:30.460Z] E1202 11:08:30.460318   18675 watch.go:31] Failed to load config from "/Users/mac/clara-ai/clara-ai/dataconnect": could not find dataconnect.yaml in `/Users/mac/clara-ai/clara-ai/dataconnect`
 {"metadata":{"emulator":{"name":"dataconnect"},"message":"E1202 11:08:30.460318   18675 watch.go:31] Failed to load config from \"/Users/mac/clara-ai/clara-ai/dataconnect\": could not find dataconnect.yaml in `/Users/mac/clara-ai/clara-ai/dataconnect`\n"}}
[debug] [2025-12-02T10:08:40.460Z] E1202 11:08:40.458474   18675 watch.go:31] Failed to load config from "/Users/mac/clara-ai/clara-ai/dataconnect": could not find dataconnect.yaml in `/Users/mac/clara-ai/clara-ai/dataconnect`
 {"metadata":{"emulator":{"name":"dataconnect"},"message":"E1202 11:08:40.458474   18675 watch.go:31] Failed to load config from \"/Users/mac/clara-ai/clara-ai/dataconnect\": could not find dataconnect.yaml in `/Users/mac/clara-ai/clara-ai/dataconnect`\n"}}
[debug] [2025-12-02T10:08:50.459Z] E1202 11:08:50.458565   18675 watch.go:31] Failed to load config from "/Users/mac/clara-ai/clara-ai/dataconnect": could not find dataconnect.yaml in `/Users/mac/clara-ai/clara-ai/dataconnect`
 {"metadata":{"emulator":{"name":"dataconnect"},"message":"E1202 11:08:50.458565   18675 watch.go:31] Failed to load config from \"/Users/mac/clara-ai/clara-ai/dataconnect\": could not find dataconnect.yaml in `/Users/mac/clara-ai/clara-ai/dataconnect`\n"}}
[debug] [2025-12-02T10:09:00.459Z] E1202 11:09:00.459617   18675 watch.go:31] Failed to load config from "/Users/mac/clara-ai/clara-ai/dataconnect": could not find dataconnect.yaml in `/Users/mac/clara-ai/clara-ai/dataconnect`
 {"metadata":{"emulator":{"name":"dataconnect"},"message":"E1202 11:09:00.459617   18675 watch.go:31] Failed to load config from \"/Users/mac/clara-ai/clara-ai/dataconnect\": could not find dataconnect.yaml in `/Users/mac/clara-ai/clara-ai/dataconnect`\n"}}
[debug] [2025-12-02T10:09:10.463Z] E1202 11:09:10.462854   18675 watch.go:31] Failed to load config from "/Users/mac/clara-ai/clara-ai/dataconnect": could not find dataconnect.yaml in `/Users/mac/clara-ai/clara-ai/dataconnect`
 {"metadata":{"emulator":{"name":"dataconnect"},"message":"E1202 11:09:10.462854   18675 watch.go:31] Failed to load config from \"/Users/mac/clara-ai/clara-ai/dataconnect\": could not find dataconnect.yaml in `/Users/mac/clara-ai/clara-ai/dataconnect`\n"}}
[debug] [2025-12-02T10:09:20.460Z] E1202 11:09:20.460071   18675 watch.go:31] Failed to load config from "/Users/mac/clara-ai/clara-ai/dataconnect": could not find dataconnect.yaml in `/Users/mac/clara-ai/clara-ai/dataconnect`
 {"metadata":{"emulator":{"name":"dataconnect"},"message":"E1202 11:09:20.460071   18675 watch.go:31] Failed to load config from \"/Users/mac/clara-ai/clara-ai/dataconnect\": could not find dataconnect.yaml in `/Users/mac/clara-ai/clara-ai/dataconnect`\n"}}
[debug] [2025-12-02T10:09:30.482Z] E1202 11:09:30.468053   18675 watch.go:31] Failed to load config from "/Users/mac/clara-ai/clara-ai/dataconnect": could not find dataconnect.yaml in `/Users/mac/clara-ai/clara-ai/dataconnect`
 {"metadata":{"emulator":{"name":"dataconnect"},"message":"E1202 11:09:30.468053   18675 watch.go:31] Failed to load config from \"/Users/mac/clara-ai/clara-ai/dataconnect\": could not find dataconnect.yaml in `/Users/mac/clara-ai/clara-ai/dataconnect`\n"}}
[debug] [2025-12-02T10:09:40.478Z] E1202 11:09:40.477774   18675 watch.go:31] Failed to load config from "/Users/mac/clara-ai/clara-ai/dataconnect": could not find dataconnect.yaml in `/Users/mac/clara-ai/clara-ai/dataconnect`
 {"metadata":{"emulator":{"name":"dataconnect"},"message":"E1202 11:09:40.477774   18675 watch.go:31] Failed to load config from \"/Users/mac/clara-ai/clara-ai/dataconnect\": could not find dataconnect.yaml in `/Users/mac/clara-ai/clara-ai/dataconnect`\n"}}
[debug] [2025-12-02T10:09:50.462Z] E1202 11:09:50.462041   18675 watch.go:31] Failed to load config from "/Users/mac/clara-ai/clara-ai/dataconnect": could not find dataconnect.yaml in `/Users/mac/clara-ai/clara-ai/dataconnect`
E1202 11:09:50.462112   18675 watch.go:102] watchAllDir unable to walk dir `/Users/mac/clara-ai/clara-ai/dataconnect`: lstat /Users/mac/clara-ai/clara-ai/dataconnect: no such file or directory
 {"metadata":{"emulator":{"name":"dataconnect"},"message":"E1202 11:09:50.462041   18675 watch.go:31] Failed to load config from \"/Users/mac/clara-ai/clara-ai/dataconnect\": could not find dataconnect.yaml in `/Users/mac/clara-ai/clara-ai/dataconnect`\nE1202 11:09:50.462112   18675 watch.go:102] watchAllDir unable to walk dir `/Users/mac/clara-ai/clara-ai/dataconnect`: lstat /Users/mac/clara-ai/clara-ai/dataconnect: no such file or directory\n"}}
[debug] [2025-12-02T10:10:00.471Z] E1202 11:10:00.468454   18675 watch.go:31] Failed to load config from "/Users/mac/clara-ai/clara-ai/dataconnect": could not find dataconnect.yaml in `/Users/mac/clara-ai/clara-ai/dataconnect`
 {"metadata":{"emulator":{"name":"dataconnect"},"message":"E1202 11:10:00.468454   18675 watch.go:31] Failed to load config from \"/Users/mac/clara-ai/clara-ai/dataconnect\": could not find dataconnect.yaml in `/Users/mac/clara-ai/clara-ai/dataconnect`\n"}}
[debug] [2025-12-02T10:10:10.465Z] E1202 11:10:10.465301   18675 watch.go:31] Failed to load config from "/Users/mac/clara-ai/clara-ai/dataconnect": could not find dataconnect.yaml in `/Users/mac/clara-ai/clara-ai/dataconnect`
 {"metadata":{"emulator":{"name":"dataconnect"},"message":"E1202 11:10:10.465301   18675 watch.go:31] Failed to load config from \"/Users/mac/clara-ai/clara-ai/dataconnect\": could not find dataconnect.yaml in `/Users/mac/clara-ai/clara-ai/dataconnect`\n"}}
[debug] [2025-12-02T10:10:20.461Z] E1202 11:10:20.461008   18675 watch.go:31] Failed to load config from "/Users/mac/clara-ai/clara-ai/dataconnect": could not find dataconnect.yaml in `/Users/mac/clara-ai/clara-ai/dataconnect`
 {"metadata":{"emulator":{"name":"dataconnect"},"message":"E1202 11:10:20.461008   18675 watch.go:31] Failed to load config from \"/Users/mac/clara-ai/clara-ai/dataconnect\": could not find dataconnect.yaml in `/Users/mac/clara-ai/clara-ai/dataconnect`\n"}}
[debug] [2025-12-02T10:10:30.468Z] E1202 11:10:30.468376   18675 watch.go:31] Failed to load config from "/Users/mac/clara-ai/clara-ai/dataconnect": could not find dataconnect.yaml in `/Users/mac/clara-ai/clara-ai/dataconnect`
 {"metadata":{"emulator":{"name":"dataconnect"},"message":"E1202 11:10:30.468376   18675 watch.go:31] Failed to load config from \"/Users/mac/clara-ai/clara-ai/dataconnect\": could not find dataconnect.yaml in `/Users/mac/clara-ai/clara-ai/dataconnect`\n"}}
[debug] [2025-12-02T10:10:40.461Z] E1202 11:10:40.461230   18675 watch.go:31] Failed to load config from "/Users/mac/clara-ai/clara-ai/dataconnect": could not find dataconnect.yaml in `/Users/mac/clara-ai/clara-ai/dataconnect`
 {"metadata":{"emulator":{"name":"dataconnect"},"message":"E1202 11:10:40.461230   18675 watch.go:31] Failed to load config from \"/Users/mac/clara-ai/clara-ai/dataconnect\": could not find dataconnect.yaml in `/Users/mac/clara-ai/clara-ai/dataconnect`\n"}}
[debug] [2025-12-02T10:10:50.474Z] E1202 11:10:50.472264   18675 watch.go:31] Failed to load config from "/Users/mac/clara-ai/clara-ai/dataconnect": could not find dataconnect.yaml in `/Users/mac/clara-ai/clara-ai/dataconnect`
 {"metadata":{"emulator":{"name":"dataconnect"},"message":"E1202 11:10:50.472264   18675 watch.go:31] Failed to load config from \"/Users/mac/clara-ai/clara-ai/dataconnect\": could not find dataconnect.yaml in `/Users/mac/clara-ai/clara-ai/dataconnect`\n"}}
[debug] [2025-12-02T10:11:00.478Z] E1202 11:11:00.475958   18675 watch.go:31] Failed to load config from "/Users/mac/clara-ai/clara-ai/dataconnect": could not find dataconnect.yaml in `/Users/mac/clara-ai/clara-ai/dataconnect`
 {"metadata":{"emulator":{"name":"dataconnect"},"message":"E1202 11:11:00.475958   18675 watch.go:31] Failed to load config from \"/Users/mac/clara-ai/clara-ai/dataconnect\": could not find dataconnect.yaml in `/Users/mac/clara-ai/clara-ai/dataconnect`\n"}}
[debug] [2025-12-02T10:11:10.462Z] E1202 11:11:10.461933   18675 watch.go:31] Failed to load config from "/Users/mac/clara-ai/clara-ai/dataconnect": could not find dataconnect.yaml in `/Users/mac/clara-ai/clara-ai/dataconnect`
 {"metadata":{"emulator":{"name":"dataconnect"},"message":"E1202 11:11:10.461933   18675 watch.go:31] Failed to load config from \"/Users/mac/clara-ai/clara-ai/dataconnect\": could not find dataconnect.yaml in `/Users/mac/clara-ai/clara-ai/dataconnect`\n"}}
[debug] [2025-12-02T10:11:20.461Z] E1202 11:11:20.461558   18675 watch.go:31] Failed to load config from "/Users/mac/clara-ai/clara-ai/dataconnect": could not find dataconnect.yaml in `/Users/mac/clara-ai/clara-ai/dataconnect`
 {"metadata":{"emulator":{"name":"dataconnect"},"message":"E1202 11:11:20.461558   18675 watch.go:31] Failed to load config from \"/Users/mac/clara-ai/clara-ai/dataconnect\": could not find dataconnect.yaml in `/Users/mac/clara-ai/clara-ai/dataconnect`\n"}}
[debug] [2025-12-02T10:11:30.462Z] E1202 11:11:30.461464   18675 watch.go:31] Failed to load config from "/Users/mac/clara-ai/clara-ai/dataconnect": could not find dataconnect.yaml in `/Users/mac/clara-ai/clara-ai/dataconnect`
 {"metadata":{"emulator":{"name":"dataconnect"},"message":"E1202 11:11:30.461464   18675 watch.go:31] Failed to load config from \"/Users/mac/clara-ai/clara-ai/dataconnect\": could not find dataconnect.yaml in `/Users/mac/clara-ai/clara-ai/dataconnect`\n"}}
[debug] [2025-12-02T10:11:40.462Z] E1202 11:11:40.462049   18675 watch.go:31] Failed to load config from "/Users/mac/clara-ai/clara-ai/dataconnect": could not find dataconnect.yaml in `/Users/mac/clara-ai/clara-ai/dataconnect`
 {"metadata":{"emulator":{"name":"dataconnect"},"message":"E1202 11:11:40.462049   18675 watch.go:31] Failed to load config from \"/Users/mac/clara-ai/clara-ai/dataconnect\": could not find dataconnect.yaml in `/Users/mac/clara-ai/clara-ai/dataconnect`\n"}}
[debug] [2025-12-02T10:11:50.463Z] E1202 11:11:50.463586   18675 watch.go:31] Failed to load config from "/Users/mac/clara-ai/clara-ai/dataconnect": could not find dataconnect.yaml in `/Users/mac/clara-ai/clara-ai/dataconnect`
 {"metadata":{"emulator":{"name":"dataconnect"},"message":"E1202 11:11:50.463586   18675 watch.go:31] Failed to load config from \"/Users/mac/clara-ai/clara-ai/dataconnect\": could not find dataconnect.yaml in `/Users/mac/clara-ai/clara-ai/dataconnect`\n"}}
[debug] [2025-12-02T10:11:50.465Z] E1202 11:11:50.463631   18675 watch.go:102] watchAllDir unable to walk dir `/Users/mac/clara-ai/clara-ai/dataconnect`: lstat /Users/mac/clara-ai/clara-ai/dataconnect: no such file or directory
 {"metadata":{"emulator":{"name":"dataconnect"},"message":"E1202 11:11:50.463631   18675 watch.go:102] watchAllDir unable to walk dir `/Users/mac/clara-ai/clara-ai/dataconnect`: lstat /Users/mac/clara-ai/clara-ai/dataconnect: no such file or directory\n"}}
[debug] [2025-12-02T10:12:00.463Z] E1202 11:12:00.462815   18675 watch.go:31] Failed to load config from "/Users/mac/clara-ai/clara-ai/dataconnect": could not find dataconnect.yaml in `/Users/mac/clara-ai/clara-ai/dataconnect`
 {"metadata":{"emulator":{"name":"dataconnect"},"message":"E1202 11:12:00.462815   18675 watch.go:31] Failed to load config from \"/Users/mac/clara-ai/clara-ai/dataconnect\": could not find dataconnect.yaml in `/Users/mac/clara-ai/clara-ai/dataconnect`\n"}}
[debug] [2025-12-02T10:12:10.463Z] E1202 11:12:10.463616   18675 watch.go:31] Failed to load config from "/Users/mac/clara-ai/clara-ai/dataconnect": could not find dataconnect.yaml in `/Users/mac/clara-ai/clara-ai/dataconnect`
 {"metadata":{"emulator":{"name":"dataconnect"},"message":"E1202 11:12:10.463616   18675 watch.go:31] Failed to load config from \"/Users/mac/clara-ai/clara-ai/dataconnect\": could not find dataconnect.yaml in `/Users/mac/clara-ai/clara-ai/dataconnect`\n"}}
[debug] [2025-12-02T10:12:20.463Z] E1202 11:12:20.462909   18675 watch.go:31] Failed to load config from "/Users/mac/clara-ai/clara-ai/dataconnect": could not find dataconnect.yaml in `/Users/mac/clara-ai/clara-ai/dataconnect`
 {"metadata":{"emulator":{"name":"dataconnect"},"message":"E1202 11:12:20.462909   18675 watch.go:31] Failed to load config from \"/Users/mac/clara-ai/clara-ai/dataconnect\": could not find dataconnect.yaml in `/Users/mac/clara-ai/clara-ai/dataconnect`\n"}}
[debug] [2025-12-02T10:12:30.463Z] E1202 11:12:30.463704   18675 watch.go:31] Failed to load config from "/Users/mac/clara-ai/clara-ai/dataconnect": could not find dataconnect.yaml in `/Users/mac/clara-ai/clara-ai/dataconnect`
 {"metadata":{"emulator":{"name":"dataconnect"},"message":"E1202 11:12:30.463704   18675 watch.go:31] Failed to load config from \"/Users/mac/clara-ai/clara-ai/dataconnect\": could not find dataconnect.yaml in `/Users/mac/clara-ai/clara-ai/dataconnect`\n"}}
[debug] [2025-12-02T10:12:40.464Z] E1202 11:12:40.463759   18675 watch.go:31] Failed to load config from "/Users/mac/clara-ai/clara-ai/dataconnect": could not find dataconnect.yaml in `/Users/mac/clara-ai/clara-ai/dataconnect`
 {"metadata":{"emulator":{"name":"dataconnect"},"message":"E1202 11:12:40.463759   18675 watch.go:31] Failed to load config from \"/Users/mac/clara-ai/clara-ai/dataconnect\": could not find dataconnect.yaml in `/Users/mac/clara-ai/clara-ai/dataconnect`\n"}}
[debug] [2025-12-02T10:12:50.463Z] E1202 11:12:50.463457   18675 watch.go:31] Failed to load config from "/Users/mac/clara-ai/clara-ai/dataconnect": could not find dataconnect.yaml in `/Users/mac/clara-ai/clara-ai/dataconnect`
 {"metadata":{"emulator":{"name":"dataconnect"},"message":"E1202 11:12:50.463457   18675 watch.go:31] Failed to load config from \"/Users/mac/clara-ai/clara-ai/dataconnect\": could not find dataconnect.yaml in `/Users/mac/clara-ai/clara-ai/dataconnect`\n"}}
[debug] [2025-12-02T10:13:00.466Z] E1202 11:13:00.465919   18675 watch.go:31] Failed to load config from "/Users/mac/clara-ai/clara-ai/dataconnect": could not find dataconnect.yaml in `/Users/mac/clara-ai/clara-ai/dataconnect`
 {"metadata":{"emulator":{"name":"dataconnect"},"message":"E1202 11:13:00.465919   18675 watch.go:31] Failed to load config from \"/Users/mac/clara-ai/clara-ai/dataconnect\": could not find dataconnect.yaml in `/Users/mac/clara-ai/clara-ai/dataconnect`\n"}}
[debug] [2025-12-02T10:13:10.466Z] E1202 11:13:10.466026   18675 watch.go:31] Failed to load config from "/Users/mac/clara-ai/clara-ai/dataconnect": could not find dataconnect.yaml in `/Users/mac/clara-ai/clara-ai/dataconnect`
 {"metadata":{"emulator":{"name":"dataconnect"},"message":"E1202 11:13:10.466026   18675 watch.go:31] Failed to load config from \"/Users/mac/clara-ai/clara-ai/dataconnect\": could not find dataconnect.yaml in `/Users/mac/clara-ai/clara-ai/dataconnect`\n"}}
[debug] [2025-12-02T10:13:20.470Z] E1202 11:13:20.469687   18675 watch.go:31] Failed to load config from "/Users/mac/clara-ai/clara-ai/dataconnect": could not find dataconnect.yaml in `/Users/mac/clara-ai/clara-ai/dataconnect`
 {"metadata":{"emulator":{"name":"dataconnect"},"message":"E1202 11:13:20.469687   18675 watch.go:31] Failed to load config from \"/Users/mac/clara-ai/clara-ai/dataconnect\": could not find dataconnect.yaml in `/Users/mac/clara-ai/clara-ai/dataconnect`\n"}}
[debug] [2025-12-02T10:13:30.479Z] E1202 11:13:30.476008   18675 watch.go:31] Failed to load config from "/Users/mac/clara-ai/clara-ai/dataconnect": could not find dataconnect.yaml in `/Users/mac/clara-ai/clara-ai/dataconnect`
 {"metadata":{"emulator":{"name":"dataconnect"},"message":"E1202 11:13:30.476008   18675 watch.go:31] Failed to load config from \"/Users/mac/clara-ai/clara-ai/dataconnect\": could not find dataconnect.yaml in `/Users/mac/clara-ai/clara-ai/dataconnect`\n"}}
[debug] [2025-12-02T10:13:40.477Z] E1202 11:13:40.476846   18675 watch.go:31] Failed to load config from "/Users/mac/clara-ai/clara-ai/dataconnect": could not find dataconnect.yaml in `/Users/mac/clara-ai/clara-ai/dataconnect`
 {"metadata":{"emulator":{"name":"dataconnect"},"message":"E1202 11:13:40.476846   18675 watch.go:31] Failed to load config from \"/Users/mac/clara-ai/clara-ai/dataconnect\": could not find dataconnect.yaml in `/Users/mac/clara-ai/clara-ai/dataconnect`\n"}}
[debug] [2025-12-02T10:13:50.470Z] E1202 11:13:50.469832   18675 watch.go:31] Failed to load config from "/Users/mac/clara-ai/clara-ai/dataconnect": could not find dataconnect.yaml in `/Users/mac/clara-ai/clara-ai/dataconnect`
 {"metadata":{"emulator":{"name":"dataconnect"},"message":"E1202 11:13:50.469832   18675 watch.go:31] Failed to load config from \"/Users/mac/clara-ai/clara-ai/dataconnect\": could not find dataconnect.yaml in `/Users/mac/clara-ai/clara-ai/dataconnect`\n"}}
[debug] [2025-12-02T10:13:50.471Z] E1202 11:13:50.470281   18675 watch.go:102] watchAllDir unable to walk dir `/Users/mac/clara-ai/clara-ai/dataconnect`: lstat /Users/mac/clara-ai/clara-ai/dataconnect: no such file or directory
 {"metadata":{"emulator":{"name":"dataconnect"},"message":"E1202 11:13:50.470281   18675 watch.go:102] watchAllDir unable to walk dir `/Users/mac/clara-ai/clara-ai/dataconnect`: lstat /Users/mac/clara-ai/clara-ai/dataconnect: no such file or directory\n"}}
[debug] [2025-12-02T10:14:00.472Z] E1202 11:14:00.472149   18675 watch.go:31] Failed to load config from "/Users/mac/clara-ai/clara-ai/dataconnect": could not find dataconnect.yaml in `/Users/mac/clara-ai/clara-ai/dataconnect`
 {"metadata":{"emulator":{"name":"dataconnect"},"message":"E1202 11:14:00.472149   18675 watch.go:31] Failed to load config from \"/Users/mac/clara-ai/clara-ai/dataconnect\": could not find dataconnect.yaml in `/Users/mac/clara-ai/clara-ai/dataconnect`\n"}}
[debug] [2025-12-02T10:14:10.465Z] E1202 11:14:10.465398   18675 watch.go:31] Failed to load config from "/Users/mac/clara-ai/clara-ai/dataconnect": could not find dataconnect.yaml in `/Users/mac/clara-ai/clara-ai/dataconnect`
 {"metadata":{"emulator":{"name":"dataconnect"},"message":"E1202 11:14:10.465398   18675 watch.go:31] Failed to load config from \"/Users/mac/clara-ai/clara-ai/dataconnect\": could not find dataconnect.yaml in `/Users/mac/clara-ai/clara-ai/dataconnect`\n"}}
[debug] [2025-12-02T10:14:20.474Z] E1202 11:14:20.472252   18675 watch.go:31] Failed to load config from "/Users/mac/clara-ai/clara-ai/dataconnect": could not find dataconnect.yaml in `/Users/mac/clara-ai/clara-ai/dataconnect`
 {"metadata":{"emulator":{"name":"dataconnect"},"message":"E1202 11:14:20.472252   18675 watch.go:31] Failed to load config from \"/Users/mac/clara-ai/clara-ai/dataconnect\": could not find dataconnect.yaml in `/Users/mac/clara-ai/clara-ai/dataconnect`\n"}}
[debug] [2025-12-02T10:14:30.470Z] E1202 11:14:30.469362   18675 watch.go:31] Failed to load config from "/Users/mac/clara-ai/clara-ai/dataconnect": could not find dataconnect.yaml in `/Users/mac/clara-ai/clara-ai/dataconnect`
 {"metadata":{"emulator":{"name":"dataconnect"},"message":"E1202 11:14:30.469362   18675 watch.go:31] Failed to load config from \"/Users/mac/clara-ai/clara-ai/dataconnect\": could not find dataconnect.yaml in `/Users/mac/clara-ai/clara-ai/dataconnect`\n"}}
[debug] [2025-12-02T10:14:40.466Z] E1202 11:14:40.466614   18675 watch.go:31] Failed to load config from "/Users/mac/clara-ai/clara-ai/dataconnect": could not find dataconnect.yaml in `/Users/mac/clara-ai/clara-ai/dataconnect`
 {"metadata":{"emulator":{"name":"dataconnect"},"message":"E1202 11:14:40.466614   18675 watch.go:31] Failed to load config from \"/Users/mac/clara-ai/clara-ai/dataconnect\": could not find dataconnect.yaml in `/Users/mac/clara-ai/clara-ai/dataconnect`\n"}}
[debug] [2025-12-02T10:14:50.467Z] E1202 11:14:50.467021   18675 watch.go:31] Failed to load config from "/Users/mac/clara-ai/clara-ai/dataconnect": could not find dataconnect.yaml in `/Users/mac/clara-ai/clara-ai/dataconnect`
 {"metadata":{"emulator":{"name":"dataconnect"},"message":"E1202 11:14:50.467021   18675 watch.go:31] Failed to load config from \"/Users/mac/clara-ai/clara-ai/dataconnect\": could not find dataconnect.yaml in `/Users/mac/clara-ai/clara-ai/dataconnect`\n"}}
[debug] [2025-12-02T10:15:00.466Z] E1202 11:15:00.466282   18675 watch.go:31] Failed to load config from "/Users/mac/clara-ai/clara-ai/dataconnect": could not find dataconnect.yaml in `/Users/mac/clara-ai/clara-ai/dataconnect`
 {"metadata":{"emulator":{"name":"dataconnect"},"message":"E1202 11:15:00.466282   18675 watch.go:31] Failed to load config from \"/Users/mac/clara-ai/clara-ai/dataconnect\": could not find dataconnect.yaml in `/Users/mac/clara-ai/clara-ai/dataconnect`\n"}}
[debug] [2025-12-02T10:15:10.467Z] E1202 11:15:10.467033   18675 watch.go:31] Failed to load config from "/Users/mac/clara-ai/clara-ai/dataconnect": could not find dataconnect.yaml in `/Users/mac/clara-ai/clara-ai/dataconnect`
 {"metadata":{"emulator":{"name":"dataconnect"},"message":"E1202 11:15:10.467033   18675 watch.go:31] Failed to load config from \"/Users/mac/clara-ai/clara-ai/dataconnect\": could not find dataconnect.yaml in `/Users/mac/clara-ai/clara-ai/dataconnect`\n"}}
[debug] [2025-12-02T10:15:20.468Z] E1202 11:15:20.467787   18675 watch.go:31] Failed to load config from "/Users/mac/clara-ai/clara-ai/dataconnect": could not find dataconnect.yaml in `/Users/mac/clara-ai/clara-ai/dataconnect`
 {"metadata":{"emulator":{"name":"dataconnect"},"message":"E1202 11:15:20.467787   18675 watch.go:31] Failed to load config from \"/Users/mac/clara-ai/clara-ai/dataconnect\": could not find dataconnect.yaml in `/Users/mac/clara-ai/clara-ai/dataconnect`\n"}}
[debug] [2025-12-02T10:15:30.468Z] E1202 11:15:30.468295   18675 watch.go:31] Failed to load config from "/Users/mac/clara-ai/clara-ai/dataconnect": could not find dataconnect.yaml in `/Users/mac/clara-ai/clara-ai/dataconnect`
 {"metadata":{"emulator":{"name":"dataconnect"},"message":"E1202 11:15:30.468295   18675 watch.go:31] Failed to load config from \"/Users/mac/clara-ai/clara-ai/dataconnect\": could not find dataconnect.yaml in `/Users/mac/clara-ai/clara-ai/dataconnect`\n"}}
[debug] [2025-12-02T10:15:40.468Z] E1202 11:15:40.467843   18675 watch.go:31] Failed to load config from "/Users/mac/clara-ai/clara-ai/dataconnect": could not find dataconnect.yaml in `/Users/mac/clara-ai/clara-ai/dataconnect`
 {"metadata":{"emulator":{"name":"dataconnect"},"message":"E1202 11:15:40.467843   18675 watch.go:31] Failed to load config from \"/Users/mac/clara-ai/clara-ai/dataconnect\": could not find dataconnect.yaml in `/Users/mac/clara-ai/clara-ai/dataconnect`\n"}}
[debug] [2025-12-02T10:15:50.468Z] E1202 11:15:50.467786   18675 watch.go:31] Failed to load config from "/Users/mac/clara-ai/clara-ai/dataconnect": could not find dataconnect.yaml in `/Users/mac/clara-ai/clara-ai/dataconnect`
E1202 11:15:50.467826   18675 watch.go:102] watchAllDir unable to walk dir `/Users/mac/clara-ai/clara-ai/dataconnect`: lstat /Users/mac/clara-ai/clara-ai/dataconnect: no such file or directory
 {"metadata":{"emulator":{"name":"dataconnect"},"message":"E1202 11:15:50.467786   18675 watch.go:31] Failed to load config from \"/Users/mac/clara-ai/clara-ai/dataconnect\": could not find dataconnect.yaml in `/Users/mac/clara-ai/clara-ai/dataconnect`\nE1202 11:15:50.467826   18675 watch.go:102] watchAllDir unable to walk dir `/Users/mac/clara-ai/clara-ai/dataconnect`: lstat /Users/mac/clara-ai/clara-ai/dataconnect: no such file or directory\n"}}
[debug] [2025-12-02T10:16:00.468Z] E1202 11:16:00.467901   18675 watch.go:31] Failed to load config from "/Users/mac/clara-ai/clara-ai/dataconnect": could not find dataconnect.yaml in `/Users/mac/clara-ai/clara-ai/dataconnect`
 {"metadata":{"emulator":{"name":"dataconnect"},"message":"E1202 11:16:00.467901   18675 watch.go:31] Failed to load config from \"/Users/mac/clara-ai/clara-ai/dataconnect\": could not find dataconnect.yaml in `/Users/mac/clara-ai/clara-ai/dataconnect`\n"}}
[debug] [2025-12-02T10:16:10.469Z] E1202 11:16:10.468877   18675 watch.go:31] Failed to load config from "/Users/mac/clara-ai/clara-ai/dataconnect": could not find dataconnect.yaml in `/Users/mac/clara-ai/clara-ai/dataconnect`
 {"metadata":{"emulator":{"name":"dataconnect"},"message":"E1202 11:16:10.468877   18675 watch.go:31] Failed to load config from \"/Users/mac/clara-ai/clara-ai/dataconnect\": could not find dataconnect.yaml in `/Users/mac/clara-ai/clara-ai/dataconnect`\n"}}
[debug] [2025-12-02T10:16:20.468Z] E1202 11:16:20.468752   18675 watch.go:31] Failed to load config from "/Users/mac/clara-ai/clara-ai/dataconnect": could not find dataconnect.yaml in `/Users/mac/clara-ai/clara-ai/dataconnect`
 {"metadata":{"emulator":{"name":"dataconnect"},"message":"E1202 11:16:20.468752   18675 watch.go:31] Failed to load config from \"/Users/mac/clara-ai/clara-ai/dataconnect\": could not find dataconnect.yaml in `/Users/mac/clara-ai/clara-ai/dataconnect`\n"}}
[debug] [2025-12-02T10:16:30.468Z] E1202 11:16:30.468686   18675 watch.go:31] Failed to load config from "/Users/mac/clara-ai/clara-ai/dataconnect": could not find dataconnect.yaml in `/Users/mac/clara-ai/clara-ai/dataconnect`
 {"metadata":{"emulator":{"name":"dataconnect"},"message":"E1202 11:16:30.468686   18675 watch.go:31] Failed to load config from \"/Users/mac/clara-ai/clara-ai/dataconnect\": could not find dataconnect.yaml in `/Users/mac/clara-ai/clara-ai/dataconnect`\n"}}
[debug] [2025-12-02T10:16:40.470Z] E1202 11:16:40.470625   18675 watch.go:31] Failed to load config from "/Users/mac/clara-ai/clara-ai/dataconnect": could not find dataconnect.yaml in `/Users/mac/clara-ai/clara-ai/dataconnect`
 {"metadata":{"emulator":{"name":"dataconnect"},"message":"E1202 11:16:40.470625   18675 watch.go:31] Failed to load config from \"/Users/mac/clara-ai/clara-ai/dataconnect\": could not find dataconnect.yaml in `/Users/mac/clara-ai/clara-ai/dataconnect`\n"}}
[debug] [2025-12-02T10:16:50.470Z] E1202 11:16:50.469017   18675 watch.go:31] Failed to load config from "/Users/mac/clara-ai/clara-ai/dataconnect": could not find dataconnect.yaml in `/Users/mac/clara-ai/clara-ai/dataconnect`
 {"metadata":{"emulator":{"name":"dataconnect"},"message":"E1202 11:16:50.469017   18675 watch.go:31] Failed to load config from \"/Users/mac/clara-ai/clara-ai/dataconnect\": could not find dataconnect.yaml in `/Users/mac/clara-ai/clara-ai/dataconnect`\n"}}
[debug] [2025-12-02T10:17:00.512Z] E1202 11:17:00.508855   18675 watch.go:31] Failed to load config from "/Users/mac/clara-ai/clara-ai/dataconnect": could not find dataconnect.yaml in `/Users/mac/clara-ai/clara-ai/dataconnect`
 {"metadata":{"emulator":{"name":"dataconnect"},"message":"E1202 11:17:00.508855   18675 watch.go:31] Failed to load config from \"/Users/mac/clara-ai/clara-ai/dataconnect\": could not find dataconnect.yaml in `/Users/mac/clara-ai/clara-ai/dataconnect`\n"}}
[debug] [2025-12-02T10:17:10.526Z] E1202 11:17:10.526429   18675 watch.go:31] Failed to load config from "/Users/mac/clara-ai/clara-ai/dataconnect": could not find dataconnect.yaml in `/Users/mac/clara-ai/clara-ai/dataconnect`
 {"metadata":{"emulator":{"name":"dataconnect"},"message":"E1202 11:17:10.526429   18675 watch.go:31] Failed to load config from \"/Users/mac/clara-ai/clara-ai/dataconnect\": could not find dataconnect.yaml in `/Users/mac/clara-ai/clara-ai/dataconnect`\n"}}
[debug] [2025-12-02T10:17:20.470Z] E1202 11:17:20.470376   18675 watch.go:31] Failed to load config from "/Users/mac/clara-ai/clara-ai/dataconnect": could not find dataconnect.yaml in `/Users/mac/clara-ai/clara-ai/dataconnect`
 {"metadata":{"emulator":{"name":"dataconnect"},"message":"E1202 11:17:20.470376   18675 watch.go:31] Failed to load config from \"/Users/mac/clara-ai/clara-ai/dataconnect\": could not find dataconnect.yaml in `/Users/mac/clara-ai/clara-ai/dataconnect`\n"}}
[debug] [2025-12-02T10:17:30.470Z] E1202 11:17:30.470600   18675 watch.go:31] Failed to load config from "/Users/mac/clara-ai/clara-ai/dataconnect": could not find dataconnect.yaml in `/Users/mac/clara-ai/clara-ai/dataconnect`
 {"metadata":{"emulator":{"name":"dataconnect"},"message":"E1202 11:17:30.470600   18675 watch.go:31] Failed to load config from \"/Users/mac/clara-ai/clara-ai/dataconnect\": could not find dataconnect.yaml in `/Users/mac/clara-ai/clara-ai/dataconnect`\n"}}
[debug] [2025-12-02T10:17:40.471Z] E1202 11:17:40.470965   18675 watch.go:31] Failed to load config from "/Users/mac/clara-ai/clara-ai/dataconnect": could not find dataconnect.yaml in `/Users/mac/clara-ai/clara-ai/dataconnect`
 {"metadata":{"emulator":{"name":"dataconnect"},"message":"E1202 11:17:40.470965   18675 watch.go:31] Failed to load config from \"/Users/mac/clara-ai/clara-ai/dataconnect\": could not find dataconnect.yaml in `/Users/mac/clara-ai/clara-ai/dataconnect`\n"}}
[debug] [2025-12-02T10:17:50.470Z] E1202 11:17:50.470676   18675 watch.go:31] Failed to load config from "/Users/mac/clara-ai/clara-ai/dataconnect": could not find dataconnect.yaml in `/Users/mac/clara-ai/clara-ai/dataconnect`
E1202 11:17:50.470782   18675 watch.go:102] watchAllDir unable to walk dir `/Users/mac/clara-ai/clara-ai/dataconnect`: lstat /Users/mac/clara-ai/clara-ai/dataconnect: no such file or directory
 {"metadata":{"emulator":{"name":"dataconnect"},"message":"E1202 11:17:50.470676   18675 watch.go:31] Failed to load config from \"/Users/mac/clara-ai/clara-ai/dataconnect\": could not find dataconnect.yaml in `/Users/mac/clara-ai/clara-ai/dataconnect`\nE1202 11:17:50.470782   18675 watch.go:102] watchAllDir unable to walk dir `/Users/mac/clara-ai/clara-ai/dataconnect`: lstat /Users/mac/clara-ai/clara-ai/dataconnect: no such file or directory\n"}}
[debug] [2025-12-02T10:18:00.474Z] E1202 11:18:00.470591   18675 watch.go:31] Failed to load config from "/Users/mac/clara-ai/clara-ai/dataconnect": could not find dataconnect.yaml in `/Users/mac/clara-ai/clara-ai/dataconnect`
 {"metadata":{"emulator":{"name":"dataconnect"},"message":"E1202 11:18:00.470591   18675 watch.go:31] Failed to load config from \"/Users/mac/clara-ai/clara-ai/dataconnect\": could not find dataconnect.yaml in `/Users/mac/clara-ai/clara-ai/dataconnect`\n"}}
[debug] [2025-12-02T10:18:10.475Z] E1202 11:18:10.475172   18675 watch.go:31] Failed to load config from "/Users/mac/clara-ai/clara-ai/dataconnect": could not find dataconnect.yaml in `/Users/mac/clara-ai/clara-ai/dataconnect`
 {"metadata":{"emulator":{"name":"dataconnect"},"message":"E1202 11:18:10.475172   18675 watch.go:31] Failed to load config from \"/Users/mac/clara-ai/clara-ai/dataconnect\": could not find dataconnect.yaml in `/Users/mac/clara-ai/clara-ai/dataconnect`\n"}}
[debug] [2025-12-02T10:18:20.473Z] E1202 11:18:20.471707   18675 watch.go:31] Failed to load config from "/Users/mac/clara-ai/clara-ai/dataconnect": could not find dataconnect.yaml in `/Users/mac/clara-ai/clara-ai/dataconnect`
 {"metadata":{"emulator":{"name":"dataconnect"},"message":"E1202 11:18:20.471707   18675 watch.go:31] Failed to load config from \"/Users/mac/clara-ai/clara-ai/dataconnect\": could not find dataconnect.yaml in `/Users/mac/clara-ai/clara-ai/dataconnect`\n"}}
[debug] [2025-12-02T10:18:30.473Z] E1202 11:18:30.473229   18675 watch.go:31] Failed to load config from "/Users/mac/clara-ai/clara-ai/dataconnect": could not find dataconnect.yaml in `/Users/mac/clara-ai/clara-ai/dataconnect`
 {"metadata":{"emulator":{"name":"dataconnect"},"message":"E1202 11:18:30.473229   18675 watch.go:31] Failed to load config from \"/Users/mac/clara-ai/clara-ai/dataconnect\": could not find dataconnect.yaml in `/Users/mac/clara-ai/clara-ai/dataconnect`\n"}}
[debug] [2025-12-02T10:18:40.471Z] E1202 11:18:40.471386   18675 watch.go:31] Failed to load config from "/Users/mac/clara-ai/clara-ai/dataconnect": could not find dataconnect.yaml in `/Users/mac/clara-ai/clara-ai/dataconnect`
 {"metadata":{"emulator":{"name":"dataconnect"},"message":"E1202 11:18:40.471386   18675 watch.go:31] Failed to load config from \"/Users/mac/clara-ai/clara-ai/dataconnect\": could not find dataconnect.yaml in `/Users/mac/clara-ai/clara-ai/dataconnect`\n"}}
[debug] [2025-12-02T10:18:50.474Z] E1202 11:18:50.473885   18675 watch.go:31] Failed to load config from "/Users/mac/clara-ai/clara-ai/dataconnect": could not find dataconnect.yaml in `/Users/mac/clara-ai/clara-ai/dataconnect`
 {"metadata":{"emulator":{"name":"dataconnect"},"message":"E1202 11:18:50.473885   18675 watch.go:31] Failed to load config from \"/Users/mac/clara-ai/clara-ai/dataconnect\": could not find dataconnect.yaml in `/Users/mac/clara-ai/clara-ai/dataconnect`\n"}}
[debug] [2025-12-02T10:19:00.473Z] E1202 11:19:00.473504   18675 watch.go:31] Failed to load config from "/Users/mac/clara-ai/clara-ai/dataconnect": could not find dataconnect.yaml in `/Users/mac/clara-ai/clara-ai/dataconnect`
 {"metadata":{"emulator":{"name":"dataconnect"},"message":"E1202 11:19:00.473504   18675 watch.go:31] Failed to load config from \"/Users/mac/clara-ai/clara-ai/dataconnect\": could not find dataconnect.yaml in `/Users/mac/clara-ai/clara-ai/dataconnect`\n"}}
[debug] [2025-12-02T10:19:10.472Z] E1202 11:19:10.472108   18675 watch.go:31] Failed to load config from "/Users/mac/clara-ai/clara-ai/dataconnect": could not find dataconnect.yaml in `/Users/mac/clara-ai/clara-ai/dataconnect`
 {"metadata":{"emulator":{"name":"dataconnect"},"message":"E1202 11:19:10.472108   18675 watch.go:31] Failed to load config from \"/Users/mac/clara-ai/clara-ai/dataconnect\": could not find dataconnect.yaml in `/Users/mac/clara-ai/clara-ai/dataconnect`\n"}}
[debug] [2025-12-02T10:19:20.475Z] E1202 11:19:20.473299   18675 watch.go:31] Failed to load config from "/Users/mac/clara-ai/clara-ai/dataconnect": could not find dataconnect.yaml in `/Users/mac/clara-ai/clara-ai/dataconnect`
 {"metadata":{"emulator":{"name":"dataconnect"},"message":"E1202 11:19:20.473299   18675 watch.go:31] Failed to load config from \"/Users/mac/clara-ai/clara-ai/dataconnect\": could not find dataconnect.yaml in `/Users/mac/clara-ai/clara-ai/dataconnect`\n"}}
[debug] [2025-12-02T10:19:30.473Z] E1202 11:19:30.473393   18675 watch.go:31] Failed to load config from "/Users/mac/clara-ai/clara-ai/dataconnect": could not find dataconnect.yaml in `/Users/mac/clara-ai/clara-ai/dataconnect`
 {"metadata":{"emulator":{"name":"dataconnect"},"message":"E1202 11:19:30.473393   18675 watch.go:31] Failed to load config from \"/Users/mac/clara-ai/clara-ai/dataconnect\": could not find dataconnect.yaml in `/Users/mac/clara-ai/clara-ai/dataconnect`\n"}}
[debug] [2025-12-02T10:19:40.474Z] E1202 11:19:40.474239   18675 watch.go:31] Failed to load config from "/Users/mac/clara-ai/clara-ai/dataconnect": could not find dataconnect.yaml in `/Users/mac/clara-ai/clara-ai/dataconnect`
 {"metadata":{"emulator":{"name":"dataconnect"},"message":"E1202 11:19:40.474239   18675 watch.go:31] Failed to load config from \"/Users/mac/clara-ai/clara-ai/dataconnect\": could not find dataconnect.yaml in `/Users/mac/clara-ai/clara-ai/dataconnect`\n"}}
[debug] [2025-12-02T10:19:50.475Z] E1202 11:19:50.475394   18675 watch.go:31] Failed to load config from "/Users/mac/clara-ai/clara-ai/dataconnect": could not find dataconnect.yaml in `/Users/mac/clara-ai/clara-ai/dataconnect`
E1202 11:19:50.475497   18675 watch.go:102] watchAllDir unable to walk dir `/Users/mac/clara-ai/clara-ai/dataconnect`: lstat /Users/mac/clara-ai/clara-ai/dataconnect: no such file or directory
 {"metadata":{"emulator":{"name":"dataconnect"},"message":"E1202 11:19:50.475394   18675 watch.go:31] Failed to load config from \"/Users/mac/clara-ai/clara-ai/dataconnect\": could not find dataconnect.yaml in `/Users/mac/clara-ai/clara-ai/dataconnect`\nE1202 11:19:50.475497   18675 watch.go:102] watchAllDir unable to walk dir `/Users/mac/clara-ai/clara-ai/dataconnect`: lstat /Users/mac/clara-ai/clara-ai/dataconnect: no such file or directory\n"}}
[debug] [2025-12-02T10:20:00.474Z] E1202 11:20:00.474081   18675 watch.go:31] Failed to load config from "/Users/mac/clara-ai/clara-ai/dataconnect": could not find dataconnect.yaml in `/Users/mac/clara-ai/clara-ai/dataconnect`
 {"metadata":{"emulator":{"name":"dataconnect"},"message":"E1202 11:20:00.474081   18675 watch.go:31] Failed to load config from \"/Users/mac/clara-ai/clara-ai/dataconnect\": could not find dataconnect.yaml in `/Users/mac/clara-ai/clara-ai/dataconnect`\n"}}
[debug] [2025-12-02T10:20:10.474Z] E1202 11:20:10.473932   18675 watch.go:31] Failed to load config from "/Users/mac/clara-ai/clara-ai/dataconnect": could not find dataconnect.yaml in `/Users/mac/clara-ai/clara-ai/dataconnect`
 {"metadata":{"emulator":{"name":"dataconnect"},"message":"E1202 11:20:10.473932   18675 watch.go:31] Failed to load config from \"/Users/mac/clara-ai/clara-ai/dataconnect\": could not find dataconnect.yaml in `/Users/mac/clara-ai/clara-ai/dataconnect`\n"}}
[debug] [2025-12-02T10:20:20.476Z] E1202 11:20:20.476399   18675 watch.go:31] Failed to load config from "/Users/mac/clara-ai/clara-ai/dataconnect": could not find dataconnect.yaml in `/Users/mac/clara-ai/clara-ai/dataconnect`
 {"metadata":{"emulator":{"name":"dataconnect"},"message":"E1202 11:20:20.476399   18675 watch.go:31] Failed to load config from \"/Users/mac/clara-ai/clara-ai/dataconnect\": could not find dataconnect.yaml in `/Users/mac/clara-ai/clara-ai/dataconnect`\n"}}
[debug] [2025-12-02T10:20:30.478Z] E1202 11:20:30.477885   18675 watch.go:31] Failed to load config from "/Users/mac/clara-ai/clara-ai/dataconnect": could not find dataconnect.yaml in `/Users/mac/clara-ai/clara-ai/dataconnect`
 {"metadata":{"emulator":{"name":"dataconnect"},"message":"E1202 11:20:30.477885   18675 watch.go:31] Failed to load config from \"/Users/mac/clara-ai/clara-ai/dataconnect\": could not find dataconnect.yaml in `/Users/mac/clara-ai/clara-ai/dataconnect`\n"}}
[debug] [2025-12-02T10:20:40.474Z] E1202 11:20:40.474364   18675 watch.go:31] Failed to load config from "/Users/mac/clara-ai/clara-ai/dataconnect": could not find dataconnect.yaml in `/Users/mac/clara-ai/clara-ai/dataconnect`
 {"metadata":{"emulator":{"name":"dataconnect"},"message":"E1202 11:20:40.474364   18675 watch.go:31] Failed to load config from \"/Users/mac/clara-ai/clara-ai/dataconnect\": could not find dataconnect.yaml in `/Users/mac/clara-ai/clara-ai/dataconnect`\n"}}
[debug] [2025-12-02T10:20:50.477Z] E1202 11:20:50.476232   18675 watch.go:31] Failed to load config from "/Users/mac/clara-ai/clara-ai/dataconnect": could not find dataconnect.yaml in `/Users/mac/clara-ai/clara-ai/dataconnect`
 {"metadata":{"emulator":{"name":"dataconnect"},"message":"E1202 11:20:50.476232   18675 watch.go:31] Failed to load config from \"/Users/mac/clara-ai/clara-ai/dataconnect\": could not find dataconnect.yaml in `/Users/mac/clara-ai/clara-ai/dataconnect`\n"}}
[debug] [2025-12-02T10:21:00.479Z] E1202 11:21:00.479173   18675 watch.go:31] Failed to load config from "/Users/mac/clara-ai/clara-ai/dataconnect": could not find dataconnect.yaml in `/Users/mac/clara-ai/clara-ai/dataconnect`
 {"metadata":{"emulator":{"name":"dataconnect"},"message":"E1202 11:21:00.479173   18675 watch.go:31] Failed to load config from \"/Users/mac/clara-ai/clara-ai/dataconnect\": could not find dataconnect.yaml in `/Users/mac/clara-ai/clara-ai/dataconnect`\n"}}
[debug] [2025-12-02T10:21:10.475Z] E1202 11:21:10.475748   18675 watch.go:31] Failed to load config from "/Users/mac/clara-ai/clara-ai/dataconnect": could not find dataconnect.yaml in `/Users/mac/clara-ai/clara-ai/dataconnect`
 {"metadata":{"emulator":{"name":"dataconnect"},"message":"E1202 11:21:10.475748   18675 watch.go:31] Failed to load config from \"/Users/mac/clara-ai/clara-ai/dataconnect\": could not find dataconnect.yaml in `/Users/mac/clara-ai/clara-ai/dataconnect`\n"}}
[debug] [2025-12-02T10:21:20.475Z] E1202 11:21:20.475014   18675 watch.go:31] Failed to load config from "/Users/mac/clara-ai/clara-ai/dataconnect": could not find dataconnect.yaml in `/Users/mac/clara-ai/clara-ai/dataconnect`
 {"metadata":{"emulator":{"name":"dataconnect"},"message":"E1202 11:21:20.475014   18675 watch.go:31] Failed to load config from \"/Users/mac/clara-ai/clara-ai/dataconnect\": could not find dataconnect.yaml in `/Users/mac/clara-ai/clara-ai/dataconnect`\n"}}
[debug] [2025-12-02T10:21:30.475Z] E1202 11:21:30.475497   18675 watch.go:31] Failed to load config from "/Users/mac/clara-ai/clara-ai/dataconnect": could not find dataconnect.yaml in `/Users/mac/clara-ai/clara-ai/dataconnect`
 {"metadata":{"emulator":{"name":"dataconnect"},"message":"E1202 11:21:30.475497   18675 watch.go:31] Failed to load config from \"/Users/mac/clara-ai/clara-ai/dataconnect\": could not find dataconnect.yaml in `/Users/mac/clara-ai/clara-ai/dataconnect`\n"}}
[debug] [2025-12-02T10:21:40.477Z] E1202 11:21:40.476514   18675 watch.go:31] Failed to load config from "/Users/mac/clara-ai/clara-ai/dataconnect": could not find dataconnect.yaml in `/Users/mac/clara-ai/clara-ai/dataconnect`
 {"metadata":{"emulator":{"name":"dataconnect"},"message":"E1202 11:21:40.476514   18675 watch.go:31] Failed to load config from \"/Users/mac/clara-ai/clara-ai/dataconnect\": could not find dataconnect.yaml in `/Users/mac/clara-ai/clara-ai/dataconnect`\n"}}
[debug] [2025-12-02T10:21:50.476Z] E1202 11:21:50.475903   18675 watch.go:31] Failed to load config from "/Users/mac/clara-ai/clara-ai/dataconnect": could not find dataconnect.yaml in `/Users/mac/clara-ai/clara-ai/dataconnect`
 {"metadata":{"emulator":{"name":"dataconnect"},"message":"E1202 11:21:50.475903   18675 watch.go:31] Failed to load config from \"/Users/mac/clara-ai/clara-ai/dataconnect\": could not find dataconnect.yaml in `/Users/mac/clara-ai/clara-ai/dataconnect`\n"}}
[debug] [2025-12-02T10:21:50.480Z] E1202 11:21:50.476020   18675 watch.go:102] watchAllDir unable to walk dir `/Users/mac/clara-ai/clara-ai/dataconnect`: lstat /Users/mac/clara-ai/clara-ai/dataconnect: no such file or directory
 {"metadata":{"emulator":{"name":"dataconnect"},"message":"E1202 11:21:50.476020   18675 watch.go:102] watchAllDir unable to walk dir `/Users/mac/clara-ai/clara-ai/dataconnect`: lstat /Users/mac/clara-ai/clara-ai/dataconnect: no such file or directory\n"}}
[debug] [2025-12-02T10:22:00.478Z] E1202 11:22:00.478310   18675 watch.go:31] Failed to load config from "/Users/mac/clara-ai/clara-ai/dataconnect": could not find dataconnect.yaml in `/Users/mac/clara-ai/clara-ai/dataconnect`
 {"metadata":{"emulator":{"name":"dataconnect"},"message":"E1202 11:22:00.478310   18675 watch.go:31] Failed to load config from \"/Users/mac/clara-ai/clara-ai/dataconnect\": could not find dataconnect.yaml in `/Users/mac/clara-ai/clara-ai/dataconnect`\n"}}
[debug] [2025-12-02T10:22:10.476Z] E1202 11:22:10.476195   18675 watch.go:31] Failed to load config from "/Users/mac/clara-ai/clara-ai/dataconnect": could not find dataconnect.yaml in `/Users/mac/clara-ai/clara-ai/dataconnect`
 {"metadata":{"emulator":{"name":"dataconnect"},"message":"E1202 11:22:10.476195   18675 watch.go:31] Failed to load config from \"/Users/mac/clara-ai/clara-ai/dataconnect\": could not find dataconnect.yaml in `/Users/mac/clara-ai/clara-ai/dataconnect`\n"}}
[debug] [2025-12-02T10:22:20.477Z] E1202 11:22:20.477177   18675 watch.go:31] Failed to load config from "/Users/mac/clara-ai/clara-ai/dataconnect": could not find dataconnect.yaml in `/Users/mac/clara-ai/clara-ai/dataconnect`
 {"metadata":{"emulator":{"name":"dataconnect"},"message":"E1202 11:22:20.477177   18675 watch.go:31] Failed to load config from \"/Users/mac/clara-ai/clara-ai/dataconnect\": could not find dataconnect.yaml in `/Users/mac/clara-ai/clara-ai/dataconnect`\n"}}
[debug] [2025-12-02T10:22:30.484Z] E1202 11:22:30.477604   18675 watch.go:31] Failed to load config from "/Users/mac/clara-ai/clara-ai/dataconnect": could not find dataconnect.yaml in `/Users/mac/clara-ai/clara-ai/dataconnect`
 {"metadata":{"emulator":{"name":"dataconnect"},"message":"E1202 11:22:30.477604   18675 watch.go:31] Failed to load config from \"/Users/mac/clara-ai/clara-ai/dataconnect\": could not find dataconnect.yaml in `/Users/mac/clara-ai/clara-ai/dataconnect`\n"}}
[debug] [2025-12-02T10:22:40.478Z] E1202 11:22:40.478306   18675 watch.go:31] Failed to load config from "/Users/mac/clara-ai/clara-ai/dataconnect": could not find dataconnect.yaml in `/Users/mac/clara-ai/clara-ai/dataconnect`
 {"metadata":{"emulator":{"name":"dataconnect"},"message":"E1202 11:22:40.478306   18675 watch.go:31] Failed to load config from \"/Users/mac/clara-ai/clara-ai/dataconnect\": could not find dataconnect.yaml in `/Users/mac/clara-ai/clara-ai/dataconnect`\n"}}
[debug] [2025-12-02T10:22:50.478Z] E1202 11:22:50.478369   18675 watch.go:31] Failed to load config from "/Users/mac/clara-ai/clara-ai/dataconnect": could not find dataconnect.yaml in `/Users/mac/clara-ai/clara-ai/dataconnect`
 {"metadata":{"emulator":{"name":"dataconnect"},"message":"E1202 11:22:50.478369   18675 watch.go:31] Failed to load config from \"/Users/mac/clara-ai/clara-ai/dataconnect\": could not find dataconnect.yaml in `/Users/mac/clara-ai/clara-ai/dataconnect`\n"}}
[debug] [2025-12-02T10:23:00.478Z] E1202 11:23:00.478368   18675 watch.go:31] Failed to load config from "/Users/mac/clara-ai/clara-ai/dataconnect": could not find dataconnect.yaml in `/Users/mac/clara-ai/clara-ai/dataconnect`
 {"metadata":{"emulator":{"name":"dataconnect"},"message":"E1202 11:23:00.478368   18675 watch.go:31] Failed to load config from \"/Users/mac/clara-ai/clara-ai/dataconnect\": could not find dataconnect.yaml in `/Users/mac/clara-ai/clara-ai/dataconnect`\n"}}
[debug] [2025-12-02T10:23:10.478Z] E1202 11:23:10.478489   18675 watch.go:31] Failed to load config from "/Users/mac/clara-ai/clara-ai/dataconnect": could not find dataconnect.yaml in `/Users/mac/clara-ai/clara-ai/dataconnect`
 {"metadata":{"emulator":{"name":"dataconnect"},"message":"E1202 11:23:10.478489   18675 watch.go:31] Failed to load config from \"/Users/mac/clara-ai/clara-ai/dataconnect\": could not find dataconnect.yaml in `/Users/mac/clara-ai/clara-ai/dataconnect`\n"}}
[debug] [2025-12-02T10:23:20.478Z] E1202 11:23:20.478604   18675 watch.go:31] Failed to load config from "/Users/mac/clara-ai/clara-ai/dataconnect": could not find dataconnect.yaml in `/Users/mac/clara-ai/clara-ai/dataconnect`
 {"metadata":{"emulator":{"name":"dataconnect"},"message":"E1202 11:23:20.478604   18675 watch.go:31] Failed to load config from \"/Users/mac/clara-ai/clara-ai/dataconnect\": could not find dataconnect.yaml in `/Users/mac/clara-ai/clara-ai/dataconnect`\n"}}
[debug] [2025-12-02T10:23:30.479Z] E1202 11:23:30.478864   18675 watch.go:31] Failed to load config from "/Users/mac/clara-ai/clara-ai/dataconnect": could not find dataconnect.yaml in `/Users/mac/clara-ai/clara-ai/dataconnect`
 {"metadata":{"emulator":{"name":"dataconnect"},"message":"E1202 11:23:30.478864   18675 watch.go:31] Failed to load config from \"/Users/mac/clara-ai/clara-ai/dataconnect\": could not find dataconnect.yaml in `/Users/mac/clara-ai/clara-ai/dataconnect`\n"}}
[debug] [2025-12-02T10:23:40.479Z] E1202 11:23:40.479257   18675 watch.go:31] Failed to load config from "/Users/mac/clara-ai/clara-ai/dataconnect": could not find dataconnect.yaml in `/Users/mac/clara-ai/clara-ai/dataconnect`
 {"metadata":{"emulator":{"name":"dataconnect"},"message":"E1202 11:23:40.479257   18675 watch.go:31] Failed to load config from \"/Users/mac/clara-ai/clara-ai/dataconnect\": could not find dataconnect.yaml in `/Users/mac/clara-ai/clara-ai/dataconnect`\n"}}
[debug] [2025-12-02T10:23:50.478Z] E1202 11:23:50.478327   18675 watch.go:31] Failed to load config from "/Users/mac/clara-ai/clara-ai/dataconnect": could not find dataconnect.yaml in `/Users/mac/clara-ai/clara-ai/dataconnect`
 {"metadata":{"emulator":{"name":"dataconnect"},"message":"E1202 11:23:50.478327   18675 watch.go:31] Failed to load config from \"/Users/mac/clara-ai/clara-ai/dataconnect\": could not find dataconnect.yaml in `/Users/mac/clara-ai/clara-ai/dataconnect`\n"}}
[debug] [2025-12-02T10:23:50.479Z] E1202 11:23:50.478375   18675 watch.go:102] watchAllDir unable to walk dir `/Users/mac/clara-ai/clara-ai/dataconnect`: lstat /Users/mac/clara-ai/clara-ai/dataconnect: no such file or directory
 {"metadata":{"emulator":{"name":"dataconnect"},"message":"E1202 11:23:50.478375   18675 watch.go:102] watchAllDir unable to walk dir `/Users/mac/clara-ai/clara-ai/dataconnect`: lstat /Users/mac/clara-ai/clara-ai/dataconnect: no such file or directory\n"}}
[debug] [2025-12-02T10:24:00.479Z] E1202 11:24:00.478872   18675 watch.go:31] Failed to load config from "/Users/mac/clara-ai/clara-ai/dataconnect": could not find dataconnect.yaml in `/Users/mac/clara-ai/clara-ai/dataconnect`
 {"metadata":{"emulator":{"name":"dataconnect"},"message":"E1202 11:24:00.478872   18675 watch.go:31] Failed to load config from \"/Users/mac/clara-ai/clara-ai/dataconnect\": could not find dataconnect.yaml in `/Users/mac/clara-ai/clara-ai/dataconnect`\n"}}
[debug] [2025-12-02T10:24:10.480Z] E1202 11:24:10.479800   18675 watch.go:31] Failed to load config from "/Users/mac/clara-ai/clara-ai/dataconnect": could not find dataconnect.yaml in `/Users/mac/clara-ai/clara-ai/dataconnect`
 {"metadata":{"emulator":{"name":"dataconnect"},"message":"E1202 11:24:10.479800   18675 watch.go:31] Failed to load config from \"/Users/mac/clara-ai/clara-ai/dataconnect\": could not find dataconnect.yaml in `/Users/mac/clara-ai/clara-ai/dataconnect`\n"}}
[debug] [2025-12-02T10:24:20.480Z] E1202 11:24:20.480176   18675 watch.go:31] Failed to load config from "/Users/mac/clara-ai/clara-ai/dataconnect": could not find dataconnect.yaml in `/Users/mac/clara-ai/clara-ai/dataconnect`
 {"metadata":{"emulator":{"name":"dataconnect"},"message":"E1202 11:24:20.480176   18675 watch.go:31] Failed to load config from \"/Users/mac/clara-ai/clara-ai/dataconnect\": could not find dataconnect.yaml in `/Users/mac/clara-ai/clara-ai/dataconnect`\n"}}
[debug] [2025-12-02T10:24:30.479Z] E1202 11:24:30.479480   18675 watch.go:31] Failed to load config from "/Users/mac/clara-ai/clara-ai/dataconnect": could not find dataconnect.yaml in `/Users/mac/clara-ai/clara-ai/dataconnect`
 {"metadata":{"emulator":{"name":"dataconnect"},"message":"E1202 11:24:30.479480   18675 watch.go:31] Failed to load config from \"/Users/mac/clara-ai/clara-ai/dataconnect\": could not find dataconnect.yaml in `/Users/mac/clara-ai/clara-ai/dataconnect`\n"}}
[debug] [2025-12-02T10:24:40.485Z] E1202 11:24:40.485634   18675 watch.go:31] Failed to load config from "/Users/mac/clara-ai/clara-ai/dataconnect": could not find dataconnect.yaml in `/Users/mac/clara-ai/clara-ai/dataconnect`
 {"metadata":{"emulator":{"name":"dataconnect"},"message":"E1202 11:24:40.485634   18675 watch.go:31] Failed to load config from \"/Users/mac/clara-ai/clara-ai/dataconnect\": could not find dataconnect.yaml in `/Users/mac/clara-ai/clara-ai/dataconnect`\n"}}
[debug] [2025-12-02T10:24:50.481Z] E1202 11:24:50.480020   18675 watch.go:31] Failed to load config from "/Users/mac/clara-ai/clara-ai/dataconnect": could not find dataconnect.yaml in `/Users/mac/clara-ai/clara-ai/dataconnect`
 {"metadata":{"emulator":{"name":"dataconnect"},"message":"E1202 11:24:50.480020   18675 watch.go:31] Failed to load config from \"/Users/mac/clara-ai/clara-ai/dataconnect\": could not find dataconnect.yaml in `/Users/mac/clara-ai/clara-ai/dataconnect`\n"}}
[debug] [2025-12-02T10:25:00.496Z] E1202 11:25:00.495462   18675 watch.go:31] Failed to load config from "/Users/mac/clara-ai/clara-ai/dataconnect": could not find dataconnect.yaml in `/Users/mac/clara-ai/clara-ai/dataconnect`
 {"metadata":{"emulator":{"name":"dataconnect"},"message":"E1202 11:25:00.495462   18675 watch.go:31] Failed to load config from \"/Users/mac/clara-ai/clara-ai/dataconnect\": could not find dataconnect.yaml in `/Users/mac/clara-ai/clara-ai/dataconnect`\n"}}
[debug] [2025-12-02T10:25:10.481Z] E1202 11:25:10.480851   18675 watch.go:31] Failed to load config from "/Users/mac/clara-ai/clara-ai/dataconnect": could not find dataconnect.yaml in `/Users/mac/clara-ai/clara-ai/dataconnect`
 {"metadata":{"emulator":{"name":"dataconnect"},"message":"E1202 11:25:10.480851   18675 watch.go:31] Failed to load config from \"/Users/mac/clara-ai/clara-ai/dataconnect\": could not find dataconnect.yaml in `/Users/mac/clara-ai/clara-ai/dataconnect`\n"}}
[debug] [2025-12-02T10:25:20.481Z] E1202 11:25:20.480540   18675 watch.go:31] Failed to load config from "/Users/mac/clara-ai/clara-ai/dataconnect": could not find dataconnect.yaml in `/Users/mac/clara-ai/clara-ai/dataconnect`
 {"metadata":{"emulator":{"name":"dataconnect"},"message":"E1202 11:25:20.480540   18675 watch.go:31] Failed to load config from \"/Users/mac/clara-ai/clara-ai/dataconnect\": could not find dataconnect.yaml in `/Users/mac/clara-ai/clara-ai/dataconnect`\n"}}
[debug] [2025-12-02T10:25:30.483Z] E1202 11:25:30.483226   18675 watch.go:31] Failed to load config from "/Users/mac/clara-ai/clara-ai/dataconnect": could not find dataconnect.yaml in `/Users/mac/clara-ai/clara-ai/dataconnect`
 {"metadata":{"emulator":{"name":"dataconnect"},"message":"E1202 11:25:30.483226   18675 watch.go:31] Failed to load config from \"/Users/mac/clara-ai/clara-ai/dataconnect\": could not find dataconnect.yaml in `/Users/mac/clara-ai/clara-ai/dataconnect`\n"}}
[debug] [2025-12-02T10:25:40.481Z] E1202 11:25:40.481406   18675 watch.go:31] Failed to load config from "/Users/mac/clara-ai/clara-ai/dataconnect": could not find dataconnect.yaml in `/Users/mac/clara-ai/clara-ai/dataconnect`
 {"metadata":{"emulator":{"name":"dataconnect"},"message":"E1202 11:25:40.481406   18675 watch.go:31] Failed to load config from \"/Users/mac/clara-ai/clara-ai/dataconnect\": could not find dataconnect.yaml in `/Users/mac/clara-ai/clara-ai/dataconnect`\n"}}
[debug] [2025-12-02T10:25:50.484Z] E1202 11:25:50.483136   18675 watch.go:31] Failed to load config from "/Users/mac/clara-ai/clara-ai/dataconnect": could not find dataconnect.yaml in `/Users/mac/clara-ai/clara-ai/dataconnect`
E1202 11:25:50.483887   18675 watch.go:102] watchAllDir unable to walk dir `/Users/mac/clara-ai/clara-ai/dataconnect`: lstat /Users/mac/clara-ai/clara-ai/dataconnect: no such file or directory
 {"metadata":{"emulator":{"name":"dataconnect"},"message":"E1202 11:25:50.483136   18675 watch.go:31] Failed to load config from \"/Users/mac/clara-ai/clara-ai/dataconnect\": could not find dataconnect.yaml in `/Users/mac/clara-ai/clara-ai/dataconnect`\nE1202 11:25:50.483887   18675 watch.go:102] watchAllDir unable to walk dir `/Users/mac/clara-ai/clara-ai/dataconnect`: lstat /Users/mac/clara-ai/clara-ai/dataconnect: no such file or directory\n"}}
[debug] [2025-12-02T10:26:00.483Z] E1202 11:26:00.483216   18675 watch.go:31] Failed to load config from "/Users/mac/clara-ai/clara-ai/dataconnect": could not find dataconnect.yaml in `/Users/mac/clara-ai/clara-ai/dataconnect`
 {"metadata":{"emulator":{"name":"dataconnect"},"message":"E1202 11:26:00.483216   18675 watch.go:31] Failed to load config from \"/Users/mac/clara-ai/clara-ai/dataconnect\": could not find dataconnect.yaml in `/Users/mac/clara-ai/clara-ai/dataconnect`\n"}}
[debug] [2025-12-02T10:26:10.555Z] E1202 11:26:10.482632   18675 watch.go:31] Failed to load config from "/Users/mac/clara-ai/clara-ai/dataconnect": could not find dataconnect.yaml in `/Users/mac/clara-ai/clara-ai/dataconnect`
 {"metadata":{"emulator":{"name":"dataconnect"},"message":"E1202 11:26:10.482632   18675 watch.go:31] Failed to load config from \"/Users/mac/clara-ai/clara-ai/dataconnect\": could not find dataconnect.yaml in `/Users/mac/clara-ai/clara-ai/dataconnect`\n"}}
[debug] [2025-12-02T10:26:20.492Z] E1202 11:26:20.491612   18675 watch.go:31] Failed to load config from "/Users/mac/clara-ai/clara-ai/dataconnect": could not find dataconnect.yaml in `/Users/mac/clara-ai/clara-ai/dataconnect`
 {"metadata":{"emulator":{"name":"dataconnect"},"message":"E1202 11:26:20.491612   18675 watch.go:31] Failed to load config from \"/Users/mac/clara-ai/clara-ai/dataconnect\": could not find dataconnect.yaml in `/Users/mac/clara-ai/clara-ai/dataconnect`\n"}}
[debug] [2025-12-02T10:26:30.510Z] E1202 11:26:30.510447   18675 watch.go:31] Failed to load config from "/Users/mac/clara-ai/clara-ai/dataconnect": could not find dataconnect.yaml in `/Users/mac/clara-ai/clara-ai/dataconnect`
 {"metadata":{"emulator":{"name":"dataconnect"},"message":"E1202 11:26:30.510447   18675 watch.go:31] Failed to load config from \"/Users/mac/clara-ai/clara-ai/dataconnect\": could not find dataconnect.yaml in `/Users/mac/clara-ai/clara-ai/dataconnect`\n"}}
[debug] [2025-12-02T10:26:40.483Z] E1202 11:26:40.482912   18675 watch.go:31] Failed to load config from "/Users/mac/clara-ai/clara-ai/dataconnect": could not find dataconnect.yaml in `/Users/mac/clara-ai/clara-ai/dataconnect`
 {"metadata":{"emulator":{"name":"dataconnect"},"message":"E1202 11:26:40.482912   18675 watch.go:31] Failed to load config from \"/Users/mac/clara-ai/clara-ai/dataconnect\": could not find dataconnect.yaml in `/Users/mac/clara-ai/clara-ai/dataconnect`\n"}}
[debug] [2025-12-02T10:26:50.488Z] E1202 11:26:50.487545   18675 watch.go:31] Failed to load config from "/Users/mac/clara-ai/clara-ai/dataconnect": could not find dataconnect.yaml in `/Users/mac/clara-ai/clara-ai/dataconnect`
 {"metadata":{"emulator":{"name":"dataconnect"},"message":"E1202 11:26:50.487545   18675 watch.go:31] Failed to load config from \"/Users/mac/clara-ai/clara-ai/dataconnect\": could not find dataconnect.yaml in `/Users/mac/clara-ai/clara-ai/dataconnect`\n"}}
[debug] [2025-12-02T10:27:00.490Z] E1202 11:27:00.490268   18675 watch.go:31] Failed to load config from "/Users/mac/clara-ai/clara-ai/dataconnect": could not find dataconnect.yaml in `/Users/mac/clara-ai/clara-ai/dataconnect`
 {"metadata":{"emulator":{"name":"dataconnect"},"message":"E1202 11:27:00.490268   18675 watch.go:31] Failed to load config from \"/Users/mac/clara-ai/clara-ai/dataconnect\": could not find dataconnect.yaml in `/Users/mac/clara-ai/clara-ai/dataconnect`\n"}}
[debug] [2025-12-02T10:27:10.488Z] E1202 11:27:10.487762   18675 watch.go:31] Failed to load config from "/Users/mac/clara-ai/clara-ai/dataconnect": could not find dataconnect.yaml in `/Users/mac/clara-ai/clara-ai/dataconnect`
 {"metadata":{"emulator":{"name":"dataconnect"},"message":"E1202 11:27:10.487762   18675 watch.go:31] Failed to load config from \"/Users/mac/clara-ai/clara-ai/dataconnect\": could not find dataconnect.yaml in `/Users/mac/clara-ai/clara-ai/dataconnect`\n"}}
[debug] [2025-12-02T10:27:20.557Z] E1202 11:27:20.485132   18675 watch.go:31] Failed to load config from "/Users/mac/clara-ai/clara-ai/dataconnect": could not find dataconnect.yaml in `/Users/mac/clara-ai/clara-ai/dataconnect`
 {"metadata":{"emulator":{"name":"dataconnect"},"message":"E1202 11:27:20.485132   18675 watch.go:31] Failed to load config from \"/Users/mac/clara-ai/clara-ai/dataconnect\": could not find dataconnect.yaml in `/Users/mac/clara-ai/clara-ai/dataconnect`\n"}}
[debug] [2025-12-02T10:27:30.560Z] E1202 11:27:30.559174   18675 watch.go:31] Failed to load config from "/Users/mac/clara-ai/clara-ai/dataconnect": could not find dataconnect.yaml in `/Users/mac/clara-ai/clara-ai/dataconnect`
 {"metadata":{"emulator":{"name":"dataconnect"},"message":"E1202 11:27:30.559174   18675 watch.go:31] Failed to load config from \"/Users/mac/clara-ai/clara-ai/dataconnect\": could not find dataconnect.yaml in `/Users/mac/clara-ai/clara-ai/dataconnect`\n"}}
[debug] [2025-12-02T10:27:40.484Z] E1202 11:27:40.484075   18675 watch.go:31] Failed to load config from "/Users/mac/clara-ai/clara-ai/dataconnect": could not find dataconnect.yaml in `/Users/mac/clara-ai/clara-ai/dataconnect`
 {"metadata":{"emulator":{"name":"dataconnect"},"message":"E1202 11:27:40.484075   18675 watch.go:31] Failed to load config from \"/Users/mac/clara-ai/clara-ai/dataconnect\": could not find dataconnect.yaml in `/Users/mac/clara-ai/clara-ai/dataconnect`\n"}}
[debug] [2025-12-02T10:27:50.485Z] E1202 11:27:50.484866   18675 watch.go:31] Failed to load config from "/Users/mac/clara-ai/clara-ai/dataconnect": could not find dataconnect.yaml in `/Users/mac/clara-ai/clara-ai/dataconnect`
 {"metadata":{"emulator":{"name":"dataconnect"},"message":"E1202 11:27:50.484866   18675 watch.go:31] Failed to load config from \"/Users/mac/clara-ai/clara-ai/dataconnect\": could not find dataconnect.yaml in `/Users/mac/clara-ai/clara-ai/dataconnect`\n"}}
[debug] [2025-12-02T10:27:50.486Z] E1202 11:27:50.484913   18675 watch.go:102] watchAllDir unable to walk dir `/Users/mac/clara-ai/clara-ai/dataconnect`: lstat /Users/mac/clara-ai/clara-ai/dataconnect: no such file or directory
 {"metadata":{"emulator":{"name":"dataconnect"},"message":"E1202 11:27:50.484913   18675 watch.go:102] watchAllDir unable to walk dir `/Users/mac/clara-ai/clara-ai/dataconnect`: lstat /Users/mac/clara-ai/clara-ai/dataconnect: no such file or directory\n"}}
[debug] [2025-12-02T10:28:00.485Z] E1202 11:28:00.484573   18675 watch.go:31] Failed to load config from "/Users/mac/clara-ai/clara-ai/dataconnect": could not find dataconnect.yaml in `/Users/mac/clara-ai/clara-ai/dataconnect`
 {"metadata":{"emulator":{"name":"dataconnect"},"message":"E1202 11:28:00.484573   18675 watch.go:31] Failed to load config from \"/Users/mac/clara-ai/clara-ai/dataconnect\": could not find dataconnect.yaml in `/Users/mac/clara-ai/clara-ai/dataconnect`\n"}}
[debug] [2025-12-02T10:28:10.485Z] E1202 11:28:10.485008   18675 watch.go:31] Failed to load config from "/Users/mac/clara-ai/clara-ai/dataconnect": could not find dataconnect.yaml in `/Users/mac/clara-ai/clara-ai/dataconnect`
 {"metadata":{"emulator":{"name":"dataconnect"},"message":"E1202 11:28:10.485008   18675 watch.go:31] Failed to load config from \"/Users/mac/clara-ai/clara-ai/dataconnect\": could not find dataconnect.yaml in `/Users/mac/clara-ai/clara-ai/dataconnect`\n"}}
[debug] [2025-12-02T10:28:20.493Z] E1202 11:28:20.489444   18675 watch.go:31] Failed to load config from "/Users/mac/clara-ai/clara-ai/dataconnect": could not find dataconnect.yaml in `/Users/mac/clara-ai/clara-ai/dataconnect`
 {"metadata":{"emulator":{"name":"dataconnect"},"message":"E1202 11:28:20.489444   18675 watch.go:31] Failed to load config from \"/Users/mac/clara-ai/clara-ai/dataconnect\": could not find dataconnect.yaml in `/Users/mac/clara-ai/clara-ai/dataconnect`\n"}}
[debug] [2025-12-02T10:28:30.486Z] E1202 11:28:30.486570   18675 watch.go:31] Failed to load config from "/Users/mac/clara-ai/clara-ai/dataconnect": could not find dataconnect.yaml in `/Users/mac/clara-ai/clara-ai/dataconnect`
 {"metadata":{"emulator":{"name":"dataconnect"},"message":"E1202 11:28:30.486570   18675 watch.go:31] Failed to load config from \"/Users/mac/clara-ai/clara-ai/dataconnect\": could not find dataconnect.yaml in `/Users/mac/clara-ai/clara-ai/dataconnect`\n"}}
[debug] [2025-12-02T10:28:40.538Z] E1202 11:28:40.534147   18675 watch.go:31] Failed to load config from "/Users/mac/clara-ai/clara-ai/dataconnect": could not find dataconnect.yaml in `/Users/mac/clara-ai/clara-ai/dataconnect`
 {"metadata":{"emulator":{"name":"dataconnect"},"message":"E1202 11:28:40.534147   18675 watch.go:31] Failed to load config from \"/Users/mac/clara-ai/clara-ai/dataconnect\": could not find dataconnect.yaml in `/Users/mac/clara-ai/clara-ai/dataconnect`\n"}}
[debug] [2025-12-02T10:28:50.485Z] E1202 11:28:50.485463   18675 watch.go:31] Failed to load config from "/Users/mac/clara-ai/clara-ai/dataconnect": could not find dataconnect.yaml in `/Users/mac/clara-ai/clara-ai/dataconnect`
 {"metadata":{"emulator":{"name":"dataconnect"},"message":"E1202 11:28:50.485463   18675 watch.go:31] Failed to load config from \"/Users/mac/clara-ai/clara-ai/dataconnect\": could not find dataconnect.yaml in `/Users/mac/clara-ai/clara-ai/dataconnect`\n"}}
[debug] [2025-12-02T10:29:00.486Z] E1202 11:29:00.485437   18675 watch.go:31] Failed to load config from "/Users/mac/clara-ai/clara-ai/dataconnect": could not find dataconnect.yaml in `/Users/mac/clara-ai/clara-ai/dataconnect`
 {"metadata":{"emulator":{"name":"dataconnect"},"message":"E1202 11:29:00.485437   18675 watch.go:31] Failed to load config from \"/Users/mac/clara-ai/clara-ai/dataconnect\": could not find dataconnect.yaml in `/Users/mac/clara-ai/clara-ai/dataconnect`\n"}}
[debug] [2025-12-02T10:29:10.521Z] E1202 11:29:10.518576   18675 watch.go:31] Failed to load config from "/Users/mac/clara-ai/clara-ai/dataconnect": could not find dataconnect.yaml in `/Users/mac/clara-ai/clara-ai/dataconnect`
 {"metadata":{"emulator":{"name":"dataconnect"},"message":"E1202 11:29:10.518576   18675 watch.go:31] Failed to load config from \"/Users/mac/clara-ai/clara-ai/dataconnect\": could not find dataconnect.yaml in `/Users/mac/clara-ai/clara-ai/dataconnect`\n"}}
[debug] [2025-12-02T10:29:20.486Z] E1202 11:29:20.486292   18675 watch.go:31] Failed to load config from "/Users/mac/clara-ai/clara-ai/dataconnect": could not find dataconnect.yaml in `/Users/mac/clara-ai/clara-ai/dataconnect`
 {"metadata":{"emulator":{"name":"dataconnect"},"message":"E1202 11:29:20.486292   18675 watch.go:31] Failed to load config from \"/Users/mac/clara-ai/clara-ai/dataconnect\": could not find dataconnect.yaml in `/Users/mac/clara-ai/clara-ai/dataconnect`\n"}}
[debug] [2025-12-02T10:29:30.490Z] E1202 11:29:30.489225   18675 watch.go:31] Failed to load config from "/Users/mac/clara-ai/clara-ai/dataconnect": could not find dataconnect.yaml in `/Users/mac/clara-ai/clara-ai/dataconnect`
 {"metadata":{"emulator":{"name":"dataconnect"},"message":"E1202 11:29:30.489225   18675 watch.go:31] Failed to load config from \"/Users/mac/clara-ai/clara-ai/dataconnect\": could not find dataconnect.yaml in `/Users/mac/clara-ai/clara-ai/dataconnect`\n"}}
[debug] [2025-12-02T10:29:40.504Z] E1202 11:29:40.500251   18675 watch.go:31] Failed to load config from "/Users/mac/clara-ai/clara-ai/dataconnect": could not find dataconnect.yaml in `/Users/mac/clara-ai/clara-ai/dataconnect`
 {"metadata":{"emulator":{"name":"dataconnect"},"message":"E1202 11:29:40.500251   18675 watch.go:31] Failed to load config from \"/Users/mac/clara-ai/clara-ai/dataconnect\": could not find dataconnect.yaml in `/Users/mac/clara-ai/clara-ai/dataconnect`\n"}}
[debug] [2025-12-02T10:29:50.487Z] E1202 11:29:50.487003   18675 watch.go:31] Failed to load config from "/Users/mac/clara-ai/clara-ai/dataconnect": could not find dataconnect.yaml in `/Users/mac/clara-ai/clara-ai/dataconnect`
 {"metadata":{"emulator":{"name":"dataconnect"},"message":"E1202 11:29:50.487003   18675 watch.go:31] Failed to load config from \"/Users/mac/clara-ai/clara-ai/dataconnect\": could not find dataconnect.yaml in `/Users/mac/clara-ai/clara-ai/dataconnect`\n"}}
[debug] [2025-12-02T10:29:50.489Z] E1202 11:29:50.487799   18675 watch.go:102] watchAllDir unable to walk dir `/Users/mac/clara-ai/clara-ai/dataconnect`: lstat /Users/mac/clara-ai/clara-ai/dataconnect: no such file or directory
 {"metadata":{"emulator":{"name":"dataconnect"},"message":"E1202 11:29:50.487799   18675 watch.go:102] watchAllDir unable to walk dir `/Users/mac/clara-ai/clara-ai/dataconnect`: lstat /Users/mac/clara-ai/clara-ai/dataconnect: no such file or directory\n"}}
[debug] [2025-12-02T10:30:00.487Z] E1202 11:30:00.487146   18675 watch.go:31] Failed to load config from "/Users/mac/clara-ai/clara-ai/dataconnect": could not find dataconnect.yaml in `/Users/mac/clara-ai/clara-ai/dataconnect`
 {"metadata":{"emulator":{"name":"dataconnect"},"message":"E1202 11:30:00.487146   18675 watch.go:31] Failed to load config from \"/Users/mac/clara-ai/clara-ai/dataconnect\": could not find dataconnect.yaml in `/Users/mac/clara-ai/clara-ai/dataconnect`\n"}}
[debug] [2025-12-02T10:30:10.491Z] E1202 11:30:10.490448   18675 watch.go:31] Failed to load config from "/Users/mac/clara-ai/clara-ai/dataconnect": could not find dataconnect.yaml in `/Users/mac/clara-ai/clara-ai/dataconnect`
 {"metadata":{"emulator":{"name":"dataconnect"},"message":"E1202 11:30:10.490448   18675 watch.go:31] Failed to load config from \"/Users/mac/clara-ai/clara-ai/dataconnect\": could not find dataconnect.yaml in `/Users/mac/clara-ai/clara-ai/dataconnect`\n"}}
[debug] [2025-12-02T10:30:20.491Z] E1202 11:30:20.491096   18675 watch.go:31] Failed to load config from "/Users/mac/clara-ai/clara-ai/dataconnect": could not find dataconnect.yaml in `/Users/mac/clara-ai/clara-ai/dataconnect`
 {"metadata":{"emulator":{"name":"dataconnect"},"message":"E1202 11:30:20.491096   18675 watch.go:31] Failed to load config from \"/Users/mac/clara-ai/clara-ai/dataconnect\": could not find dataconnect.yaml in `/Users/mac/clara-ai/clara-ai/dataconnect`\n"}}
[debug] [2025-12-02T10:30:30.543Z] E1202 11:30:30.542997   18675 watch.go:31] Failed to load config from "/Users/mac/clara-ai/clara-ai/dataconnect": could not find dataconnect.yaml in `/Users/mac/clara-ai/clara-ai/dataconnect`
 {"metadata":{"emulator":{"name":"dataconnect"},"message":"E1202 11:30:30.542997   18675 watch.go:31] Failed to load config from \"/Users/mac/clara-ai/clara-ai/dataconnect\": could not find dataconnect.yaml in `/Users/mac/clara-ai/clara-ai/dataconnect`\n"}}
[debug] [2025-12-02T10:30:40.500Z] E1202 11:30:40.499035   18675 watch.go:31] Failed to load config from "/Users/mac/clara-ai/clara-ai/dataconnect": could not find dataconnect.yaml in `/Users/mac/clara-ai/clara-ai/dataconnect`
 {"metadata":{"emulator":{"name":"dataconnect"},"message":"E1202 11:30:40.499035   18675 watch.go:31] Failed to load config from \"/Users/mac/clara-ai/clara-ai/dataconnect\": could not find dataconnect.yaml in `/Users/mac/clara-ai/clara-ai/dataconnect`\n"}}
[debug] [2025-12-02T10:30:50.489Z] E1202 11:30:50.489281   18675 watch.go:31] Failed to load config from "/Users/mac/clara-ai/clara-ai/dataconnect": could not find dataconnect.yaml in `/Users/mac/clara-ai/clara-ai/dataconnect`
 {"metadata":{"emulator":{"name":"dataconnect"},"message":"E1202 11:30:50.489281   18675 watch.go:31] Failed to load config from \"/Users/mac/clara-ai/clara-ai/dataconnect\": could not find dataconnect.yaml in `/Users/mac/clara-ai/clara-ai/dataconnect`\n"}}
[debug] [2025-12-02T10:31:00.490Z] E1202 11:31:00.489917   18675 watch.go:31] Failed to load config from "/Users/mac/clara-ai/clara-ai/dataconnect": could not find dataconnect.yaml in `/Users/mac/clara-ai/clara-ai/dataconnect`
 {"metadata":{"emulator":{"name":"dataconnect"},"message":"E1202 11:31:00.489917   18675 watch.go:31] Failed to load config from \"/Users/mac/clara-ai/clara-ai/dataconnect\": could not find dataconnect.yaml in `/Users/mac/clara-ai/clara-ai/dataconnect`\n"}}
[debug] [2025-12-02T10:31:10.609Z] E1202 11:31:10.488533   18675 watch.go:31] Failed to load config from "/Users/mac/clara-ai/clara-ai/dataconnect": could not find dataconnect.yaml in `/Users/mac/clara-ai/clara-ai/dataconnect`
 {"metadata":{"emulator":{"name":"dataconnect"},"message":"E1202 11:31:10.488533   18675 watch.go:31] Failed to load config from \"/Users/mac/clara-ai/clara-ai/dataconnect\": could not find dataconnect.yaml in `/Users/mac/clara-ai/clara-ai/dataconnect`\n"}}
[debug] [2025-12-02T10:31:20.489Z] E1202 11:31:20.489621   18675 watch.go:31] Failed to load config from "/Users/mac/clara-ai/clara-ai/dataconnect": could not find dataconnect.yaml in `/Users/mac/clara-ai/clara-ai/dataconnect`
 {"metadata":{"emulator":{"name":"dataconnect"},"message":"E1202 11:31:20.489621   18675 watch.go:31] Failed to load config from \"/Users/mac/clara-ai/clara-ai/dataconnect\": could not find dataconnect.yaml in `/Users/mac/clara-ai/clara-ai/dataconnect`\n"}}
[debug] [2025-12-02T10:31:30.490Z] E1202 11:31:30.489890   18675 watch.go:31] Failed to load config from "/Users/mac/clara-ai/clara-ai/dataconnect": could not find dataconnect.yaml in `/Users/mac/clara-ai/clara-ai/dataconnect`
 {"metadata":{"emulator":{"name":"dataconnect"},"message":"E1202 11:31:30.489890   18675 watch.go:31] Failed to load config from \"/Users/mac/clara-ai/clara-ai/dataconnect\": could not find dataconnect.yaml in `/Users/mac/clara-ai/clara-ai/dataconnect`\n"}}
[debug] [2025-12-02T10:31:40.490Z] E1202 11:31:40.490030   18675 watch.go:31] Failed to load config from "/Users/mac/clara-ai/clara-ai/dataconnect": could not find dataconnect.yaml in `/Users/mac/clara-ai/clara-ai/dataconnect`
 {"metadata":{"emulator":{"name":"dataconnect"},"message":"E1202 11:31:40.490030   18675 watch.go:31] Failed to load config from \"/Users/mac/clara-ai/clara-ai/dataconnect\": could not find dataconnect.yaml in `/Users/mac/clara-ai/clara-ai/dataconnect`\n"}}
[debug] [2025-12-02T10:31:50.493Z] E1202 11:31:50.491294   18675 watch.go:31] Failed to load config from "/Users/mac/clara-ai/clara-ai/dataconnect": could not find dataconnect.yaml in `/Users/mac/clara-ai/clara-ai/dataconnect`
E1202 11:31:50.493138   18675 watch.go:102] watchAllDir unable to walk dir `/Users/mac/clara-ai/clara-ai/dataconnect`: lstat /Users/mac/clara-ai/clara-ai/dataconnect: no such file or directory
 {"metadata":{"emulator":{"name":"dataconnect"},"message":"E1202 11:31:50.491294   18675 watch.go:31] Failed to load config from \"/Users/mac/clara-ai/clara-ai/dataconnect\": could not find dataconnect.yaml in `/Users/mac/clara-ai/clara-ai/dataconnect`\nE1202 11:31:50.493138   18675 watch.go:102] watchAllDir unable to walk dir `/Users/mac/clara-ai/clara-ai/dataconnect`: lstat /Users/mac/clara-ai/clara-ai/dataconnect: no such file or directory\n"}}
[debug] [2025-12-02T10:32:00.490Z] E1202 11:32:00.490452   18675 watch.go:31] Failed to load config from "/Users/mac/clara-ai/clara-ai/dataconnect": could not find dataconnect.yaml in `/Users/mac/clara-ai/clara-ai/dataconnect`
 {"metadata":{"emulator":{"name":"dataconnect"},"message":"E1202 11:32:00.490452   18675 watch.go:31] Failed to load config from \"/Users/mac/clara-ai/clara-ai/dataconnect\": could not find dataconnect.yaml in `/Users/mac/clara-ai/clara-ai/dataconnect`\n"}}
[debug] [2025-12-02T10:32:10.490Z] E1202 11:32:10.490326   18675 watch.go:31] Failed to load config from "/Users/mac/clara-ai/clara-ai/dataconnect": could not find dataconnect.yaml in `/Users/mac/clara-ai/clara-ai/dataconnect`
 {"metadata":{"emulator":{"name":"dataconnect"},"message":"E1202 11:32:10.490326   18675 watch.go:31] Failed to load config from \"/Users/mac/clara-ai/clara-ai/dataconnect\": could not find dataconnect.yaml in `/Users/mac/clara-ai/clara-ai/dataconnect`\n"}}
[debug] [2025-12-02T10:32:20.491Z] E1202 11:32:20.491026   18675 watch.go:31] Failed to load config from "/Users/mac/clara-ai/clara-ai/dataconnect": could not find dataconnect.yaml in `/Users/mac/clara-ai/clara-ai/dataconnect`
 {"metadata":{"emulator":{"name":"dataconnect"},"message":"E1202 11:32:20.491026   18675 watch.go:31] Failed to load config from \"/Users/mac/clara-ai/clara-ai/dataconnect\": could not find dataconnect.yaml in `/Users/mac/clara-ai/clara-ai/dataconnect`\n"}}
[debug] [2025-12-02T10:32:30.490Z] E1202 11:32:30.490465   18675 watch.go:31] Failed to load config from "/Users/mac/clara-ai/clara-ai/dataconnect": could not find dataconnect.yaml in `/Users/mac/clara-ai/clara-ai/dataconnect`
 {"metadata":{"emulator":{"name":"dataconnect"},"message":"E1202 11:32:30.490465   18675 watch.go:31] Failed to load config from \"/Users/mac/clara-ai/clara-ai/dataconnect\": could not find dataconnect.yaml in `/Users/mac/clara-ai/clara-ai/dataconnect`\n"}}
[debug] [2025-12-02T10:32:40.491Z] E1202 11:32:40.491188   18675 watch.go:31] Failed to load config from "/Users/mac/clara-ai/clara-ai/dataconnect": could not find dataconnect.yaml in `/Users/mac/clara-ai/clara-ai/dataconnect`
 {"metadata":{"emulator":{"name":"dataconnect"},"message":"E1202 11:32:40.491188   18675 watch.go:31] Failed to load config from \"/Users/mac/clara-ai/clara-ai/dataconnect\": could not find dataconnect.yaml in `/Users/mac/clara-ai/clara-ai/dataconnect`\n"}}
[debug] [2025-12-02T10:32:50.491Z] E1202 11:32:50.491622   18675 watch.go:31] Failed to load config from "/Users/mac/clara-ai/clara-ai/dataconnect": could not find dataconnect.yaml in `/Users/mac/clara-ai/clara-ai/dataconnect`
 {"metadata":{"emulator":{"name":"dataconnect"},"message":"E1202 11:32:50.491622   18675 watch.go:31] Failed to load config from \"/Users/mac/clara-ai/clara-ai/dataconnect\": could not find dataconnect.yaml in `/Users/mac/clara-ai/clara-ai/dataconnect`\n"}}
[debug] [2025-12-02T10:33:00.492Z] E1202 11:33:00.491938   18675 watch.go:31] Failed to load config from "/Users/mac/clara-ai/clara-ai/dataconnect": could not find dataconnect.yaml in `/Users/mac/clara-ai/clara-ai/dataconnect`
 {"metadata":{"emulator":{"name":"dataconnect"},"message":"E1202 11:33:00.491938   18675 watch.go:31] Failed to load config from \"/Users/mac/clara-ai/clara-ai/dataconnect\": could not find dataconnect.yaml in `/Users/mac/clara-ai/clara-ai/dataconnect`\n"}}
[debug] [2025-12-02T10:33:10.491Z] E1202 11:33:10.491439   18675 watch.go:31] Failed to load config from "/Users/mac/clara-ai/clara-ai/dataconnect": could not find dataconnect.yaml in `/Users/mac/clara-ai/clara-ai/dataconnect`
 {"metadata":{"emulator":{"name":"dataconnect"},"message":"E1202 11:33:10.491439   18675 watch.go:31] Failed to load config from \"/Users/mac/clara-ai/clara-ai/dataconnect\": could not find dataconnect.yaml in `/Users/mac/clara-ai/clara-ai/dataconnect`\n"}}
[debug] [2025-12-02T10:33:20.493Z] E1202 11:33:20.493165   18675 watch.go:31] Failed to load config from "/Users/mac/clara-ai/clara-ai/dataconnect": could not find dataconnect.yaml in `/Users/mac/clara-ai/clara-ai/dataconnect`
 {"metadata":{"emulator":{"name":"dataconnect"},"message":"E1202 11:33:20.493165   18675 watch.go:31] Failed to load config from \"/Users/mac/clara-ai/clara-ai/dataconnect\": could not find dataconnect.yaml in `/Users/mac/clara-ai/clara-ai/dataconnect`\n"}}
[debug] [2025-12-02T10:33:30.509Z] E1202 11:33:30.500851   18675 watch.go:31] Failed to load config from "/Users/mac/clara-ai/clara-ai/dataconnect": could not find dataconnect.yaml in `/Users/mac/clara-ai/clara-ai/dataconnect`
 {"metadata":{"emulator":{"name":"dataconnect"},"message":"E1202 11:33:30.500851   18675 watch.go:31] Failed to load config from \"/Users/mac/clara-ai/clara-ai/dataconnect\": could not find dataconnect.yaml in `/Users/mac/clara-ai/clara-ai/dataconnect`\n"}}
[debug] [2025-12-02T10:33:40.504Z] E1202 11:33:40.503956   18675 watch.go:31] Failed to load config from "/Users/mac/clara-ai/clara-ai/dataconnect": could not find dataconnect.yaml in `/Users/mac/clara-ai/clara-ai/dataconnect`
 {"metadata":{"emulator":{"name":"dataconnect"},"message":"E1202 11:33:40.503956   18675 watch.go:31] Failed to load config from \"/Users/mac/clara-ai/clara-ai/dataconnect\": could not find dataconnect.yaml in `/Users/mac/clara-ai/clara-ai/dataconnect`\n"}}
[debug] [2025-12-02T10:33:50.494Z] E1202 11:33:50.493661   18675 watch.go:31] Failed to load config from "/Users/mac/clara-ai/clara-ai/dataconnect": could not find dataconnect.yaml in `/Users/mac/clara-ai/clara-ai/dataconnect`
 {"metadata":{"emulator":{"name":"dataconnect"},"message":"E1202 11:33:50.493661   18675 watch.go:31] Failed to load config from \"/Users/mac/clara-ai/clara-ai/dataconnect\": could not find dataconnect.yaml in `/Users/mac/clara-ai/clara-ai/dataconnect`\n"}}
[debug] [2025-12-02T10:33:50.496Z] E1202 11:33:50.493791   18675 watch.go:102] watchAllDir unable to walk dir `/Users/mac/clara-ai/clara-ai/dataconnect`: lstat /Users/mac/clara-ai/clara-ai/dataconnect: no such file or directory
 {"metadata":{"emulator":{"name":"dataconnect"},"message":"E1202 11:33:50.493791   18675 watch.go:102] watchAllDir unable to walk dir `/Users/mac/clara-ai/clara-ai/dataconnect`: lstat /Users/mac/clara-ai/clara-ai/dataconnect: no such file or directory\n"}}
[debug] [2025-12-02T10:34:00.493Z] E1202 11:34:00.492952   18675 watch.go:31] Failed to load config from "/Users/mac/clara-ai/clara-ai/dataconnect": could not find dataconnect.yaml in `/Users/mac/clara-ai/clara-ai/dataconnect`
 {"metadata":{"emulator":{"name":"dataconnect"},"message":"E1202 11:34:00.492952   18675 watch.go:31] Failed to load config from \"/Users/mac/clara-ai/clara-ai/dataconnect\": could not find dataconnect.yaml in `/Users/mac/clara-ai/clara-ai/dataconnect`\n"}}
[debug] [2025-12-02T10:34:10.495Z] E1202 11:34:10.494972   18675 watch.go:31] Failed to load config from "/Users/mac/clara-ai/clara-ai/dataconnect": could not find dataconnect.yaml in `/Users/mac/clara-ai/clara-ai/dataconnect`
 {"metadata":{"emulator":{"name":"dataconnect"},"message":"E1202 11:34:10.494972   18675 watch.go:31] Failed to load config from \"/Users/mac/clara-ai/clara-ai/dataconnect\": could not find dataconnect.yaml in `/Users/mac/clara-ai/clara-ai/dataconnect`\n"}}
[debug] [2025-12-02T10:34:20.493Z] E1202 11:34:20.493320   18675 watch.go:31] Failed to load config from "/Users/mac/clara-ai/clara-ai/dataconnect": could not find dataconnect.yaml in `/Users/mac/clara-ai/clara-ai/dataconnect`
 {"metadata":{"emulator":{"name":"dataconnect"},"message":"E1202 11:34:20.493320   18675 watch.go:31] Failed to load config from \"/Users/mac/clara-ai/clara-ai/dataconnect\": could not find dataconnect.yaml in `/Users/mac/clara-ai/clara-ai/dataconnect`\n"}}
[debug] [2025-12-02T10:34:31.401Z] E1202 11:34:30.495707   18675 watch.go:31] Failed to load config from "/Users/mac/clara-ai/clara-ai/dataconnect": could not find dataconnect.yaml in `/Users/mac/clara-ai/clara-ai/dataconnect`
 {"metadata":{"emulator":{"name":"dataconnect"},"message":"E1202 11:34:30.495707   18675 watch.go:31] Failed to load config from \"/Users/mac/clara-ai/clara-ai/dataconnect\": could not find dataconnect.yaml in `/Users/mac/clara-ai/clara-ai/dataconnect`\n"}}
[debug] [2025-12-02T10:34:40.504Z] E1202 11:34:40.502640   18675 watch.go:31] Failed to load config from "/Users/mac/clara-ai/clara-ai/dataconnect": could not find dataconnect.yaml in `/Users/mac/clara-ai/clara-ai/dataconnect`
 {"metadata":{"emulator":{"name":"dataconnect"},"message":"E1202 11:34:40.502640   18675 watch.go:31] Failed to load config from \"/Users/mac/clara-ai/clara-ai/dataconnect\": could not find dataconnect.yaml in `/Users/mac/clara-ai/clara-ai/dataconnect`\n"}}
[debug] [2025-12-02T10:34:50.507Z] E1202 11:34:50.506348   18675 watch.go:31] Failed to load config from "/Users/mac/clara-ai/clara-ai/dataconnect": could not find dataconnect.yaml in `/Users/mac/clara-ai/clara-ai/dataconnect`
 {"metadata":{"emulator":{"name":"dataconnect"},"message":"E1202 11:34:50.506348   18675 watch.go:31] Failed to load config from \"/Users/mac/clara-ai/clara-ai/dataconnect\": could not find dataconnect.yaml in `/Users/mac/clara-ai/clara-ai/dataconnect`\n"}}
[debug] [2025-12-02T10:35:00.501Z] E1202 11:35:00.501565   18675 watch.go:31] Failed to load config from "/Users/mac/clara-ai/clara-ai/dataconnect": could not find dataconnect.yaml in `/Users/mac/clara-ai/clara-ai/dataconnect`
 {"metadata":{"emulator":{"name":"dataconnect"},"message":"E1202 11:35:00.501565   18675 watch.go:31] Failed to load config from \"/Users/mac/clara-ai/clara-ai/dataconnect\": could not find dataconnect.yaml in `/Users/mac/clara-ai/clara-ai/dataconnect`\n"}}
[debug] [2025-12-02T10:35:10.499Z] E1202 11:35:10.495716   18675 watch.go:31] Failed to load config from "/Users/mac/clara-ai/clara-ai/dataconnect": could not find dataconnect.yaml in `/Users/mac/clara-ai/clara-ai/dataconnect`
 {"metadata":{"emulator":{"name":"dataconnect"},"message":"E1202 11:35:10.495716   18675 watch.go:31] Failed to load config from \"/Users/mac/clara-ai/clara-ai/dataconnect\": could not find dataconnect.yaml in `/Users/mac/clara-ai/clara-ai/dataconnect`\n"}}
[debug] [2025-12-02T10:35:20.495Z] E1202 11:35:20.495073   18675 watch.go:31] Failed to load config from "/Users/mac/clara-ai/clara-ai/dataconnect": could not find dataconnect.yaml in `/Users/mac/clara-ai/clara-ai/dataconnect`
 {"metadata":{"emulator":{"name":"dataconnect"},"message":"E1202 11:35:20.495073   18675 watch.go:31] Failed to load config from \"/Users/mac/clara-ai/clara-ai/dataconnect\": could not find dataconnect.yaml in `/Users/mac/clara-ai/clara-ai/dataconnect`\n"}}
[debug] [2025-12-02T10:35:30.502Z] E1202 11:35:30.497015   18675 watch.go:31] Failed to load config from "/Users/mac/clara-ai/clara-ai/dataconnect": could not find dataconnect.yaml in `/Users/mac/clara-ai/clara-ai/dataconnect`
 {"metadata":{"emulator":{"name":"dataconnect"},"message":"E1202 11:35:30.497015   18675 watch.go:31] Failed to load config from \"/Users/mac/clara-ai/clara-ai/dataconnect\": could not find dataconnect.yaml in `/Users/mac/clara-ai/clara-ai/dataconnect`\n"}}
[debug] [2025-12-02T10:35:40.496Z] E1202 11:35:40.495788   18675 watch.go:31] Failed to load config from "/Users/mac/clara-ai/clara-ai/dataconnect": could not find dataconnect.yaml in `/Users/mac/clara-ai/clara-ai/dataconnect`
 {"metadata":{"emulator":{"name":"dataconnect"},"message":"E1202 11:35:40.495788   18675 watch.go:31] Failed to load config from \"/Users/mac/clara-ai/clara-ai/dataconnect\": could not find dataconnect.yaml in `/Users/mac/clara-ai/clara-ai/dataconnect`\n"}}
[debug] [2025-12-02T10:35:50.495Z] E1202 11:35:50.495551   18675 watch.go:31] Failed to load config from "/Users/mac/clara-ai/clara-ai/dataconnect": could not find dataconnect.yaml in `/Users/mac/clara-ai/clara-ai/dataconnect`
E1202 11:35:50.495799   18675 watch.go:102] watchAllDir unable to walk dir `/Users/mac/clara-ai/clara-ai/dataconnect`: lstat /Users/mac/clara-ai/clara-ai/dataconnect: no such file or directory
 {"metadata":{"emulator":{"name":"dataconnect"},"message":"E1202 11:35:50.495551   18675 watch.go:31] Failed to load config from \"/Users/mac/clara-ai/clara-ai/dataconnect\": could not find dataconnect.yaml in `/Users/mac/clara-ai/clara-ai/dataconnect`\nE1202 11:35:50.495799   18675 watch.go:102] watchAllDir unable to walk dir `/Users/mac/clara-ai/clara-ai/dataconnect`: lstat /Users/mac/clara-ai/clara-ai/dataconnect: no such file or directory\n"}}
[debug] [2025-12-02T10:36:00.496Z] E1202 11:36:00.496455   18675 watch.go:31] Failed to load config from "/Users/mac/clara-ai/clara-ai/dataconnect": could not find dataconnect.yaml in `/Users/mac/clara-ai/clara-ai/dataconnect`
 {"metadata":{"emulator":{"name":"dataconnect"},"message":"E1202 11:36:00.496455   18675 watch.go:31] Failed to load config from \"/Users/mac/clara-ai/clara-ai/dataconnect\": could not find dataconnect.yaml in `/Users/mac/clara-ai/clara-ai/dataconnect`\n"}}
[debug] [2025-12-02T10:36:10.496Z] E1202 11:36:10.495904   18675 watch.go:31] Failed to load config from "/Users/mac/clara-ai/clara-ai/dataconnect": could not find dataconnect.yaml in `/Users/mac/clara-ai/clara-ai/dataconnect`
 {"metadata":{"emulator":{"name":"dataconnect"},"message":"E1202 11:36:10.495904   18675 watch.go:31] Failed to load config from \"/Users/mac/clara-ai/clara-ai/dataconnect\": could not find dataconnect.yaml in `/Users/mac/clara-ai/clara-ai/dataconnect`\n"}}
[debug] [2025-12-02T10:36:20.495Z] E1202 11:36:20.495617   18675 watch.go:31] Failed to load config from "/Users/mac/clara-ai/clara-ai/dataconnect": could not find dataconnect.yaml in `/Users/mac/clara-ai/clara-ai/dataconnect`
 {"metadata":{"emulator":{"name":"dataconnect"},"message":"E1202 11:36:20.495617   18675 watch.go:31] Failed to load config from \"/Users/mac/clara-ai/clara-ai/dataconnect\": could not find dataconnect.yaml in `/Users/mac/clara-ai/clara-ai/dataconnect`\n"}}
[debug] [2025-12-02T10:36:30.578Z] E1202 11:36:30.578622   18675 watch.go:31] Failed to load config from "/Users/mac/clara-ai/clara-ai/dataconnect": could not find dataconnect.yaml in `/Users/mac/clara-ai/clara-ai/dataconnect`
 {"metadata":{"emulator":{"name":"dataconnect"},"message":"E1202 11:36:30.578622   18675 watch.go:31] Failed to load config from \"/Users/mac/clara-ai/clara-ai/dataconnect\": could not find dataconnect.yaml in `/Users/mac/clara-ai/clara-ai/dataconnect`\n"}}
[debug] [2025-12-02T10:36:40.690Z] E1202 11:36:40.627739   18675 watch.go:31] Failed to load config from "/Users/mac/clara-ai/clara-ai/dataconnect": could not find dataconnect.yaml in `/Users/mac/clara-ai/clara-ai/dataconnect`
 {"metadata":{"emulator":{"name":"dataconnect"},"message":"E1202 11:36:40.627739   18675 watch.go:31] Failed to load config from \"/Users/mac/clara-ai/clara-ai/dataconnect\": could not find dataconnect.yaml in `/Users/mac/clara-ai/clara-ai/dataconnect`\n"}}
[debug] [2025-12-02T10:36:50.499Z] E1202 11:36:50.497784   18675 watch.go:31] Failed to load config from "/Users/mac/clara-ai/clara-ai/dataconnect": could not find dataconnect.yaml in `/Users/mac/clara-ai/clara-ai/dataconnect`
 {"metadata":{"emulator":{"name":"dataconnect"},"message":"E1202 11:36:50.497784   18675 watch.go:31] Failed to load config from \"/Users/mac/clara-ai/clara-ai/dataconnect\": could not find dataconnect.yaml in `/Users/mac/clara-ai/clara-ai/dataconnect`\n"}}
[debug] [2025-12-02T10:37:00.496Z] E1202 11:37:00.496436   18675 watch.go:31] Failed to load config from "/Users/mac/clara-ai/clara-ai/dataconnect": could not find dataconnect.yaml in `/Users/mac/clara-ai/clara-ai/dataconnect`
 {"metadata":{"emulator":{"name":"dataconnect"},"message":"E1202 11:37:00.496436   18675 watch.go:31] Failed to load config from \"/Users/mac/clara-ai/clara-ai/dataconnect\": could not find dataconnect.yaml in `/Users/mac/clara-ai/clara-ai/dataconnect`\n"}}
[debug] [2025-12-02T10:37:10.497Z] E1202 11:37:10.497058   18675 watch.go:31] Failed to load config from "/Users/mac/clara-ai/clara-ai/dataconnect": could not find dataconnect.yaml in `/Users/mac/clara-ai/clara-ai/dataconnect`
 {"metadata":{"emulator":{"name":"dataconnect"},"message":"E1202 11:37:10.497058   18675 watch.go:31] Failed to load config from \"/Users/mac/clara-ai/clara-ai/dataconnect\": could not find dataconnect.yaml in `/Users/mac/clara-ai/clara-ai/dataconnect`\n"}}
[debug] [2025-12-02T10:37:20.498Z] E1202 11:37:20.497797   18675 watch.go:31] Failed to load config from "/Users/mac/clara-ai/clara-ai/dataconnect": could not find dataconnect.yaml in `/Users/mac/clara-ai/clara-ai/dataconnect`
 {"metadata":{"emulator":{"name":"dataconnect"},"message":"E1202 11:37:20.497797   18675 watch.go:31] Failed to load config from \"/Users/mac/clara-ai/clara-ai/dataconnect\": could not find dataconnect.yaml in `/Users/mac/clara-ai/clara-ai/dataconnect`\n"}}
[debug] [2025-12-02T10:37:30.513Z] E1202 11:37:30.497983   18675 watch.go:31] Failed to load config from "/Users/mac/clara-ai/clara-ai/dataconnect": could not find dataconnect.yaml in `/Users/mac/clara-ai/clara-ai/dataconnect`
 {"metadata":{"emulator":{"name":"dataconnect"},"message":"E1202 11:37:30.497983   18675 watch.go:31] Failed to load config from \"/Users/mac/clara-ai/clara-ai/dataconnect\": could not find dataconnect.yaml in `/Users/mac/clara-ai/clara-ai/dataconnect`\n"}}
[debug] [2025-12-02T10:37:40.503Z] E1202 11:37:40.501743   18675 watch.go:31] Failed to load config from "/Users/mac/clara-ai/clara-ai/dataconnect": could not find dataconnect.yaml in `/Users/mac/clara-ai/clara-ai/dataconnect`
 {"metadata":{"emulator":{"name":"dataconnect"},"message":"E1202 11:37:40.501743   18675 watch.go:31] Failed to load config from \"/Users/mac/clara-ai/clara-ai/dataconnect\": could not find dataconnect.yaml in `/Users/mac/clara-ai/clara-ai/dataconnect`\n"}}
[debug] [2025-12-02T10:37:50.499Z] E1202 11:37:50.498877   18675 watch.go:31] Failed to load config from "/Users/mac/clara-ai/clara-ai/dataconnect": could not find dataconnect.yaml in `/Users/mac/clara-ai/clara-ai/dataconnect`
E1202 11:37:50.498940   18675 watch.go:102] watchAllDir unable to walk dir `/Users/mac/clara-ai/clara-ai/dataconnect`: lstat /Users/mac/clara-ai/clara-ai/dataconnect: no such file or directory
 {"metadata":{"emulator":{"name":"dataconnect"},"message":"E1202 11:37:50.498877   18675 watch.go:31] Failed to load config from \"/Users/mac/clara-ai/clara-ai/dataconnect\": could not find dataconnect.yaml in `/Users/mac/clara-ai/clara-ai/dataconnect`\nE1202 11:37:50.498940   18675 watch.go:102] watchAllDir unable to walk dir `/Users/mac/clara-ai/clara-ai/dataconnect`: lstat /Users/mac/clara-ai/clara-ai/dataconnect: no such file or directory\n"}}
[debug] [2025-12-02T10:38:00.499Z] E1202 11:38:00.498824   18675 watch.go:31] Failed to load config from "/Users/mac/clara-ai/clara-ai/dataconnect": could not find dataconnect.yaml in `/Users/mac/clara-ai/clara-ai/dataconnect`
 {"metadata":{"emulator":{"name":"dataconnect"},"message":"E1202 11:38:00.498824   18675 watch.go:31] Failed to load config from \"/Users/mac/clara-ai/clara-ai/dataconnect\": could not find dataconnect.yaml in `/Users/mac/clara-ai/clara-ai/dataconnect`\n"}}
[debug] [2025-12-02T10:38:10.500Z] E1202 11:38:10.499817   18675 watch.go:31] Failed to load config from "/Users/mac/clara-ai/clara-ai/dataconnect": could not find dataconnect.yaml in `/Users/mac/clara-ai/clara-ai/dataconnect`
 {"metadata":{"emulator":{"name":"dataconnect"},"message":"E1202 11:38:10.499817   18675 watch.go:31] Failed to load config from \"/Users/mac/clara-ai/clara-ai/dataconnect\": could not find dataconnect.yaml in `/Users/mac/clara-ai/clara-ai/dataconnect`\n"}}
[debug] [2025-12-02T10:38:20.524Z] E1202 11:38:20.502194   18675 watch.go:31] Failed to load config from "/Users/mac/clara-ai/clara-ai/dataconnect": could not find dataconnect.yaml in `/Users/mac/clara-ai/clara-ai/dataconnect`
 {"metadata":{"emulator":{"name":"dataconnect"},"message":"E1202 11:38:20.502194   18675 watch.go:31] Failed to load config from \"/Users/mac/clara-ai/clara-ai/dataconnect\": could not find dataconnect.yaml in `/Users/mac/clara-ai/clara-ai/dataconnect`\n"}}
[debug] [2025-12-02T10:38:30.500Z] E1202 11:38:30.499049   18675 watch.go:31] Failed to load config from "/Users/mac/clara-ai/clara-ai/dataconnect": could not find dataconnect.yaml in `/Users/mac/clara-ai/clara-ai/dataconnect`
 {"metadata":{"emulator":{"name":"dataconnect"},"message":"E1202 11:38:30.499049   18675 watch.go:31] Failed to load config from \"/Users/mac/clara-ai/clara-ai/dataconnect\": could not find dataconnect.yaml in `/Users/mac/clara-ai/clara-ai/dataconnect`\n"}}
[debug] [2025-12-02T10:38:40.499Z] E1202 11:38:40.499232   18675 watch.go:31] Failed to load config from "/Users/mac/clara-ai/clara-ai/dataconnect": could not find dataconnect.yaml in `/Users/mac/clara-ai/clara-ai/dataconnect`
 {"metadata":{"emulator":{"name":"dataconnect"},"message":"E1202 11:38:40.499232   18675 watch.go:31] Failed to load config from \"/Users/mac/clara-ai/clara-ai/dataconnect\": could not find dataconnect.yaml in `/Users/mac/clara-ai/clara-ai/dataconnect`\n"}}
[debug] [2025-12-02T10:38:50.506Z] E1202 11:38:50.506036   18675 watch.go:31] Failed to load config from "/Users/mac/clara-ai/clara-ai/dataconnect": could not find dataconnect.yaml in `/Users/mac/clara-ai/clara-ai/dataconnect`
 {"metadata":{"emulator":{"name":"dataconnect"},"message":"E1202 11:38:50.506036   18675 watch.go:31] Failed to load config from \"/Users/mac/clara-ai/clara-ai/dataconnect\": could not find dataconnect.yaml in `/Users/mac/clara-ai/clara-ai/dataconnect`\n"}}
[debug] [2025-12-02T10:39:00.508Z] E1202 11:39:00.508520   18675 watch.go:31] Failed to load config from "/Users/mac/clara-ai/clara-ai/dataconnect": could not find dataconnect.yaml in `/Users/mac/clara-ai/clara-ai/dataconnect`
 {"metadata":{"emulator":{"name":"dataconnect"},"message":"E1202 11:39:00.508520   18675 watch.go:31] Failed to load config from \"/Users/mac/clara-ai/clara-ai/dataconnect\": could not find dataconnect.yaml in `/Users/mac/clara-ai/clara-ai/dataconnect`\n"}}
[debug] [2025-12-02T10:39:10.499Z] E1202 11:39:10.499426   18675 watch.go:31] Failed to load config from "/Users/mac/clara-ai/clara-ai/dataconnect": could not find dataconnect.yaml in `/Users/mac/clara-ai/clara-ai/dataconnect`
 {"metadata":{"emulator":{"name":"dataconnect"},"message":"E1202 11:39:10.499426   18675 watch.go:31] Failed to load config from \"/Users/mac/clara-ai/clara-ai/dataconnect\": could not find dataconnect.yaml in `/Users/mac/clara-ai/clara-ai/dataconnect`\n"}}
[debug] [2025-12-02T10:39:20.546Z] E1202 11:39:20.541758   18675 watch.go:31] Failed to load config from "/Users/mac/clara-ai/clara-ai/dataconnect": could not find dataconnect.yaml in `/Users/mac/clara-ai/clara-ai/dataconnect`
 {"metadata":{"emulator":{"name":"dataconnect"},"message":"E1202 11:39:20.541758   18675 watch.go:31] Failed to load config from \"/Users/mac/clara-ai/clara-ai/dataconnect\": could not find dataconnect.yaml in `/Users/mac/clara-ai/clara-ai/dataconnect`\n"}}
[debug] [2025-12-02T10:39:30.505Z] E1202 11:39:30.504970   18675 watch.go:31] Failed to load config from "/Users/mac/clara-ai/clara-ai/dataconnect": could not find dataconnect.yaml in `/Users/mac/clara-ai/clara-ai/dataconnect`
 {"metadata":{"emulator":{"name":"dataconnect"},"message":"E1202 11:39:30.504970   18675 watch.go:31] Failed to load config from \"/Users/mac/clara-ai/clara-ai/dataconnect\": could not find dataconnect.yaml in `/Users/mac/clara-ai/clara-ai/dataconnect`\n"}}
[debug] [2025-12-02T10:39:40.500Z] E1202 11:39:40.500386   18675 watch.go:31] Failed to load config from "/Users/mac/clara-ai/clara-ai/dataconnect": could not find dataconnect.yaml in `/Users/mac/clara-ai/clara-ai/dataconnect`
 {"metadata":{"emulator":{"name":"dataconnect"},"message":"E1202 11:39:40.500386   18675 watch.go:31] Failed to load config from \"/Users/mac/clara-ai/clara-ai/dataconnect\": could not find dataconnect.yaml in `/Users/mac/clara-ai/clara-ai/dataconnect`\n"}}
[debug] [2025-12-02T10:39:50.500Z] E1202 11:39:50.500389   18675 watch.go:31] Failed to load config from "/Users/mac/clara-ai/clara-ai/dataconnect": could not find dataconnect.yaml in `/Users/mac/clara-ai/clara-ai/dataconnect`
 {"metadata":{"emulator":{"name":"dataconnect"},"message":"E1202 11:39:50.500389   18675 watch.go:31] Failed to load config from \"/Users/mac/clara-ai/clara-ai/dataconnect\": could not find dataconnect.yaml in `/Users/mac/clara-ai/clara-ai/dataconnect`\n"}}
[debug] [2025-12-02T10:39:50.502Z] E1202 11:39:50.501364   18675 watch.go:102] watchAllDir unable to walk dir `/Users/mac/clara-ai/clara-ai/dataconnect`: lstat /Users/mac/clara-ai/clara-ai/dataconnect: no such file or directory
 {"metadata":{"emulator":{"name":"dataconnect"},"message":"E1202 11:39:50.501364   18675 watch.go:102] watchAllDir unable to walk dir `/Users/mac/clara-ai/clara-ai/dataconnect`: lstat /Users/mac/clara-ai/clara-ai/dataconnect: no such file or directory\n"}}
[debug] [2025-12-02T10:40:00.502Z] E1202 11:40:00.501776   18675 watch.go:31] Failed to load config from "/Users/mac/clara-ai/clara-ai/dataconnect": could not find dataconnect.yaml in `/Users/mac/clara-ai/clara-ai/dataconnect`
 {"metadata":{"emulator":{"name":"dataconnect"},"message":"E1202 11:40:00.501776   18675 watch.go:31] Failed to load config from \"/Users/mac/clara-ai/clara-ai/dataconnect\": could not find dataconnect.yaml in `/Users/mac/clara-ai/clara-ai/dataconnect`\n"}}
[debug] [2025-12-02T10:40:10.502Z] E1202 11:40:10.502472   18675 watch.go:31] Failed to load config from "/Users/mac/clara-ai/clara-ai/dataconnect": could not find dataconnect.yaml in `/Users/mac/clara-ai/clara-ai/dataconnect`
 {"metadata":{"emulator":{"name":"dataconnect"},"message":"E1202 11:40:10.502472   18675 watch.go:31] Failed to load config from \"/Users/mac/clara-ai/clara-ai/dataconnect\": could not find dataconnect.yaml in `/Users/mac/clara-ai/clara-ai/dataconnect`\n"}}
[debug] [2025-12-02T10:40:20.501Z] E1202 11:40:20.501609   18675 watch.go:31] Failed to load config from "/Users/mac/clara-ai/clara-ai/dataconnect": could not find dataconnect.yaml in `/Users/mac/clara-ai/clara-ai/dataconnect`
 {"metadata":{"emulator":{"name":"dataconnect"},"message":"E1202 11:40:20.501609   18675 watch.go:31] Failed to load config from \"/Users/mac/clara-ai/clara-ai/dataconnect\": could not find dataconnect.yaml in `/Users/mac/clara-ai/clara-ai/dataconnect`\n"}}
[debug] [2025-12-02T10:40:30.502Z] E1202 11:40:30.502259   18675 watch.go:31] Failed to load config from "/Users/mac/clara-ai/clara-ai/dataconnect": could not find dataconnect.yaml in `/Users/mac/clara-ai/clara-ai/dataconnect`
 {"metadata":{"emulator":{"name":"dataconnect"},"message":"E1202 11:40:30.502259   18675 watch.go:31] Failed to load config from \"/Users/mac/clara-ai/clara-ai/dataconnect\": could not find dataconnect.yaml in `/Users/mac/clara-ai/clara-ai/dataconnect`\n"}}
[debug] [2025-12-02T10:40:40.714Z] E1202 11:40:40.575762   18675 watch.go:31] Failed to load config from "/Users/mac/clara-ai/clara-ai/dataconnect": could not find dataconnect.yaml in `/Users/mac/clara-ai/clara-ai/dataconnect`
 {"metadata":{"emulator":{"name":"dataconnect"},"message":"E1202 11:40:40.575762   18675 watch.go:31] Failed to load config from \"/Users/mac/clara-ai/clara-ai/dataconnect\": could not find dataconnect.yaml in `/Users/mac/clara-ai/clara-ai/dataconnect`\n"}}
[debug] [2025-12-02T10:40:50.502Z] E1202 11:40:50.501938   18675 watch.go:31] Failed to load config from "/Users/mac/clara-ai/clara-ai/dataconnect": could not find dataconnect.yaml in `/Users/mac/clara-ai/clara-ai/dataconnect`
 {"metadata":{"emulator":{"name":"dataconnect"},"message":"E1202 11:40:50.501938   18675 watch.go:31] Failed to load config from \"/Users/mac/clara-ai/clara-ai/dataconnect\": could not find dataconnect.yaml in `/Users/mac/clara-ai/clara-ai/dataconnect`\n"}}
[debug] [2025-12-02T10:41:00.502Z] E1202 11:41:00.501907   18675 watch.go:31] Failed to load config from "/Users/mac/clara-ai/clara-ai/dataconnect": could not find dataconnect.yaml in `/Users/mac/clara-ai/clara-ai/dataconnect`
 {"metadata":{"emulator":{"name":"dataconnect"},"message":"E1202 11:41:00.501907   18675 watch.go:31] Failed to load config from \"/Users/mac/clara-ai/clara-ai/dataconnect\": could not find dataconnect.yaml in `/Users/mac/clara-ai/clara-ai/dataconnect`\n"}}
[debug] [2025-12-02T10:41:10.503Z] E1202 11:41:10.502878   18675 watch.go:31] Failed to load config from "/Users/mac/clara-ai/clara-ai/dataconnect": could not find dataconnect.yaml in `/Users/mac/clara-ai/clara-ai/dataconnect`
 {"metadata":{"emulator":{"name":"dataconnect"},"message":"E1202 11:41:10.502878   18675 watch.go:31] Failed to load config from \"/Users/mac/clara-ai/clara-ai/dataconnect\": could not find dataconnect.yaml in `/Users/mac/clara-ai/clara-ai/dataconnect`\n"}}
[debug] [2025-12-02T10:41:20.520Z] E1202 11:41:20.505126   18675 watch.go:31] Failed to load config from "/Users/mac/clara-ai/clara-ai/dataconnect": could not find dataconnect.yaml in `/Users/mac/clara-ai/clara-ai/dataconnect`
 {"metadata":{"emulator":{"name":"dataconnect"},"message":"E1202 11:41:20.505126   18675 watch.go:31] Failed to load config from \"/Users/mac/clara-ai/clara-ai/dataconnect\": could not find dataconnect.yaml in `/Users/mac/clara-ai/clara-ai/dataconnect`\n"}}
[debug] [2025-12-02T10:41:30.521Z] E1202 11:41:30.521769   18675 watch.go:31] Failed to load config from "/Users/mac/clara-ai/clara-ai/dataconnect": could not find dataconnect.yaml in `/Users/mac/clara-ai/clara-ai/dataconnect`
 {"metadata":{"emulator":{"name":"dataconnect"},"message":"E1202 11:41:30.521769   18675 watch.go:31] Failed to load config from \"/Users/mac/clara-ai/clara-ai/dataconnect\": could not find dataconnect.yaml in `/Users/mac/clara-ai/clara-ai/dataconnect`\n"}}
[debug] [2025-12-02T10:41:40.505Z] E1202 11:41:40.504255   18675 watch.go:31] Failed to load config from "/Users/mac/clara-ai/clara-ai/dataconnect": could not find dataconnect.yaml in `/Users/mac/clara-ai/clara-ai/dataconnect`
 {"metadata":{"emulator":{"name":"dataconnect"},"message":"E1202 11:41:40.504255   18675 watch.go:31] Failed to load config from \"/Users/mac/clara-ai/clara-ai/dataconnect\": could not find dataconnect.yaml in `/Users/mac/clara-ai/clara-ai/dataconnect`\n"}}
[debug] [2025-12-02T10:41:50.509Z] E1202 11:41:50.509191   18675 watch.go:31] Failed to load config from "/Users/mac/clara-ai/clara-ai/dataconnect": could not find dataconnect.yaml in `/Users/mac/clara-ai/clara-ai/dataconnect`
 {"metadata":{"emulator":{"name":"dataconnect"},"message":"E1202 11:41:50.509191   18675 watch.go:31] Failed to load config from \"/Users/mac/clara-ai/clara-ai/dataconnect\": could not find dataconnect.yaml in `/Users/mac/clara-ai/clara-ai/dataconnect`\n"}}
[debug] [2025-12-02T10:41:50.510Z] E1202 11:41:50.509224   18675 watch.go:102] watchAllDir unable to walk dir `/Users/mac/clara-ai/clara-ai/dataconnect`: lstat /Users/mac/clara-ai/clara-ai/dataconnect: no such file or directory
 {"metadata":{"emulator":{"name":"dataconnect"},"message":"E1202 11:41:50.509224   18675 watch.go:102] watchAllDir unable to walk dir `/Users/mac/clara-ai/clara-ai/dataconnect`: lstat /Users/mac/clara-ai/clara-ai/dataconnect: no such file or directory\n"}}
[debug] [2025-12-02T10:42:00.514Z] E1202 11:42:00.507406   18675 watch.go:31] Failed to load config from "/Users/mac/clara-ai/clara-ai/dataconnect": could not find dataconnect.yaml in `/Users/mac/clara-ai/clara-ai/dataconnect`
 {"metadata":{"emulator":{"name":"dataconnect"},"message":"E1202 11:42:00.507406   18675 watch.go:31] Failed to load config from \"/Users/mac/clara-ai/clara-ai/dataconnect\": could not find dataconnect.yaml in `/Users/mac/clara-ai/clara-ai/dataconnect`\n"}}
[debug] [2025-12-02T10:42:10.536Z] E1202 11:42:10.507062   18675 watch.go:31] Failed to load config from "/Users/mac/clara-ai/clara-ai/dataconnect": could not find dataconnect.yaml in `/Users/mac/clara-ai/clara-ai/dataconnect`
 {"metadata":{"emulator":{"name":"dataconnect"},"message":"E1202 11:42:10.507062   18675 watch.go:31] Failed to load config from \"/Users/mac/clara-ai/clara-ai/dataconnect\": could not find dataconnect.yaml in `/Users/mac/clara-ai/clara-ai/dataconnect`\n"}}
[debug] [2025-12-02T10:42:20.505Z] E1202 11:42:20.505458   18675 watch.go:31] Failed to load config from "/Users/mac/clara-ai/clara-ai/dataconnect": could not find dataconnect.yaml in `/Users/mac/clara-ai/clara-ai/dataconnect`
 {"metadata":{"emulator":{"name":"dataconnect"},"message":"E1202 11:42:20.505458   18675 watch.go:31] Failed to load config from \"/Users/mac/clara-ai/clara-ai/dataconnect\": could not find dataconnect.yaml in `/Users/mac/clara-ai/clara-ai/dataconnect`\n"}}
[debug] [2025-12-02T10:42:30.504Z] E1202 11:42:30.504514   18675 watch.go:31] Failed to load config from "/Users/mac/clara-ai/clara-ai/dataconnect": could not find dataconnect.yaml in `/Users/mac/clara-ai/clara-ai/dataconnect`
 {"metadata":{"emulator":{"name":"dataconnect"},"message":"E1202 11:42:30.504514   18675 watch.go:31] Failed to load config from \"/Users/mac/clara-ai/clara-ai/dataconnect\": could not find dataconnect.yaml in `/Users/mac/clara-ai/clara-ai/dataconnect`\n"}}
[debug] [2025-12-02T10:42:40.505Z] E1202 11:42:40.504572   18675 watch.go:31] Failed to load config from "/Users/mac/clara-ai/clara-ai/dataconnect": could not find dataconnect.yaml in `/Users/mac/clara-ai/clara-ai/dataconnect`
 {"metadata":{"emulator":{"name":"dataconnect"},"message":"E1202 11:42:40.504572   18675 watch.go:31] Failed to load config from \"/Users/mac/clara-ai/clara-ai/dataconnect\": could not find dataconnect.yaml in `/Users/mac/clara-ai/clara-ai/dataconnect`\n"}}
[debug] [2025-12-02T10:42:50.507Z] E1202 11:42:50.507616   18675 watch.go:31] Failed to load config from "/Users/mac/clara-ai/clara-ai/dataconnect": could not find dataconnect.yaml in `/Users/mac/clara-ai/clara-ai/dataconnect`
 {"metadata":{"emulator":{"name":"dataconnect"},"message":"E1202 11:42:50.507616   18675 watch.go:31] Failed to load config from \"/Users/mac/clara-ai/clara-ai/dataconnect\": could not find dataconnect.yaml in `/Users/mac/clara-ai/clara-ai/dataconnect`\n"}}
[debug] [2025-12-02T10:43:00.507Z] E1202 11:43:00.507537   18675 watch.go:31] Failed to load config from "/Users/mac/clara-ai/clara-ai/dataconnect": could not find dataconnect.yaml in `/Users/mac/clara-ai/clara-ai/dataconnect`
 {"metadata":{"emulator":{"name":"dataconnect"},"message":"E1202 11:43:00.507537   18675 watch.go:31] Failed to load config from \"/Users/mac/clara-ai/clara-ai/dataconnect\": could not find dataconnect.yaml in `/Users/mac/clara-ai/clara-ai/dataconnect`\n"}}
[debug] [2025-12-02T10:43:10.509Z] E1202 11:43:10.508963   18675 watch.go:31] Failed to load config from "/Users/mac/clara-ai/clara-ai/dataconnect": could not find dataconnect.yaml in `/Users/mac/clara-ai/clara-ai/dataconnect`
 {"metadata":{"emulator":{"name":"dataconnect"},"message":"E1202 11:43:10.508963   18675 watch.go:31] Failed to load config from \"/Users/mac/clara-ai/clara-ai/dataconnect\": could not find dataconnect.yaml in `/Users/mac/clara-ai/clara-ai/dataconnect`\n"}}
[debug] [2025-12-02T10:43:20.508Z] E1202 11:43:20.508347   18675 watch.go:31] Failed to load config from "/Users/mac/clara-ai/clara-ai/dataconnect": could not find dataconnect.yaml in `/Users/mac/clara-ai/clara-ai/dataconnect`
 {"metadata":{"emulator":{"name":"dataconnect"},"message":"E1202 11:43:20.508347   18675 watch.go:31] Failed to load config from \"/Users/mac/clara-ai/clara-ai/dataconnect\": could not find dataconnect.yaml in `/Users/mac/clara-ai/clara-ai/dataconnect`\n"}}
[debug] [2025-12-02T10:43:30.505Z] E1202 11:43:30.505675   18675 watch.go:31] Failed to load config from "/Users/mac/clara-ai/clara-ai/dataconnect": could not find dataconnect.yaml in `/Users/mac/clara-ai/clara-ai/dataconnect`
 {"metadata":{"emulator":{"name":"dataconnect"},"message":"E1202 11:43:30.505675   18675 watch.go:31] Failed to load config from \"/Users/mac/clara-ai/clara-ai/dataconnect\": could not find dataconnect.yaml in `/Users/mac/clara-ai/clara-ai/dataconnect`\n"}}
[debug] [2025-12-02T10:43:40.510Z] E1202 11:43:40.506744   18675 watch.go:31] Failed to load config from "/Users/mac/clara-ai/clara-ai/dataconnect": could not find dataconnect.yaml in `/Users/mac/clara-ai/clara-ai/dataconnect`
 {"metadata":{"emulator":{"name":"dataconnect"},"message":"E1202 11:43:40.506744   18675 watch.go:31] Failed to load config from \"/Users/mac/clara-ai/clara-ai/dataconnect\": could not find dataconnect.yaml in `/Users/mac/clara-ai/clara-ai/dataconnect`\n"}}
[debug] [2025-12-02T10:43:50.517Z] E1202 11:43:50.517111   18675 watch.go:31] Failed to load config from "/Users/mac/clara-ai/clara-ai/dataconnect": could not find dataconnect.yaml in `/Users/mac/clara-ai/clara-ai/dataconnect`
E1202 11:43:50.517155   18675 watch.go:102] watchAllDir unable to walk dir `/Users/mac/clara-ai/clara-ai/dataconnect`: lstat /Users/mac/clara-ai/clara-ai/dataconnect: no such file or directory
 {"metadata":{"emulator":{"name":"dataconnect"},"message":"E1202 11:43:50.517111   18675 watch.go:31] Failed to load config from \"/Users/mac/clara-ai/clara-ai/dataconnect\": could not find dataconnect.yaml in `/Users/mac/clara-ai/clara-ai/dataconnect`\nE1202 11:43:50.517155   18675 watch.go:102] watchAllDir unable to walk dir `/Users/mac/clara-ai/clara-ai/dataconnect`: lstat /Users/mac/clara-ai/clara-ai/dataconnect: no such file or directory\n"}}
[debug] [2025-12-02T10:44:00.508Z] E1202 11:44:00.507945   18675 watch.go:31] Failed to load config from "/Users/mac/clara-ai/clara-ai/dataconnect": could not find dataconnect.yaml in `/Users/mac/clara-ai/clara-ai/dataconnect`
 {"metadata":{"emulator":{"name":"dataconnect"},"message":"E1202 11:44:00.507945   18675 watch.go:31] Failed to load config from \"/Users/mac/clara-ai/clara-ai/dataconnect\": could not find dataconnect.yaml in `/Users/mac/clara-ai/clara-ai/dataconnect`\n"}}
[debug] [2025-12-02T10:44:10.508Z] E1202 11:44:10.508437   18675 watch.go:31] Failed to load config from "/Users/mac/clara-ai/clara-ai/dataconnect": could not find dataconnect.yaml in `/Users/mac/clara-ai/clara-ai/dataconnect`
 {"metadata":{"emulator":{"name":"dataconnect"},"message":"E1202 11:44:10.508437   18675 watch.go:31] Failed to load config from \"/Users/mac/clara-ai/clara-ai/dataconnect\": could not find dataconnect.yaml in `/Users/mac/clara-ai/clara-ai/dataconnect`\n"}}
[debug] [2025-12-02T10:44:20.525Z] E1202 11:44:20.522679   18675 watch.go:31] Failed to load config from "/Users/mac/clara-ai/clara-ai/dataconnect": could not find dataconnect.yaml in `/Users/mac/clara-ai/clara-ai/dataconnect`
 {"metadata":{"emulator":{"name":"dataconnect"},"message":"E1202 11:44:20.522679   18675 watch.go:31] Failed to load config from \"/Users/mac/clara-ai/clara-ai/dataconnect\": could not find dataconnect.yaml in `/Users/mac/clara-ai/clara-ai/dataconnect`\n"}}
[debug] [2025-12-02T10:44:30.511Z] E1202 11:44:30.511516   18675 watch.go:31] Failed to load config from "/Users/mac/clara-ai/clara-ai/dataconnect": could not find dataconnect.yaml in `/Users/mac/clara-ai/clara-ai/dataconnect`
 {"metadata":{"emulator":{"name":"dataconnect"},"message":"E1202 11:44:30.511516   18675 watch.go:31] Failed to load config from \"/Users/mac/clara-ai/clara-ai/dataconnect\": could not find dataconnect.yaml in `/Users/mac/clara-ai/clara-ai/dataconnect`\n"}}
[debug] [2025-12-02T10:44:40.508Z] E1202 11:44:40.508026   18675 watch.go:31] Failed to load config from "/Users/mac/clara-ai/clara-ai/dataconnect": could not find dataconnect.yaml in `/Users/mac/clara-ai/clara-ai/dataconnect`
 {"metadata":{"emulator":{"name":"dataconnect"},"message":"E1202 11:44:40.508026   18675 watch.go:31] Failed to load config from \"/Users/mac/clara-ai/clara-ai/dataconnect\": could not find dataconnect.yaml in `/Users/mac/clara-ai/clara-ai/dataconnect`\n"}}
[debug] [2025-12-02T10:44:50.510Z] E1202 11:44:50.509417   18675 watch.go:31] Failed to load config from "/Users/mac/clara-ai/clara-ai/dataconnect": could not find dataconnect.yaml in `/Users/mac/clara-ai/clara-ai/dataconnect`
 {"metadata":{"emulator":{"name":"dataconnect"},"message":"E1202 11:44:50.509417   18675 watch.go:31] Failed to load config from \"/Users/mac/clara-ai/clara-ai/dataconnect\": could not find dataconnect.yaml in `/Users/mac/clara-ai/clara-ai/dataconnect`\n"}}
[debug] [2025-12-02T10:45:00.508Z] E1202 11:45:00.508487   18675 watch.go:31] Failed to load config from "/Users/mac/clara-ai/clara-ai/dataconnect": could not find dataconnect.yaml in `/Users/mac/clara-ai/clara-ai/dataconnect`
 {"metadata":{"emulator":{"name":"dataconnect"},"message":"E1202 11:45:00.508487   18675 watch.go:31] Failed to load config from \"/Users/mac/clara-ai/clara-ai/dataconnect\": could not find dataconnect.yaml in `/Users/mac/clara-ai/clara-ai/dataconnect`\n"}}
[debug] [2025-12-02T10:45:10.507Z] E1202 11:45:10.507659   18675 watch.go:31] Failed to load config from "/Users/mac/clara-ai/clara-ai/dataconnect": could not find dataconnect.yaml in `/Users/mac/clara-ai/clara-ai/dataconnect`
 {"metadata":{"emulator":{"name":"dataconnect"},"message":"E1202 11:45:10.507659   18675 watch.go:31] Failed to load config from \"/Users/mac/clara-ai/clara-ai/dataconnect\": could not find dataconnect.yaml in `/Users/mac/clara-ai/clara-ai/dataconnect`\n"}}
[debug] [2025-12-02T10:45:20.508Z] E1202 11:45:20.508622   18675 watch.go:31] Failed to load config from "/Users/mac/clara-ai/clara-ai/dataconnect": could not find dataconnect.yaml in `/Users/mac/clara-ai/clara-ai/dataconnect`
 {"metadata":{"emulator":{"name":"dataconnect"},"message":"E1202 11:45:20.508622   18675 watch.go:31] Failed to load config from \"/Users/mac/clara-ai/clara-ai/dataconnect\": could not find dataconnect.yaml in `/Users/mac/clara-ai/clara-ai/dataconnect`\n"}}
[debug] [2025-12-02T10:45:30.509Z] E1202 11:45:30.508985   18675 watch.go:31] Failed to load config from "/Users/mac/clara-ai/clara-ai/dataconnect": could not find dataconnect.yaml in `/Users/mac/clara-ai/clara-ai/dataconnect`
 {"metadata":{"emulator":{"name":"dataconnect"},"message":"E1202 11:45:30.508985   18675 watch.go:31] Failed to load config from \"/Users/mac/clara-ai/clara-ai/dataconnect\": could not find dataconnect.yaml in `/Users/mac/clara-ai/clara-ai/dataconnect`\n"}}
[debug] [2025-12-02T10:45:40.509Z] E1202 11:45:40.509035   18675 watch.go:31] Failed to load config from "/Users/mac/clara-ai/clara-ai/dataconnect": could not find dataconnect.yaml in `/Users/mac/clara-ai/clara-ai/dataconnect`
 {"metadata":{"emulator":{"name":"dataconnect"},"message":"E1202 11:45:40.509035   18675 watch.go:31] Failed to load config from \"/Users/mac/clara-ai/clara-ai/dataconnect\": could not find dataconnect.yaml in `/Users/mac/clara-ai/clara-ai/dataconnect`\n"}}
[debug] [2025-12-02T10:45:50.509Z] E1202 11:45:50.508677   18675 watch.go:31] Failed to load config from "/Users/mac/clara-ai/clara-ai/dataconnect": could not find dataconnect.yaml in `/Users/mac/clara-ai/clara-ai/dataconnect`
 {"metadata":{"emulator":{"name":"dataconnect"},"message":"E1202 11:45:50.508677   18675 watch.go:31] Failed to load config from \"/Users/mac/clara-ai/clara-ai/dataconnect\": could not find dataconnect.yaml in `/Users/mac/clara-ai/clara-ai/dataconnect`\n"}}
[debug] [2025-12-02T10:45:50.513Z] E1202 11:45:50.508723   18675 watch.go:102] watchAllDir unable to walk dir `/Users/mac/clara-ai/clara-ai/dataconnect`: lstat /Users/mac/clara-ai/clara-ai/dataconnect: no such file or directory
 {"metadata":{"emulator":{"name":"dataconnect"},"message":"E1202 11:45:50.508723   18675 watch.go:102] watchAllDir unable to walk dir `/Users/mac/clara-ai/clara-ai/dataconnect`: lstat /Users/mac/clara-ai/clara-ai/dataconnect: no such file or directory\n"}}
[debug] [2025-12-02T10:46:00.516Z] E1202 11:46:00.516151   18675 watch.go:31] Failed to load config from "/Users/mac/clara-ai/clara-ai/dataconnect": could not find dataconnect.yaml in `/Users/mac/clara-ai/clara-ai/dataconnect`
 {"metadata":{"emulator":{"name":"dataconnect"},"message":"E1202 11:46:00.516151   18675 watch.go:31] Failed to load config from \"/Users/mac/clara-ai/clara-ai/dataconnect\": could not find dataconnect.yaml in `/Users/mac/clara-ai/clara-ai/dataconnect`\n"}}
[debug] [2025-12-02T10:46:10.535Z] E1202 11:46:10.535186   18675 watch.go:31] Failed to load config from "/Users/mac/clara-ai/clara-ai/dataconnect": could not find dataconnect.yaml in `/Users/mac/clara-ai/clara-ai/dataconnect`
 {"metadata":{"emulator":{"name":"dataconnect"},"message":"E1202 11:46:10.535186   18675 watch.go:31] Failed to load config from \"/Users/mac/clara-ai/clara-ai/dataconnect\": could not find dataconnect.yaml in `/Users/mac/clara-ai/clara-ai/dataconnect`\n"}}
[debug] [2025-12-02T10:46:20.509Z] E1202 11:46:20.509696   18675 watch.go:31] Failed to load config from "/Users/mac/clara-ai/clara-ai/dataconnect": could not find dataconnect.yaml in `/Users/mac/clara-ai/clara-ai/dataconnect`
 {"metadata":{"emulator":{"name":"dataconnect"},"message":"E1202 11:46:20.509696   18675 watch.go:31] Failed to load config from \"/Users/mac/clara-ai/clara-ai/dataconnect\": could not find dataconnect.yaml in `/Users/mac/clara-ai/clara-ai/dataconnect`\n"}}
[debug] [2025-12-02T10:46:31.410Z] E1202 11:46:30.509640   18675 watch.go:31] Failed to load config from "/Users/mac/clara-ai/clara-ai/dataconnect": could not find dataconnect.yaml in `/Users/mac/clara-ai/clara-ai/dataconnect`
 {"metadata":{"emulator":{"name":"dataconnect"},"message":"E1202 11:46:30.509640   18675 watch.go:31] Failed to load config from \"/Users/mac/clara-ai/clara-ai/dataconnect\": could not find dataconnect.yaml in `/Users/mac/clara-ai/clara-ai/dataconnect`\n"}}
[debug] [2025-12-02T10:46:40.510Z] E1202 11:46:40.510203   18675 watch.go:31] Failed to load config from "/Users/mac/clara-ai/clara-ai/dataconnect": could not find dataconnect.yaml in `/Users/mac/clara-ai/clara-ai/dataconnect`
 {"metadata":{"emulator":{"name":"dataconnect"},"message":"E1202 11:46:40.510203   18675 watch.go:31] Failed to load config from \"/Users/mac/clara-ai/clara-ai/dataconnect\": could not find dataconnect.yaml in `/Users/mac/clara-ai/clara-ai/dataconnect`\n"}}
[debug] [2025-12-02T10:46:50.518Z] E1202 11:46:50.517133   18675 watch.go:31] Failed to load config from "/Users/mac/clara-ai/clara-ai/dataconnect": could not find dataconnect.yaml in `/Users/mac/clara-ai/clara-ai/dataconnect`
 {"metadata":{"emulator":{"name":"dataconnect"},"message":"E1202 11:46:50.517133   18675 watch.go:31] Failed to load config from \"/Users/mac/clara-ai/clara-ai/dataconnect\": could not find dataconnect.yaml in `/Users/mac/clara-ai/clara-ai/dataconnect`\n"}}
[debug] [2025-12-02T10:47:00.617Z] E1202 11:47:00.617035   18675 watch.go:31] Failed to load config from "/Users/mac/clara-ai/clara-ai/dataconnect": could not find dataconnect.yaml in `/Users/mac/clara-ai/clara-ai/dataconnect`
 {"metadata":{"emulator":{"name":"dataconnect"},"message":"E1202 11:47:00.617035   18675 watch.go:31] Failed to load config from \"/Users/mac/clara-ai/clara-ai/dataconnect\": could not find dataconnect.yaml in `/Users/mac/clara-ai/clara-ai/dataconnect`\n"}}
[debug] [2025-12-02T10:47:10.515Z] E1202 11:47:10.515061   18675 watch.go:31] Failed to load config from "/Users/mac/clara-ai/clara-ai/dataconnect": could not find dataconnect.yaml in `/Users/mac/clara-ai/clara-ai/dataconnect`
 {"metadata":{"emulator":{"name":"dataconnect"},"message":"E1202 11:47:10.515061   18675 watch.go:31] Failed to load config from \"/Users/mac/clara-ai/clara-ai/dataconnect\": could not find dataconnect.yaml in `/Users/mac/clara-ai/clara-ai/dataconnect`\n"}}
[debug] [2025-12-02T10:47:20.516Z] E1202 11:47:20.515902   18675 watch.go:31] Failed to load config from "/Users/mac/clara-ai/clara-ai/dataconnect": could not find dataconnect.yaml in `/Users/mac/clara-ai/clara-ai/dataconnect`
 {"metadata":{"emulator":{"name":"dataconnect"},"message":"E1202 11:47:20.515902   18675 watch.go:31] Failed to load config from \"/Users/mac/clara-ai/clara-ai/dataconnect\": could not find dataconnect.yaml in `/Users/mac/clara-ai/clara-ai/dataconnect`\n"}}
[debug] [2025-12-02T10:47:30.514Z] E1202 11:47:30.513847   18675 watch.go:31] Failed to load config from "/Users/mac/clara-ai/clara-ai/dataconnect": could not find dataconnect.yaml in `/Users/mac/clara-ai/clara-ai/dataconnect`
 {"metadata":{"emulator":{"name":"dataconnect"},"message":"E1202 11:47:30.513847   18675 watch.go:31] Failed to load config from \"/Users/mac/clara-ai/clara-ai/dataconnect\": could not find dataconnect.yaml in `/Users/mac/clara-ai/clara-ai/dataconnect`\n"}}
[debug] [2025-12-02T10:47:40.512Z] E1202 11:47:40.511960   18675 watch.go:31] Failed to load config from "/Users/mac/clara-ai/clara-ai/dataconnect": could not find dataconnect.yaml in `/Users/mac/clara-ai/clara-ai/dataconnect`
 {"metadata":{"emulator":{"name":"dataconnect"},"message":"E1202 11:47:40.511960   18675 watch.go:31] Failed to load config from \"/Users/mac/clara-ai/clara-ai/dataconnect\": could not find dataconnect.yaml in `/Users/mac/clara-ai/clara-ai/dataconnect`\n"}}
[debug] [2025-12-02T10:47:50.513Z] E1202 11:47:50.513670   18675 watch.go:31] Failed to load config from "/Users/mac/clara-ai/clara-ai/dataconnect": could not find dataconnect.yaml in `/Users/mac/clara-ai/clara-ai/dataconnect`
 {"metadata":{"emulator":{"name":"dataconnect"},"message":"E1202 11:47:50.513670   18675 watch.go:31] Failed to load config from \"/Users/mac/clara-ai/clara-ai/dataconnect\": could not find dataconnect.yaml in `/Users/mac/clara-ai/clara-ai/dataconnect`\n"}}
[debug] [2025-12-02T10:47:50.518Z] E1202 11:47:50.513710   18675 watch.go:102] watchAllDir unable to walk dir `/Users/mac/clara-ai/clara-ai/dataconnect`: lstat /Users/mac/clara-ai/clara-ai/dataconnect: no such file or directory
 {"metadata":{"emulator":{"name":"dataconnect"},"message":"E1202 11:47:50.513710   18675 watch.go:102] watchAllDir unable to walk dir `/Users/mac/clara-ai/clara-ai/dataconnect`: lstat /Users/mac/clara-ai/clara-ai/dataconnect: no such file or directory\n"}}
[debug] [2025-12-02T10:48:00.513Z] E1202 11:48:00.513242   18675 watch.go:31] Failed to load config from "/Users/mac/clara-ai/clara-ai/dataconnect": could not find dataconnect.yaml in `/Users/mac/clara-ai/clara-ai/dataconnect`
 {"metadata":{"emulator":{"name":"dataconnect"},"message":"E1202 11:48:00.513242   18675 watch.go:31] Failed to load config from \"/Users/mac/clara-ai/clara-ai/dataconnect\": could not find dataconnect.yaml in `/Users/mac/clara-ai/clara-ai/dataconnect`\n"}}
[debug] [2025-12-02T10:48:10.512Z] E1202 11:48:10.512644   18675 watch.go:31] Failed to load config from "/Users/mac/clara-ai/clara-ai/dataconnect": could not find dataconnect.yaml in `/Users/mac/clara-ai/clara-ai/dataconnect`
 {"metadata":{"emulator":{"name":"dataconnect"},"message":"E1202 11:48:10.512644   18675 watch.go:31] Failed to load config from \"/Users/mac/clara-ai/clara-ai/dataconnect\": could not find dataconnect.yaml in `/Users/mac/clara-ai/clara-ai/dataconnect`\n"}}
[debug] [2025-12-02T10:48:20.512Z] E1202 11:48:20.512091   18675 watch.go:31] Failed to load config from "/Users/mac/clara-ai/clara-ai/dataconnect": could not find dataconnect.yaml in `/Users/mac/clara-ai/clara-ai/dataconnect`
 {"metadata":{"emulator":{"name":"dataconnect"},"message":"E1202 11:48:20.512091   18675 watch.go:31] Failed to load config from \"/Users/mac/clara-ai/clara-ai/dataconnect\": could not find dataconnect.yaml in `/Users/mac/clara-ai/clara-ai/dataconnect`\n"}}
[debug] [2025-12-02T10:48:30.513Z] E1202 11:48:30.513117   18675 watch.go:31] Failed to load config from "/Users/mac/clara-ai/clara-ai/dataconnect": could not find dataconnect.yaml in `/Users/mac/clara-ai/clara-ai/dataconnect`
 {"metadata":{"emulator":{"name":"dataconnect"},"message":"E1202 11:48:30.513117   18675 watch.go:31] Failed to load config from \"/Users/mac/clara-ai/clara-ai/dataconnect\": could not find dataconnect.yaml in `/Users/mac/clara-ai/clara-ai/dataconnect`\n"}}
[debug] [2025-12-02T10:48:40.513Z] E1202 11:48:40.513412   18675 watch.go:31] Failed to load config from "/Users/mac/clara-ai/clara-ai/dataconnect": could not find dataconnect.yaml in `/Users/mac/clara-ai/clara-ai/dataconnect`
 {"metadata":{"emulator":{"name":"dataconnect"},"message":"E1202 11:48:40.513412   18675 watch.go:31] Failed to load config from \"/Users/mac/clara-ai/clara-ai/dataconnect\": could not find dataconnect.yaml in `/Users/mac/clara-ai/clara-ai/dataconnect`\n"}}
[debug] [2025-12-02T10:48:50.512Z] E1202 11:48:50.512699   18675 watch.go:31] Failed to load config from "/Users/mac/clara-ai/clara-ai/dataconnect": could not find dataconnect.yaml in `/Users/mac/clara-ai/clara-ai/dataconnect`
 {"metadata":{"emulator":{"name":"dataconnect"},"message":"E1202 11:48:50.512699   18675 watch.go:31] Failed to load config from \"/Users/mac/clara-ai/clara-ai/dataconnect\": could not find dataconnect.yaml in `/Users/mac/clara-ai/clara-ai/dataconnect`\n"}}
[debug] [2025-12-02T10:49:00.513Z] E1202 11:49:00.512911   18675 watch.go:31] Failed to load config from "/Users/mac/clara-ai/clara-ai/dataconnect": could not find dataconnect.yaml in `/Users/mac/clara-ai/clara-ai/dataconnect`
 {"metadata":{"emulator":{"name":"dataconnect"},"message":"E1202 11:49:00.512911   18675 watch.go:31] Failed to load config from \"/Users/mac/clara-ai/clara-ai/dataconnect\": could not find dataconnect.yaml in `/Users/mac/clara-ai/clara-ai/dataconnect`\n"}}
[debug] [2025-12-02T10:49:10.513Z] E1202 11:49:10.513344   18675 watch.go:31] Failed to load config from "/Users/mac/clara-ai/clara-ai/dataconnect": could not find dataconnect.yaml in `/Users/mac/clara-ai/clara-ai/dataconnect`
 {"metadata":{"emulator":{"name":"dataconnect"},"message":"E1202 11:49:10.513344   18675 watch.go:31] Failed to load config from \"/Users/mac/clara-ai/clara-ai/dataconnect\": could not find dataconnect.yaml in `/Users/mac/clara-ai/clara-ai/dataconnect`\n"}}
[debug] [2025-12-02T10:49:20.515Z] E1202 11:49:20.515391   18675 watch.go:31] Failed to load config from "/Users/mac/clara-ai/clara-ai/dataconnect": could not find dataconnect.yaml in `/Users/mac/clara-ai/clara-ai/dataconnect`
 {"metadata":{"emulator":{"name":"dataconnect"},"message":"E1202 11:49:20.515391   18675 watch.go:31] Failed to load config from \"/Users/mac/clara-ai/clara-ai/dataconnect\": could not find dataconnect.yaml in `/Users/mac/clara-ai/clara-ai/dataconnect`\n"}}
[debug] [2025-12-02T10:49:30.515Z] E1202 11:49:30.515486   18675 watch.go:31] Failed to load config from "/Users/mac/clara-ai/clara-ai/dataconnect": could not find dataconnect.yaml in `/Users/mac/clara-ai/clara-ai/dataconnect`
 {"metadata":{"emulator":{"name":"dataconnect"},"message":"E1202 11:49:30.515486   18675 watch.go:31] Failed to load config from \"/Users/mac/clara-ai/clara-ai/dataconnect\": could not find dataconnect.yaml in `/Users/mac/clara-ai/clara-ai/dataconnect`\n"}}
[debug] [2025-12-02T10:49:40.514Z] E1202 11:49:40.514409   18675 watch.go:31] Failed to load config from "/Users/mac/clara-ai/clara-ai/dataconnect": could not find dataconnect.yaml in `/Users/mac/clara-ai/clara-ai/dataconnect`
 {"metadata":{"emulator":{"name":"dataconnect"},"message":"E1202 11:49:40.514409   18675 watch.go:31] Failed to load config from \"/Users/mac/clara-ai/clara-ai/dataconnect\": could not find dataconnect.yaml in `/Users/mac/clara-ai/clara-ai/dataconnect`\n"}}
[debug] [2025-12-02T10:49:50.515Z] E1202 11:49:50.515149   18675 watch.go:31] Failed to load config from "/Users/mac/clara-ai/clara-ai/dataconnect": could not find dataconnect.yaml in `/Users/mac/clara-ai/clara-ai/dataconnect`
E1202 11:49:50.515212   18675 watch.go:102] watchAllDir unable to walk dir `/Users/mac/clara-ai/clara-ai/dataconnect`: lstat /Users/mac/clara-ai/clara-ai/dataconnect: no such file or directory
 {"metadata":{"emulator":{"name":"dataconnect"},"message":"E1202 11:49:50.515149   18675 watch.go:31] Failed to load config from \"/Users/mac/clara-ai/clara-ai/dataconnect\": could not find dataconnect.yaml in `/Users/mac/clara-ai/clara-ai/dataconnect`\nE1202 11:49:50.515212   18675 watch.go:102] watchAllDir unable to walk dir `/Users/mac/clara-ai/clara-ai/dataconnect`: lstat /Users/mac/clara-ai/clara-ai/dataconnect: no such file or directory\n"}}
[debug] [2025-12-02T10:50:00.515Z] E1202 11:50:00.514864   18675 watch.go:31] Failed to load config from "/Users/mac/clara-ai/clara-ai/dataconnect": could not find dataconnect.yaml in `/Users/mac/clara-ai/clara-ai/dataconnect`
 {"metadata":{"emulator":{"name":"dataconnect"},"message":"E1202 11:50:00.514864   18675 watch.go:31] Failed to load config from \"/Users/mac/clara-ai/clara-ai/dataconnect\": could not find dataconnect.yaml in `/Users/mac/clara-ai/clara-ai/dataconnect`\n"}}
[debug] [2025-12-02T10:50:10.535Z] E1202 11:50:10.531294   18675 watch.go:31] Failed to load config from "/Users/mac/clara-ai/clara-ai/dataconnect": could not find dataconnect.yaml in `/Users/mac/clara-ai/clara-ai/dataconnect`
 {"metadata":{"emulator":{"name":"dataconnect"},"message":"E1202 11:50:10.531294   18675 watch.go:31] Failed to load config from \"/Users/mac/clara-ai/clara-ai/dataconnect\": could not find dataconnect.yaml in `/Users/mac/clara-ai/clara-ai/dataconnect`\n"}}
[debug] [2025-12-02T10:50:20.519Z] E1202 11:50:20.519441   18675 watch.go:31] Failed to load config from "/Users/mac/clara-ai/clara-ai/dataconnect": could not find dataconnect.yaml in `/Users/mac/clara-ai/clara-ai/dataconnect`
 {"metadata":{"emulator":{"name":"dataconnect"},"message":"E1202 11:50:20.519441   18675 watch.go:31] Failed to load config from \"/Users/mac/clara-ai/clara-ai/dataconnect\": could not find dataconnect.yaml in `/Users/mac/clara-ai/clara-ai/dataconnect`\n"}}
[debug] [2025-12-02T10:50:30.515Z] E1202 11:50:30.515127   18675 watch.go:31] Failed to load config from "/Users/mac/clara-ai/clara-ai/dataconnect": could not find dataconnect.yaml in `/Users/mac/clara-ai/clara-ai/dataconnect`
 {"metadata":{"emulator":{"name":"dataconnect"},"message":"E1202 11:50:30.515127   18675 watch.go:31] Failed to load config from \"/Users/mac/clara-ai/clara-ai/dataconnect\": could not find dataconnect.yaml in `/Users/mac/clara-ai/clara-ai/dataconnect`\n"}}
[debug] [2025-12-02T10:50:40.515Z] E1202 11:50:40.515285   18675 watch.go:31] Failed to load config from "/Users/mac/clara-ai/clara-ai/dataconnect": could not find dataconnect.yaml in `/Users/mac/clara-ai/clara-ai/dataconnect`
 {"metadata":{"emulator":{"name":"dataconnect"},"message":"E1202 11:50:40.515285   18675 watch.go:31] Failed to load config from \"/Users/mac/clara-ai/clara-ai/dataconnect\": could not find dataconnect.yaml in `/Users/mac/clara-ai/clara-ai/dataconnect`\n"}}
[debug] [2025-12-02T10:50:50.516Z] E1202 11:50:50.515968   18675 watch.go:31] Failed to load config from "/Users/mac/clara-ai/clara-ai/dataconnect": could not find dataconnect.yaml in `/Users/mac/clara-ai/clara-ai/dataconnect`
 {"metadata":{"emulator":{"name":"dataconnect"},"message":"E1202 11:50:50.515968   18675 watch.go:31] Failed to load config from \"/Users/mac/clara-ai/clara-ai/dataconnect\": could not find dataconnect.yaml in `/Users/mac/clara-ai/clara-ai/dataconnect`\n"}}
[debug] [2025-12-02T10:51:00.521Z] E1202 11:51:00.521514   18675 watch.go:31] Failed to load config from "/Users/mac/clara-ai/clara-ai/dataconnect": could not find dataconnect.yaml in `/Users/mac/clara-ai/clara-ai/dataconnect`
 {"metadata":{"emulator":{"name":"dataconnect"},"message":"E1202 11:51:00.521514   18675 watch.go:31] Failed to load config from \"/Users/mac/clara-ai/clara-ai/dataconnect\": could not find dataconnect.yaml in `/Users/mac/clara-ai/clara-ai/dataconnect`\n"}}
[debug] [2025-12-02T10:51:10.517Z] E1202 11:51:10.516969   18675 watch.go:31] Failed to load config from "/Users/mac/clara-ai/clara-ai/dataconnect": could not find dataconnect.yaml in `/Users/mac/clara-ai/clara-ai/dataconnect`
 {"metadata":{"emulator":{"name":"dataconnect"},"message":"E1202 11:51:10.516969   18675 watch.go:31] Failed to load config from \"/Users/mac/clara-ai/clara-ai/dataconnect\": could not find dataconnect.yaml in `/Users/mac/clara-ai/clara-ai/dataconnect`\n"}}
[debug] [2025-12-02T10:51:20.530Z] E1202 11:51:20.528837   18675 watch.go:31] Failed to load config from "/Users/mac/clara-ai/clara-ai/dataconnect": could not find dataconnect.yaml in `/Users/mac/clara-ai/clara-ai/dataconnect`
 {"metadata":{"emulator":{"name":"dataconnect"},"message":"E1202 11:51:20.528837   18675 watch.go:31] Failed to load config from \"/Users/mac/clara-ai/clara-ai/dataconnect\": could not find dataconnect.yaml in `/Users/mac/clara-ai/clara-ai/dataconnect`\n"}}
[debug] [2025-12-02T10:51:30.525Z] E1202 11:51:30.521439   18675 watch.go:31] Failed to load config from "/Users/mac/clara-ai/clara-ai/dataconnect": could not find dataconnect.yaml in `/Users/mac/clara-ai/clara-ai/dataconnect`
 {"metadata":{"emulator":{"name":"dataconnect"},"message":"E1202 11:51:30.521439   18675 watch.go:31] Failed to load config from \"/Users/mac/clara-ai/clara-ai/dataconnect\": could not find dataconnect.yaml in `/Users/mac/clara-ai/clara-ai/dataconnect`\n"}}
[debug] [2025-12-02T10:51:40.521Z] E1202 11:51:40.520963   18675 watch.go:31] Failed to load config from "/Users/mac/clara-ai/clara-ai/dataconnect": could not find dataconnect.yaml in `/Users/mac/clara-ai/clara-ai/dataconnect`
 {"metadata":{"emulator":{"name":"dataconnect"},"message":"E1202 11:51:40.520963   18675 watch.go:31] Failed to load config from \"/Users/mac/clara-ai/clara-ai/dataconnect\": could not find dataconnect.yaml in `/Users/mac/clara-ai/clara-ai/dataconnect`\n"}}
[debug] [2025-12-02T10:51:50.517Z] E1202 11:51:50.517764   18675 watch.go:31] Failed to load config from "/Users/mac/clara-ai/clara-ai/dataconnect": could not find dataconnect.yaml in `/Users/mac/clara-ai/clara-ai/dataconnect`
E1202 11:51:50.517801   18675 watch.go:102] watchAllDir unable to walk dir `/Users/mac/clara-ai/clara-ai/dataconnect`: lstat /Users/mac/clara-ai/clara-ai/dataconnect: no such file or directory
 {"metadata":{"emulator":{"name":"dataconnect"},"message":"E1202 11:51:50.517764   18675 watch.go:31] Failed to load config from \"/Users/mac/clara-ai/clara-ai/dataconnect\": could not find dataconnect.yaml in `/Users/mac/clara-ai/clara-ai/dataconnect`\nE1202 11:51:50.517801   18675 watch.go:102] watchAllDir unable to walk dir `/Users/mac/clara-ai/clara-ai/dataconnect`: lstat /Users/mac/clara-ai/clara-ai/dataconnect: no such file or directory\n"}}
[debug] [2025-12-02T10:52:00.518Z] E1202 11:52:00.517927   18675 watch.go:31] Failed to load config from "/Users/mac/clara-ai/clara-ai/dataconnect": could not find dataconnect.yaml in `/Users/mac/clara-ai/clara-ai/dataconnect`
 {"metadata":{"emulator":{"name":"dataconnect"},"message":"E1202 11:52:00.517927   18675 watch.go:31] Failed to load config from \"/Users/mac/clara-ai/clara-ai/dataconnect\": could not find dataconnect.yaml in `/Users/mac/clara-ai/clara-ai/dataconnect`\n"}}
[debug] [2025-12-02T10:52:10.518Z] E1202 11:52:10.518160   18675 watch.go:31] Failed to load config from "/Users/mac/clara-ai/clara-ai/dataconnect": could not find dataconnect.yaml in `/Users/mac/clara-ai/clara-ai/dataconnect`
 {"metadata":{"emulator":{"name":"dataconnect"},"message":"E1202 11:52:10.518160   18675 watch.go:31] Failed to load config from \"/Users/mac/clara-ai/clara-ai/dataconnect\": could not find dataconnect.yaml in `/Users/mac/clara-ai/clara-ai/dataconnect`\n"}}
[debug] [2025-12-02T10:52:20.535Z] E1202 11:52:20.535022   18675 watch.go:31] Failed to load config from "/Users/mac/clara-ai/clara-ai/dataconnect": could not find dataconnect.yaml in `/Users/mac/clara-ai/clara-ai/dataconnect`
 {"metadata":{"emulator":{"name":"dataconnect"},"message":"E1202 11:52:20.535022   18675 watch.go:31] Failed to load config from \"/Users/mac/clara-ai/clara-ai/dataconnect\": could not find dataconnect.yaml in `/Users/mac/clara-ai/clara-ai/dataconnect`\n"}}
[debug] [2025-12-02T10:52:30.518Z] E1202 11:52:30.518781   18675 watch.go:31] Failed to load config from "/Users/mac/clara-ai/clara-ai/dataconnect": could not find dataconnect.yaml in `/Users/mac/clara-ai/clara-ai/dataconnect`
 {"metadata":{"emulator":{"name":"dataconnect"},"message":"E1202 11:52:30.518781   18675 watch.go:31] Failed to load config from \"/Users/mac/clara-ai/clara-ai/dataconnect\": could not find dataconnect.yaml in `/Users/mac/clara-ai/clara-ai/dataconnect`\n"}}
[debug] [2025-12-02T10:52:40.529Z] E1202 11:52:40.528361   18675 watch.go:31] Failed to load config from "/Users/mac/clara-ai/clara-ai/dataconnect": could not find dataconnect.yaml in `/Users/mac/clara-ai/clara-ai/dataconnect`
 {"metadata":{"emulator":{"name":"dataconnect"},"message":"E1202 11:52:40.528361   18675 watch.go:31] Failed to load config from \"/Users/mac/clara-ai/clara-ai/dataconnect\": could not find dataconnect.yaml in `/Users/mac/clara-ai/clara-ai/dataconnect`\n"}}
[debug] [2025-12-02T10:52:50.519Z] E1202 11:52:50.519058   18675 watch.go:31] Failed to load config from "/Users/mac/clara-ai/clara-ai/dataconnect": could not find dataconnect.yaml in `/Users/mac/clara-ai/clara-ai/dataconnect`
 {"metadata":{"emulator":{"name":"dataconnect"},"message":"E1202 11:52:50.519058   18675 watch.go:31] Failed to load config from \"/Users/mac/clara-ai/clara-ai/dataconnect\": could not find dataconnect.yaml in `/Users/mac/clara-ai/clara-ai/dataconnect`\n"}}
[debug] [2025-12-02T10:53:00.518Z] E1202 11:53:00.518600   18675 watch.go:31] Failed to load config from "/Users/mac/clara-ai/clara-ai/dataconnect": could not find dataconnect.yaml in `/Users/mac/clara-ai/clara-ai/dataconnect`
 {"metadata":{"emulator":{"name":"dataconnect"},"message":"E1202 11:53:00.518600   18675 watch.go:31] Failed to load config from \"/Users/mac/clara-ai/clara-ai/dataconnect\": could not find dataconnect.yaml in `/Users/mac/clara-ai/clara-ai/dataconnect`\n"}}
[debug] [2025-12-02T10:53:10.520Z] E1202 11:53:10.519127   18675 watch.go:31] Failed to load config from "/Users/mac/clara-ai/clara-ai/dataconnect": could not find dataconnect.yaml in `/Users/mac/clara-ai/clara-ai/dataconnect`
 {"metadata":{"emulator":{"name":"dataconnect"},"message":"E1202 11:53:10.519127   18675 watch.go:31] Failed to load config from \"/Users/mac/clara-ai/clara-ai/dataconnect\": could not find dataconnect.yaml in `/Users/mac/clara-ai/clara-ai/dataconnect`\n"}}
[debug] [2025-12-02T10:53:20.519Z] E1202 11:53:20.519112   18675 watch.go:31] Failed to load config from "/Users/mac/clara-ai/clara-ai/dataconnect": could not find dataconnect.yaml in `/Users/mac/clara-ai/clara-ai/dataconnect`
 {"metadata":{"emulator":{"name":"dataconnect"},"message":"E1202 11:53:20.519112   18675 watch.go:31] Failed to load config from \"/Users/mac/clara-ai/clara-ai/dataconnect\": could not find dataconnect.yaml in `/Users/mac/clara-ai/clara-ai/dataconnect`\n"}}
[debug] [2025-12-02T10:53:30.536Z] E1202 11:53:30.535592   18675 watch.go:31] Failed to load config from "/Users/mac/clara-ai/clara-ai/dataconnect": could not find dataconnect.yaml in `/Users/mac/clara-ai/clara-ai/dataconnect`
 {"metadata":{"emulator":{"name":"dataconnect"},"message":"E1202 11:53:30.535592   18675 watch.go:31] Failed to load config from \"/Users/mac/clara-ai/clara-ai/dataconnect\": could not find dataconnect.yaml in `/Users/mac/clara-ai/clara-ai/dataconnect`\n"}}
[debug] [2025-12-02T10:53:40.520Z] E1202 11:53:40.520375   18675 watch.go:31] Failed to load config from "/Users/mac/clara-ai/clara-ai/dataconnect": could not find dataconnect.yaml in `/Users/mac/clara-ai/clara-ai/dataconnect`
 {"metadata":{"emulator":{"name":"dataconnect"},"message":"E1202 11:53:40.520375   18675 watch.go:31] Failed to load config from \"/Users/mac/clara-ai/clara-ai/dataconnect\": could not find dataconnect.yaml in `/Users/mac/clara-ai/clara-ai/dataconnect`\n"}}
[debug] [2025-12-02T10:53:50.521Z] E1202 11:53:50.520185   18675 watch.go:31] Failed to load config from "/Users/mac/clara-ai/clara-ai/dataconnect": could not find dataconnect.yaml in `/Users/mac/clara-ai/clara-ai/dataconnect`
 {"metadata":{"emulator":{"name":"dataconnect"},"message":"E1202 11:53:50.520185   18675 watch.go:31] Failed to load config from \"/Users/mac/clara-ai/clara-ai/dataconnect\": could not find dataconnect.yaml in `/Users/mac/clara-ai/clara-ai/dataconnect`\n"}}
[debug] [2025-12-02T10:53:50.523Z] E1202 11:53:50.522693   18675 watch.go:102] watchAllDir unable to walk dir `/Users/mac/clara-ai/clara-ai/dataconnect`: lstat /Users/mac/clara-ai/clara-ai/dataconnect: no such file or directory
 {"metadata":{"emulator":{"name":"dataconnect"},"message":"E1202 11:53:50.522693   18675 watch.go:102] watchAllDir unable to walk dir `/Users/mac/clara-ai/clara-ai/dataconnect`: lstat /Users/mac/clara-ai/clara-ai/dataconnect: no such file or directory\n"}}
[debug] [2025-12-02T10:54:00.522Z] E1202 11:54:00.521788   18675 watch.go:31] Failed to load config from "/Users/mac/clara-ai/clara-ai/dataconnect": could not find dataconnect.yaml in `/Users/mac/clara-ai/clara-ai/dataconnect`
 {"metadata":{"emulator":{"name":"dataconnect"},"message":"E1202 11:54:00.521788   18675 watch.go:31] Failed to load config from \"/Users/mac/clara-ai/clara-ai/dataconnect\": could not find dataconnect.yaml in `/Users/mac/clara-ai/clara-ai/dataconnect`\n"}}
[debug] [2025-12-02T10:54:10.521Z] E1202 11:54:10.521581   18675 watch.go:31] Failed to load config from "/Users/mac/clara-ai/clara-ai/dataconnect": could not find dataconnect.yaml in `/Users/mac/clara-ai/clara-ai/dataconnect`
 {"metadata":{"emulator":{"name":"dataconnect"},"message":"E1202 11:54:10.521581   18675 watch.go:31] Failed to load config from \"/Users/mac/clara-ai/clara-ai/dataconnect\": could not find dataconnect.yaml in `/Users/mac/clara-ai/clara-ai/dataconnect`\n"}}
[debug] [2025-12-02T10:54:20.521Z] E1202 11:54:20.521191   18675 watch.go:31] Failed to load config from "/Users/mac/clara-ai/clara-ai/dataconnect": could not find dataconnect.yaml in `/Users/mac/clara-ai/clara-ai/dataconnect`
 {"metadata":{"emulator":{"name":"dataconnect"},"message":"E1202 11:54:20.521191   18675 watch.go:31] Failed to load config from \"/Users/mac/clara-ai/clara-ai/dataconnect\": could not find dataconnect.yaml in `/Users/mac/clara-ai/clara-ai/dataconnect`\n"}}
[debug] [2025-12-02T10:54:30.521Z] E1202 11:54:30.521351   18675 watch.go:31] Failed to load config from "/Users/mac/clara-ai/clara-ai/dataconnect": could not find dataconnect.yaml in `/Users/mac/clara-ai/clara-ai/dataconnect`
 {"metadata":{"emulator":{"name":"dataconnect"},"message":"E1202 11:54:30.521351   18675 watch.go:31] Failed to load config from \"/Users/mac/clara-ai/clara-ai/dataconnect\": could not find dataconnect.yaml in `/Users/mac/clara-ai/clara-ai/dataconnect`\n"}}
[debug] [2025-12-02T10:54:40.523Z] E1202 11:54:40.520717   18675 watch.go:31] Failed to load config from "/Users/mac/clara-ai/clara-ai/dataconnect": could not find dataconnect.yaml in `/Users/mac/clara-ai/clara-ai/dataconnect`
 {"metadata":{"emulator":{"name":"dataconnect"},"message":"E1202 11:54:40.520717   18675 watch.go:31] Failed to load config from \"/Users/mac/clara-ai/clara-ai/dataconnect\": could not find dataconnect.yaml in `/Users/mac/clara-ai/clara-ai/dataconnect`\n"}}
[debug] [2025-12-02T10:54:50.521Z] E1202 11:54:50.521186   18675 watch.go:31] Failed to load config from "/Users/mac/clara-ai/clara-ai/dataconnect": could not find dataconnect.yaml in `/Users/mac/clara-ai/clara-ai/dataconnect`
 {"metadata":{"emulator":{"name":"dataconnect"},"message":"E1202 11:54:50.521186   18675 watch.go:31] Failed to load config from \"/Users/mac/clara-ai/clara-ai/dataconnect\": could not find dataconnect.yaml in `/Users/mac/clara-ai/clara-ai/dataconnect`\n"}}
[debug] [2025-12-02T10:55:00.522Z] E1202 11:55:00.522210   18675 watch.go:31] Failed to load config from "/Users/mac/clara-ai/clara-ai/dataconnect": could not find dataconnect.yaml in `/Users/mac/clara-ai/clara-ai/dataconnect`
 {"metadata":{"emulator":{"name":"dataconnect"},"message":"E1202 11:55:00.522210   18675 watch.go:31] Failed to load config from \"/Users/mac/clara-ai/clara-ai/dataconnect\": could not find dataconnect.yaml in `/Users/mac/clara-ai/clara-ai/dataconnect`\n"}}
[debug] [2025-12-02T10:55:10.523Z] E1202 11:55:10.523277   18675 watch.go:31] Failed to load config from "/Users/mac/clara-ai/clara-ai/dataconnect": could not find dataconnect.yaml in `/Users/mac/clara-ai/clara-ai/dataconnect`
 {"metadata":{"emulator":{"name":"dataconnect"},"message":"E1202 11:55:10.523277   18675 watch.go:31] Failed to load config from \"/Users/mac/clara-ai/clara-ai/dataconnect\": could not find dataconnect.yaml in `/Users/mac/clara-ai/clara-ai/dataconnect`\n"}}
[debug] [2025-12-02T10:55:20.523Z] E1202 11:55:20.523301   18675 watch.go:31] Failed to load config from "/Users/mac/clara-ai/clara-ai/dataconnect": could not find dataconnect.yaml in `/Users/mac/clara-ai/clara-ai/dataconnect`
 {"metadata":{"emulator":{"name":"dataconnect"},"message":"E1202 11:55:20.523301   18675 watch.go:31] Failed to load config from \"/Users/mac/clara-ai/clara-ai/dataconnect\": could not find dataconnect.yaml in `/Users/mac/clara-ai/clara-ai/dataconnect`\n"}}
[debug] [2025-12-02T10:55:30.524Z] E1202 11:55:30.524313   18675 watch.go:31] Failed to load config from "/Users/mac/clara-ai/clara-ai/dataconnect": could not find dataconnect.yaml in `/Users/mac/clara-ai/clara-ai/dataconnect`
 {"metadata":{"emulator":{"name":"dataconnect"},"message":"E1202 11:55:30.524313   18675 watch.go:31] Failed to load config from \"/Users/mac/clara-ai/clara-ai/dataconnect\": could not find dataconnect.yaml in `/Users/mac/clara-ai/clara-ai/dataconnect`\n"}}
[debug] [2025-12-02T10:55:40.533Z] E1202 11:55:40.529386   18675 watch.go:31] Failed to load config from "/Users/mac/clara-ai/clara-ai/dataconnect": could not find dataconnect.yaml in `/Users/mac/clara-ai/clara-ai/dataconnect`
 {"metadata":{"emulator":{"name":"dataconnect"},"message":"E1202 11:55:40.529386   18675 watch.go:31] Failed to load config from \"/Users/mac/clara-ai/clara-ai/dataconnect\": could not find dataconnect.yaml in `/Users/mac/clara-ai/clara-ai/dataconnect`\n"}}
[debug] [2025-12-02T10:55:50.522Z] E1202 11:55:50.522487   18675 watch.go:31] Failed to load config from "/Users/mac/clara-ai/clara-ai/dataconnect": could not find dataconnect.yaml in `/Users/mac/clara-ai/clara-ai/dataconnect`
E1202 11:55:50.522556   18675 watch.go:102] watchAllDir unable to walk dir `/Users/mac/clara-ai/clara-ai/dataconnect`: lstat /Users/mac/clara-ai/clara-ai/dataconnect: no such file or directory
 {"metadata":{"emulator":{"name":"dataconnect"},"message":"E1202 11:55:50.522487   18675 watch.go:31] Failed to load config from \"/Users/mac/clara-ai/clara-ai/dataconnect\": could not find dataconnect.yaml in `/Users/mac/clara-ai/clara-ai/dataconnect`\nE1202 11:55:50.522556   18675 watch.go:102] watchAllDir unable to walk dir `/Users/mac/clara-ai/clara-ai/dataconnect`: lstat /Users/mac/clara-ai/clara-ai/dataconnect: no such file or directory\n"}}
[debug] [2025-12-02T10:56:00.523Z] E1202 11:56:00.523340   18675 watch.go:31] Failed to load config from "/Users/mac/clara-ai/clara-ai/dataconnect": could not find dataconnect.yaml in `/Users/mac/clara-ai/clara-ai/dataconnect`
 {"metadata":{"emulator":{"name":"dataconnect"},"message":"E1202 11:56:00.523340   18675 watch.go:31] Failed to load config from \"/Users/mac/clara-ai/clara-ai/dataconnect\": could not find dataconnect.yaml in `/Users/mac/clara-ai/clara-ai/dataconnect`\n"}}
[debug] [2025-12-02T10:56:10.525Z] E1202 11:56:10.525059   18675 watch.go:31] Failed to load config from "/Users/mac/clara-ai/clara-ai/dataconnect": could not find dataconnect.yaml in `/Users/mac/clara-ai/clara-ai/dataconnect`
 {"metadata":{"emulator":{"name":"dataconnect"},"message":"E1202 11:56:10.525059   18675 watch.go:31] Failed to load config from \"/Users/mac/clara-ai/clara-ai/dataconnect\": could not find dataconnect.yaml in `/Users/mac/clara-ai/clara-ai/dataconnect`\n"}}
[debug] [2025-12-02T10:56:20.523Z] E1202 11:56:20.523376   18675 watch.go:31] Failed to load config from "/Users/mac/clara-ai/clara-ai/dataconnect": could not find dataconnect.yaml in `/Users/mac/clara-ai/clara-ai/dataconnect`
 {"metadata":{"emulator":{"name":"dataconnect"},"message":"E1202 11:56:20.523376   18675 watch.go:31] Failed to load config from \"/Users/mac/clara-ai/clara-ai/dataconnect\": could not find dataconnect.yaml in `/Users/mac/clara-ai/clara-ai/dataconnect`\n"}}
[debug] [2025-12-02T10:56:30.524Z] E1202 11:56:30.524139   18675 watch.go:31] Failed to load config from "/Users/mac/clara-ai/clara-ai/dataconnect": could not find dataconnect.yaml in `/Users/mac/clara-ai/clara-ai/dataconnect`
 {"metadata":{"emulator":{"name":"dataconnect"},"message":"E1202 11:56:30.524139   18675 watch.go:31] Failed to load config from \"/Users/mac/clara-ai/clara-ai/dataconnect\": could not find dataconnect.yaml in `/Users/mac/clara-ai/clara-ai/dataconnect`\n"}}
[debug] [2025-12-02T10:56:40.525Z] E1202 11:56:40.524831   18675 watch.go:31] Failed to load config from "/Users/mac/clara-ai/clara-ai/dataconnect": could not find dataconnect.yaml in `/Users/mac/clara-ai/clara-ai/dataconnect`
 {"metadata":{"emulator":{"name":"dataconnect"},"message":"E1202 11:56:40.524831   18675 watch.go:31] Failed to load config from \"/Users/mac/clara-ai/clara-ai/dataconnect\": could not find dataconnect.yaml in `/Users/mac/clara-ai/clara-ai/dataconnect`\n"}}
[debug] [2025-12-02T10:56:50.525Z] E1202 11:56:50.524519   18675 watch.go:31] Failed to load config from "/Users/mac/clara-ai/clara-ai/dataconnect": could not find dataconnect.yaml in `/Users/mac/clara-ai/clara-ai/dataconnect`
 {"metadata":{"emulator":{"name":"dataconnect"},"message":"E1202 11:56:50.524519   18675 watch.go:31] Failed to load config from \"/Users/mac/clara-ai/clara-ai/dataconnect\": could not find dataconnect.yaml in `/Users/mac/clara-ai/clara-ai/dataconnect`\n"}}
[debug] [2025-12-02T10:57:00.524Z] E1202 11:57:00.524531   18675 watch.go:31] Failed to load config from "/Users/mac/clara-ai/clara-ai/dataconnect": could not find dataconnect.yaml in `/Users/mac/clara-ai/clara-ai/dataconnect`
 {"metadata":{"emulator":{"name":"dataconnect"},"message":"E1202 11:57:00.524531   18675 watch.go:31] Failed to load config from \"/Users/mac/clara-ai/clara-ai/dataconnect\": could not find dataconnect.yaml in `/Users/mac/clara-ai/clara-ai/dataconnect`\n"}}
[debug] [2025-12-02T10:57:10.524Z] E1202 11:57:10.524143   18675 watch.go:31] Failed to load config from "/Users/mac/clara-ai/clara-ai/dataconnect": could not find dataconnect.yaml in `/Users/mac/clara-ai/clara-ai/dataconnect`
 {"metadata":{"emulator":{"name":"dataconnect"},"message":"E1202 11:57:10.524143   18675 watch.go:31] Failed to load config from \"/Users/mac/clara-ai/clara-ai/dataconnect\": could not find dataconnect.yaml in `/Users/mac/clara-ai/clara-ai/dataconnect`\n"}}
[debug] [2025-12-02T10:57:20.524Z] E1202 11:57:20.524628   18675 watch.go:31] Failed to load config from "/Users/mac/clara-ai/clara-ai/dataconnect": could not find dataconnect.yaml in `/Users/mac/clara-ai/clara-ai/dataconnect`
 {"metadata":{"emulator":{"name":"dataconnect"},"message":"E1202 11:57:20.524628   18675 watch.go:31] Failed to load config from \"/Users/mac/clara-ai/clara-ai/dataconnect\": could not find dataconnect.yaml in `/Users/mac/clara-ai/clara-ai/dataconnect`\n"}}
[debug] [2025-12-02T10:57:30.526Z] E1202 11:57:30.526112   18675 watch.go:31] Failed to load config from "/Users/mac/clara-ai/clara-ai/dataconnect": could not find dataconnect.yaml in `/Users/mac/clara-ai/clara-ai/dataconnect`
 {"metadata":{"emulator":{"name":"dataconnect"},"message":"E1202 11:57:30.526112   18675 watch.go:31] Failed to load config from \"/Users/mac/clara-ai/clara-ai/dataconnect\": could not find dataconnect.yaml in `/Users/mac/clara-ai/clara-ai/dataconnect`\n"}}
[debug] [2025-12-02T10:57:40.525Z] E1202 11:57:40.525539   18675 watch.go:31] Failed to load config from "/Users/mac/clara-ai/clara-ai/dataconnect": could not find dataconnect.yaml in `/Users/mac/clara-ai/clara-ai/dataconnect`
 {"metadata":{"emulator":{"name":"dataconnect"},"message":"E1202 11:57:40.525539   18675 watch.go:31] Failed to load config from \"/Users/mac/clara-ai/clara-ai/dataconnect\": could not find dataconnect.yaml in `/Users/mac/clara-ai/clara-ai/dataconnect`\n"}}
[debug] [2025-12-02T10:57:50.526Z] E1202 11:57:50.526385   18675 watch.go:31] Failed to load config from "/Users/mac/clara-ai/clara-ai/dataconnect": could not find dataconnect.yaml in `/Users/mac/clara-ai/clara-ai/dataconnect`
E1202 11:57:50.526427   18675 watch.go:102] watchAllDir unable to walk dir `/Users/mac/clara-ai/clara-ai/dataconnect`: lstat /Users/mac/clara-ai/clara-ai/dataconnect: no such file or directory
 {"metadata":{"emulator":{"name":"dataconnect"},"message":"E1202 11:57:50.526385   18675 watch.go:31] Failed to load config from \"/Users/mac/clara-ai/clara-ai/dataconnect\": could not find dataconnect.yaml in `/Users/mac/clara-ai/clara-ai/dataconnect`\nE1202 11:57:50.526427   18675 watch.go:102] watchAllDir unable to walk dir `/Users/mac/clara-ai/clara-ai/dataconnect`: lstat /Users/mac/clara-ai/clara-ai/dataconnect: no such file or directory\n"}}
[debug] [2025-12-02T10:58:00.525Z] E1202 11:58:00.525202   18675 watch.go:31] Failed to load config from "/Users/mac/clara-ai/clara-ai/dataconnect": could not find dataconnect.yaml in `/Users/mac/clara-ai/clara-ai/dataconnect`
 {"metadata":{"emulator":{"name":"dataconnect"},"message":"E1202 11:58:00.525202   18675 watch.go:31] Failed to load config from \"/Users/mac/clara-ai/clara-ai/dataconnect\": could not find dataconnect.yaml in `/Users/mac/clara-ai/clara-ai/dataconnect`\n"}}
[debug] [2025-12-02T10:58:10.525Z] E1202 11:58:10.525630   18675 watch.go:31] Failed to load config from "/Users/mac/clara-ai/clara-ai/dataconnect": could not find dataconnect.yaml in `/Users/mac/clara-ai/clara-ai/dataconnect`
 {"metadata":{"emulator":{"name":"dataconnect"},"message":"E1202 11:58:10.525630   18675 watch.go:31] Failed to load config from \"/Users/mac/clara-ai/clara-ai/dataconnect\": could not find dataconnect.yaml in `/Users/mac/clara-ai/clara-ai/dataconnect`\n"}}
[debug] [2025-12-02T10:58:20.526Z] E1202 11:58:20.526601   18675 watch.go:31] Failed to load config from "/Users/mac/clara-ai/clara-ai/dataconnect": could not find dataconnect.yaml in `/Users/mac/clara-ai/clara-ai/dataconnect`
 {"metadata":{"emulator":{"name":"dataconnect"},"message":"E1202 11:58:20.526601   18675 watch.go:31] Failed to load config from \"/Users/mac/clara-ai/clara-ai/dataconnect\": could not find dataconnect.yaml in `/Users/mac/clara-ai/clara-ai/dataconnect`\n"}}
[debug] [2025-12-02T10:58:30.527Z] E1202 11:58:30.526862   18675 watch.go:31] Failed to load config from "/Users/mac/clara-ai/clara-ai/dataconnect": could not find dataconnect.yaml in `/Users/mac/clara-ai/clara-ai/dataconnect`
 {"metadata":{"emulator":{"name":"dataconnect"},"message":"E1202 11:58:30.526862   18675 watch.go:31] Failed to load config from \"/Users/mac/clara-ai/clara-ai/dataconnect\": could not find dataconnect.yaml in `/Users/mac/clara-ai/clara-ai/dataconnect`\n"}}
[debug] [2025-12-02T10:58:40.527Z] E1202 11:58:40.527171   18675 watch.go:31] Failed to load config from "/Users/mac/clara-ai/clara-ai/dataconnect": could not find dataconnect.yaml in `/Users/mac/clara-ai/clara-ai/dataconnect`
 {"metadata":{"emulator":{"name":"dataconnect"},"message":"E1202 11:58:40.527171   18675 watch.go:31] Failed to load config from \"/Users/mac/clara-ai/clara-ai/dataconnect\": could not find dataconnect.yaml in `/Users/mac/clara-ai/clara-ai/dataconnect`\n"}}
[debug] [2025-12-02T10:58:50.526Z] E1202 11:58:50.526401   18675 watch.go:31] Failed to load config from "/Users/mac/clara-ai/clara-ai/dataconnect": could not find dataconnect.yaml in `/Users/mac/clara-ai/clara-ai/dataconnect`
 {"metadata":{"emulator":{"name":"dataconnect"},"message":"E1202 11:58:50.526401   18675 watch.go:31] Failed to load config from \"/Users/mac/clara-ai/clara-ai/dataconnect\": could not find dataconnect.yaml in `/Users/mac/clara-ai/clara-ai/dataconnect`\n"}}
[debug] [2025-12-02T10:59:00.527Z] E1202 11:59:00.527435   18675 watch.go:31] Failed to load config from "/Users/mac/clara-ai/clara-ai/dataconnect": could not find dataconnect.yaml in `/Users/mac/clara-ai/clara-ai/dataconnect`
 {"metadata":{"emulator":{"name":"dataconnect"},"message":"E1202 11:59:00.527435   18675 watch.go:31] Failed to load config from \"/Users/mac/clara-ai/clara-ai/dataconnect\": could not find dataconnect.yaml in `/Users/mac/clara-ai/clara-ai/dataconnect`\n"}}
[debug] [2025-12-02T10:59:10.527Z] E1202 11:59:10.527531   18675 watch.go:31] Failed to load config from "/Users/mac/clara-ai/clara-ai/dataconnect": could not find dataconnect.yaml in `/Users/mac/clara-ai/clara-ai/dataconnect`
 {"metadata":{"emulator":{"name":"dataconnect"},"message":"E1202 11:59:10.527531   18675 watch.go:31] Failed to load config from \"/Users/mac/clara-ai/clara-ai/dataconnect\": could not find dataconnect.yaml in `/Users/mac/clara-ai/clara-ai/dataconnect`\n"}}
[debug] [2025-12-02T10:59:20.529Z] E1202 11:59:20.529002   18675 watch.go:31] Failed to load config from "/Users/mac/clara-ai/clara-ai/dataconnect": could not find dataconnect.yaml in `/Users/mac/clara-ai/clara-ai/dataconnect`
 {"metadata":{"emulator":{"name":"dataconnect"},"message":"E1202 11:59:20.529002   18675 watch.go:31] Failed to load config from \"/Users/mac/clara-ai/clara-ai/dataconnect\": could not find dataconnect.yaml in `/Users/mac/clara-ai/clara-ai/dataconnect`\n"}}
[debug] [2025-12-02T10:59:30.529Z] E1202 11:59:30.529556   18675 watch.go:31] Failed to load config from "/Users/mac/clara-ai/clara-ai/dataconnect": could not find dataconnect.yaml in `/Users/mac/clara-ai/clara-ai/dataconnect`
 {"metadata":{"emulator":{"name":"dataconnect"},"message":"E1202 11:59:30.529556   18675 watch.go:31] Failed to load config from \"/Users/mac/clara-ai/clara-ai/dataconnect\": could not find dataconnect.yaml in `/Users/mac/clara-ai/clara-ai/dataconnect`\n"}}
[debug] [2025-12-02T10:59:40.530Z] E1202 11:59:40.530751   18675 watch.go:31] Failed to load config from "/Users/mac/clara-ai/clara-ai/dataconnect": could not find dataconnect.yaml in `/Users/mac/clara-ai/clara-ai/dataconnect`
 {"metadata":{"emulator":{"name":"dataconnect"},"message":"E1202 11:59:40.530751   18675 watch.go:31] Failed to load config from \"/Users/mac/clara-ai/clara-ai/dataconnect\": could not find dataconnect.yaml in `/Users/mac/clara-ai/clara-ai/dataconnect`\n"}}
[debug] [2025-12-02T10:59:50.528Z] E1202 11:59:50.527756   18675 watch.go:31] Failed to load config from "/Users/mac/clara-ai/clara-ai/dataconnect": could not find dataconnect.yaml in `/Users/mac/clara-ai/clara-ai/dataconnect`
E1202 11:59:50.527829   18675 watch.go:102] watchAllDir unable to walk dir `/Users/mac/clara-ai/clara-ai/dataconnect`: lstat /Users/mac/clara-ai/clara-ai/dataconnect: no such file or directory
 {"metadata":{"emulator":{"name":"dataconnect"},"message":"E1202 11:59:50.527756   18675 watch.go:31] Failed to load config from \"/Users/mac/clara-ai/clara-ai/dataconnect\": could not find dataconnect.yaml in `/Users/mac/clara-ai/clara-ai/dataconnect`\nE1202 11:59:50.527829   18675 watch.go:102] watchAllDir unable to walk dir `/Users/mac/clara-ai/clara-ai/dataconnect`: lstat /Users/mac/clara-ai/clara-ai/dataconnect: no such file or directory\n"}}
[debug] [2025-12-02T11:00:00.528Z] E1202 12:00:00.528700   18675 watch.go:31] Failed to load config from "/Users/mac/clara-ai/clara-ai/dataconnect": could not find dataconnect.yaml in `/Users/mac/clara-ai/clara-ai/dataconnect`
 {"metadata":{"emulator":{"name":"dataconnect"},"message":"E1202 12:00:00.528700   18675 watch.go:31] Failed to load config from \"/Users/mac/clara-ai/clara-ai/dataconnect\": could not find dataconnect.yaml in `/Users/mac/clara-ai/clara-ai/dataconnect`\n"}}
[debug] [2025-12-02T11:00:10.530Z] E1202 12:00:10.530462   18675 watch.go:31] Failed to load config from "/Users/mac/clara-ai/clara-ai/dataconnect": could not find dataconnect.yaml in `/Users/mac/clara-ai/clara-ai/dataconnect`
 {"metadata":{"emulator":{"name":"dataconnect"},"message":"E1202 12:00:10.530462   18675 watch.go:31] Failed to load config from \"/Users/mac/clara-ai/clara-ai/dataconnect\": could not find dataconnect.yaml in `/Users/mac/clara-ai/clara-ai/dataconnect`\n"}}
[debug] [2025-12-02T11:00:20.528Z] E1202 12:00:20.528468   18675 watch.go:31] Failed to load config from "/Users/mac/clara-ai/clara-ai/dataconnect": could not find dataconnect.yaml in `/Users/mac/clara-ai/clara-ai/dataconnect`
 {"metadata":{"emulator":{"name":"dataconnect"},"message":"E1202 12:00:20.528468   18675 watch.go:31] Failed to load config from \"/Users/mac/clara-ai/clara-ai/dataconnect\": could not find dataconnect.yaml in `/Users/mac/clara-ai/clara-ai/dataconnect`\n"}}
[debug] [2025-12-02T11:00:30.529Z] E1202 12:00:30.529137   18675 watch.go:31] Failed to load config from "/Users/mac/clara-ai/clara-ai/dataconnect": could not find dataconnect.yaml in `/Users/mac/clara-ai/clara-ai/dataconnect`
 {"metadata":{"emulator":{"name":"dataconnect"},"message":"E1202 12:00:30.529137   18675 watch.go:31] Failed to load config from \"/Users/mac/clara-ai/clara-ai/dataconnect\": could not find dataconnect.yaml in `/Users/mac/clara-ai/clara-ai/dataconnect`\n"}}
[debug] [2025-12-02T11:00:40.630Z] E1202 12:00:40.630068   18675 watch.go:31] Failed to load config from "/Users/mac/clara-ai/clara-ai/dataconnect": could not find dataconnect.yaml in `/Users/mac/clara-ai/clara-ai/dataconnect`
 {"metadata":{"emulator":{"name":"dataconnect"},"message":"E1202 12:00:40.630068   18675 watch.go:31] Failed to load config from \"/Users/mac/clara-ai/clara-ai/dataconnect\": could not find dataconnect.yaml in `/Users/mac/clara-ai/clara-ai/dataconnect`\n"}}
[debug] [2025-12-02T11:00:50.634Z] E1202 12:00:50.633822   18675 watch.go:31] Failed to load config from "/Users/mac/clara-ai/clara-ai/dataconnect": could not find dataconnect.yaml in `/Users/mac/clara-ai/clara-ai/dataconnect`
 {"metadata":{"emulator":{"name":"dataconnect"},"message":"E1202 12:00:50.633822   18675 watch.go:31] Failed to load config from \"/Users/mac/clara-ai/clara-ai/dataconnect\": could not find dataconnect.yaml in `/Users/mac/clara-ai/clara-ai/dataconnect`\n"}}
[debug] [2025-12-02T11:01:00.631Z] E1202 12:01:00.630895   18675 watch.go:31] Failed to load config from "/Users/mac/clara-ai/clara-ai/dataconnect": could not find dataconnect.yaml in `/Users/mac/clara-ai/clara-ai/dataconnect`
 {"metadata":{"emulator":{"name":"dataconnect"},"message":"E1202 12:01:00.630895   18675 watch.go:31] Failed to load config from \"/Users/mac/clara-ai/clara-ai/dataconnect\": could not find dataconnect.yaml in `/Users/mac/clara-ai/clara-ai/dataconnect`\n"}}
[debug] [2025-12-02T11:01:10.631Z] E1202 12:01:10.630749   18675 watch.go:31] Failed to load config from "/Users/mac/clara-ai/clara-ai/dataconnect": could not find dataconnect.yaml in `/Users/mac/clara-ai/clara-ai/dataconnect`
 {"metadata":{"emulator":{"name":"dataconnect"},"message":"E1202 12:01:10.630749   18675 watch.go:31] Failed to load config from \"/Users/mac/clara-ai/clara-ai/dataconnect\": could not find dataconnect.yaml in `/Users/mac/clara-ai/clara-ai/dataconnect`\n"}}
[debug] [2025-12-02T11:01:20.632Z] E1202 12:01:20.632031   18675 watch.go:31] Failed to load config from "/Users/mac/clara-ai/clara-ai/dataconnect": could not find dataconnect.yaml in `/Users/mac/clara-ai/clara-ai/dataconnect`
 {"metadata":{"emulator":{"name":"dataconnect"},"message":"E1202 12:01:20.632031   18675 watch.go:31] Failed to load config from \"/Users/mac/clara-ai/clara-ai/dataconnect\": could not find dataconnect.yaml in `/Users/mac/clara-ai/clara-ai/dataconnect`\n"}}
[debug] [2025-12-02T11:01:30.634Z] E1202 12:01:30.634256   18675 watch.go:31] Failed to load config from "/Users/mac/clara-ai/clara-ai/dataconnect": could not find dataconnect.yaml in `/Users/mac/clara-ai/clara-ai/dataconnect`
 {"metadata":{"emulator":{"name":"dataconnect"},"message":"E1202 12:01:30.634256   18675 watch.go:31] Failed to load config from \"/Users/mac/clara-ai/clara-ai/dataconnect\": could not find dataconnect.yaml in `/Users/mac/clara-ai/clara-ai/dataconnect`\n"}}
[debug] [2025-12-02T11:01:40.633Z] E1202 12:01:40.633717   18675 watch.go:31] Failed to load config from "/Users/mac/clara-ai/clara-ai/dataconnect": could not find dataconnect.yaml in `/Users/mac/clara-ai/clara-ai/dataconnect`
 {"metadata":{"emulator":{"name":"dataconnect"},"message":"E1202 12:01:40.633717   18675 watch.go:31] Failed to load config from \"/Users/mac/clara-ai/clara-ai/dataconnect\": could not find dataconnect.yaml in `/Users/mac/clara-ai/clara-ai/dataconnect`\n"}}
[debug] [2025-12-02T11:01:50.637Z] E1202 12:01:50.635309   18675 watch.go:31] Failed to load config from "/Users/mac/clara-ai/clara-ai/dataconnect": could not find dataconnect.yaml in `/Users/mac/clara-ai/clara-ai/dataconnect`
E1202 12:01:50.635676   18675 watch.go:102] watchAllDir unable to walk dir `/Users/mac/clara-ai/clara-ai/dataconnect`: lstat /Users/mac/clara-ai/clara-ai/dataconnect: no such file or directory
 {"metadata":{"emulator":{"name":"dataconnect"},"message":"E1202 12:01:50.635309   18675 watch.go:31] Failed to load config from \"/Users/mac/clara-ai/clara-ai/dataconnect\": could not find dataconnect.yaml in `/Users/mac/clara-ai/clara-ai/dataconnect`\nE1202 12:01:50.635676   18675 watch.go:102] watchAllDir unable to walk dir `/Users/mac/clara-ai/clara-ai/dataconnect`: lstat /Users/mac/clara-ai/clara-ai/dataconnect: no such file or directory\n"}}
[debug] [2025-12-02T11:02:00.635Z] E1202 12:02:00.635240   18675 watch.go:31] Failed to load config from "/Users/mac/clara-ai/clara-ai/dataconnect": could not find dataconnect.yaml in `/Users/mac/clara-ai/clara-ai/dataconnect`
 {"metadata":{"emulator":{"name":"dataconnect"},"message":"E1202 12:02:00.635240   18675 watch.go:31] Failed to load config from \"/Users/mac/clara-ai/clara-ai/dataconnect\": could not find dataconnect.yaml in `/Users/mac/clara-ai/clara-ai/dataconnect`\n"}}
[debug] [2025-12-02T11:02:10.635Z] E1202 12:02:10.635756   18675 watch.go:31] Failed to load config from "/Users/mac/clara-ai/clara-ai/dataconnect": could not find dataconnect.yaml in `/Users/mac/clara-ai/clara-ai/dataconnect`
 {"metadata":{"emulator":{"name":"dataconnect"},"message":"E1202 12:02:10.635756   18675 watch.go:31] Failed to load config from \"/Users/mac/clara-ai/clara-ai/dataconnect\": could not find dataconnect.yaml in `/Users/mac/clara-ai/clara-ai/dataconnect`\n"}}
[debug] [2025-12-02T11:02:20.633Z] E1202 12:02:20.633172   18675 watch.go:31] Failed to load config from "/Users/mac/clara-ai/clara-ai/dataconnect": could not find dataconnect.yaml in `/Users/mac/clara-ai/clara-ai/dataconnect`
 {"metadata":{"emulator":{"name":"dataconnect"},"message":"E1202 12:02:20.633172   18675 watch.go:31] Failed to load config from \"/Users/mac/clara-ai/clara-ai/dataconnect\": could not find dataconnect.yaml in `/Users/mac/clara-ai/clara-ai/dataconnect`\n"}}
[debug] [2025-12-02T11:02:30.634Z] E1202 12:02:30.634032   18675 watch.go:31] Failed to load config from "/Users/mac/clara-ai/clara-ai/dataconnect": could not find dataconnect.yaml in `/Users/mac/clara-ai/clara-ai/dataconnect`
 {"metadata":{"emulator":{"name":"dataconnect"},"message":"E1202 12:02:30.634032   18675 watch.go:31] Failed to load config from \"/Users/mac/clara-ai/clara-ai/dataconnect\": could not find dataconnect.yaml in `/Users/mac/clara-ai/clara-ai/dataconnect`\n"}}
[debug] [2025-12-02T11:02:40.634Z] E1202 12:02:40.634246   18675 watch.go:31] Failed to load config from "/Users/mac/clara-ai/clara-ai/dataconnect": could not find dataconnect.yaml in `/Users/mac/clara-ai/clara-ai/dataconnect`
 {"metadata":{"emulator":{"name":"dataconnect"},"message":"E1202 12:02:40.634246   18675 watch.go:31] Failed to load config from \"/Users/mac/clara-ai/clara-ai/dataconnect\": could not find dataconnect.yaml in `/Users/mac/clara-ai/clara-ai/dataconnect`\n"}}
[debug] [2025-12-02T11:02:50.635Z] E1202 12:02:50.635768   18675 watch.go:31] Failed to load config from "/Users/mac/clara-ai/clara-ai/dataconnect": could not find dataconnect.yaml in `/Users/mac/clara-ai/clara-ai/dataconnect`
 {"metadata":{"emulator":{"name":"dataconnect"},"message":"E1202 12:02:50.635768   18675 watch.go:31] Failed to load config from \"/Users/mac/clara-ai/clara-ai/dataconnect\": could not find dataconnect.yaml in `/Users/mac/clara-ai/clara-ai/dataconnect`\n"}}
[debug] [2025-12-02T11:03:00.636Z] E1202 12:03:00.636320   18675 watch.go:31] Failed to load config from "/Users/mac/clara-ai/clara-ai/dataconnect": could not find dataconnect.yaml in `/Users/mac/clara-ai/clara-ai/dataconnect`
 {"metadata":{"emulator":{"name":"dataconnect"},"message":"E1202 12:03:00.636320   18675 watch.go:31] Failed to load config from \"/Users/mac/clara-ai/clara-ai/dataconnect\": could not find dataconnect.yaml in `/Users/mac/clara-ai/clara-ai/dataconnect`\n"}}
[debug] [2025-12-02T11:03:10.634Z] E1202 12:03:10.634807   18675 watch.go:31] Failed to load config from "/Users/mac/clara-ai/clara-ai/dataconnect": could not find dataconnect.yaml in `/Users/mac/clara-ai/clara-ai/dataconnect`
 {"metadata":{"emulator":{"name":"dataconnect"},"message":"E1202 12:03:10.634807   18675 watch.go:31] Failed to load config from \"/Users/mac/clara-ai/clara-ai/dataconnect\": could not find dataconnect.yaml in `/Users/mac/clara-ai/clara-ai/dataconnect`\n"}}
[debug] [2025-12-02T11:03:20.639Z] E1202 12:03:20.636940   18675 watch.go:31] Failed to load config from "/Users/mac/clara-ai/clara-ai/dataconnect": could not find dataconnect.yaml in `/Users/mac/clara-ai/clara-ai/dataconnect`
 {"metadata":{"emulator":{"name":"dataconnect"},"message":"E1202 12:03:20.636940   18675 watch.go:31] Failed to load config from \"/Users/mac/clara-ai/clara-ai/dataconnect\": could not find dataconnect.yaml in `/Users/mac/clara-ai/clara-ai/dataconnect`\n"}}
[debug] [2025-12-02T11:03:30.636Z] E1202 12:03:30.636287   18675 watch.go:31] Failed to load config from "/Users/mac/clara-ai/clara-ai/dataconnect": could not find dataconnect.yaml in `/Users/mac/clara-ai/clara-ai/dataconnect`
 {"metadata":{"emulator":{"name":"dataconnect"},"message":"E1202 12:03:30.636287   18675 watch.go:31] Failed to load config from \"/Users/mac/clara-ai/clara-ai/dataconnect\": could not find dataconnect.yaml in `/Users/mac/clara-ai/clara-ai/dataconnect`\n"}}
[debug] [2025-12-02T11:03:40.638Z] E1202 12:03:40.635765   18675 watch.go:31] Failed to load config from "/Users/mac/clara-ai/clara-ai/dataconnect": could not find dataconnect.yaml in `/Users/mac/clara-ai/clara-ai/dataconnect`
 {"metadata":{"emulator":{"name":"dataconnect"},"message":"E1202 12:03:40.635765   18675 watch.go:31] Failed to load config from \"/Users/mac/clara-ai/clara-ai/dataconnect\": could not find dataconnect.yaml in `/Users/mac/clara-ai/clara-ai/dataconnect`\n"}}
[debug] [2025-12-02T11:03:50.636Z] E1202 12:03:50.635704   18675 watch.go:31] Failed to load config from "/Users/mac/clara-ai/clara-ai/dataconnect": could not find dataconnect.yaml in `/Users/mac/clara-ai/clara-ai/dataconnect`
E1202 12:03:50.635741   18675 watch.go:102] watchAllDir unable to walk dir `/Users/mac/clara-ai/clara-ai/dataconnect`: lstat /Users/mac/clara-ai/clara-ai/dataconnect: no such file or directory
 {"metadata":{"emulator":{"name":"dataconnect"},"message":"E1202 12:03:50.635704   18675 watch.go:31] Failed to load config from \"/Users/mac/clara-ai/clara-ai/dataconnect\": could not find dataconnect.yaml in `/Users/mac/clara-ai/clara-ai/dataconnect`\nE1202 12:03:50.635741   18675 watch.go:102] watchAllDir unable to walk dir `/Users/mac/clara-ai/clara-ai/dataconnect`: lstat /Users/mac/clara-ai/clara-ai/dataconnect: no such file or directory\n"}}
[debug] [2025-12-02T11:04:00.642Z] E1202 12:04:00.641464   18675 watch.go:31] Failed to load config from "/Users/mac/clara-ai/clara-ai/dataconnect": could not find dataconnect.yaml in `/Users/mac/clara-ai/clara-ai/dataconnect`
 {"metadata":{"emulator":{"name":"dataconnect"},"message":"E1202 12:04:00.641464   18675 watch.go:31] Failed to load config from \"/Users/mac/clara-ai/clara-ai/dataconnect\": could not find dataconnect.yaml in `/Users/mac/clara-ai/clara-ai/dataconnect`\n"}}
[debug] [2025-12-02T11:04:10.636Z] E1202 12:04:10.636764   18675 watch.go:31] Failed to load config from "/Users/mac/clara-ai/clara-ai/dataconnect": could not find dataconnect.yaml in `/Users/mac/clara-ai/clara-ai/dataconnect`
 {"metadata":{"emulator":{"name":"dataconnect"},"message":"E1202 12:04:10.636764   18675 watch.go:31] Failed to load config from \"/Users/mac/clara-ai/clara-ai/dataconnect\": could not find dataconnect.yaml in `/Users/mac/clara-ai/clara-ai/dataconnect`\n"}}
[debug] [2025-12-02T11:04:20.637Z] E1202 12:04:20.636851   18675 watch.go:31] Failed to load config from "/Users/mac/clara-ai/clara-ai/dataconnect": could not find dataconnect.yaml in `/Users/mac/clara-ai/clara-ai/dataconnect`
 {"metadata":{"emulator":{"name":"dataconnect"},"message":"E1202 12:04:20.636851   18675 watch.go:31] Failed to load config from \"/Users/mac/clara-ai/clara-ai/dataconnect\": could not find dataconnect.yaml in `/Users/mac/clara-ai/clara-ai/dataconnect`\n"}}
[debug] [2025-12-02T11:04:30.637Z] E1202 12:04:30.637048   18675 watch.go:31] Failed to load config from "/Users/mac/clara-ai/clara-ai/dataconnect": could not find dataconnect.yaml in `/Users/mac/clara-ai/clara-ai/dataconnect`
 {"metadata":{"emulator":{"name":"dataconnect"},"message":"E1202 12:04:30.637048   18675 watch.go:31] Failed to load config from \"/Users/mac/clara-ai/clara-ai/dataconnect\": could not find dataconnect.yaml in `/Users/mac/clara-ai/clara-ai/dataconnect`\n"}}
[debug] [2025-12-02T11:04:40.637Z] E1202 12:04:40.637719   18675 watch.go:31] Failed to load config from "/Users/mac/clara-ai/clara-ai/dataconnect": could not find dataconnect.yaml in `/Users/mac/clara-ai/clara-ai/dataconnect`
 {"metadata":{"emulator":{"name":"dataconnect"},"message":"E1202 12:04:40.637719   18675 watch.go:31] Failed to load config from \"/Users/mac/clara-ai/clara-ai/dataconnect\": could not find dataconnect.yaml in `/Users/mac/clara-ai/clara-ai/dataconnect`\n"}}
[debug] [2025-12-02T11:04:50.638Z] E1202 12:04:50.637904   18675 watch.go:31] Failed to load config from "/Users/mac/clara-ai/clara-ai/dataconnect": could not find dataconnect.yaml in `/Users/mac/clara-ai/clara-ai/dataconnect`
 {"metadata":{"emulator":{"name":"dataconnect"},"message":"E1202 12:04:50.637904   18675 watch.go:31] Failed to load config from \"/Users/mac/clara-ai/clara-ai/dataconnect\": could not find dataconnect.yaml in `/Users/mac/clara-ai/clara-ai/dataconnect`\n"}}
[debug] [2025-12-02T11:05:00.639Z] E1202 12:05:00.639083   18675 watch.go:31] Failed to load config from "/Users/mac/clara-ai/clara-ai/dataconnect": could not find dataconnect.yaml in `/Users/mac/clara-ai/clara-ai/dataconnect`
 {"metadata":{"emulator":{"name":"dataconnect"},"message":"E1202 12:05:00.639083   18675 watch.go:31] Failed to load config from \"/Users/mac/clara-ai/clara-ai/dataconnect\": could not find dataconnect.yaml in `/Users/mac/clara-ai/clara-ai/dataconnect`\n"}}
[debug] [2025-12-02T11:05:10.639Z] E1202 12:05:10.639241   18675 watch.go:31] Failed to load config from "/Users/mac/clara-ai/clara-ai/dataconnect": could not find dataconnect.yaml in `/Users/mac/clara-ai/clara-ai/dataconnect`
 {"metadata":{"emulator":{"name":"dataconnect"},"message":"E1202 12:05:10.639241   18675 watch.go:31] Failed to load config from \"/Users/mac/clara-ai/clara-ai/dataconnect\": could not find dataconnect.yaml in `/Users/mac/clara-ai/clara-ai/dataconnect`\n"}}
[debug] [2025-12-02T11:05:20.638Z] E1202 12:05:20.638694   18675 watch.go:31] Failed to load config from "/Users/mac/clara-ai/clara-ai/dataconnect": could not find dataconnect.yaml in `/Users/mac/clara-ai/clara-ai/dataconnect`
 {"metadata":{"emulator":{"name":"dataconnect"},"message":"E1202 12:05:20.638694   18675 watch.go:31] Failed to load config from \"/Users/mac/clara-ai/clara-ai/dataconnect\": could not find dataconnect.yaml in `/Users/mac/clara-ai/clara-ai/dataconnect`\n"}}
[debug] [2025-12-02T11:05:30.639Z] E1202 12:05:30.638955   18675 watch.go:31] Failed to load config from "/Users/mac/clara-ai/clara-ai/dataconnect": could not find dataconnect.yaml in `/Users/mac/clara-ai/clara-ai/dataconnect`
 {"metadata":{"emulator":{"name":"dataconnect"},"message":"E1202 12:05:30.638955   18675 watch.go:31] Failed to load config from \"/Users/mac/clara-ai/clara-ai/dataconnect\": could not find dataconnect.yaml in `/Users/mac/clara-ai/clara-ai/dataconnect`\n"}}
[debug] [2025-12-02T11:05:40.641Z] E1202 12:05:40.640811   18675 watch.go:31] Failed to load config from "/Users/mac/clara-ai/clara-ai/dataconnect": could not find dataconnect.yaml in `/Users/mac/clara-ai/clara-ai/dataconnect`
 {"metadata":{"emulator":{"name":"dataconnect"},"message":"E1202 12:05:40.640811   18675 watch.go:31] Failed to load config from \"/Users/mac/clara-ai/clara-ai/dataconnect\": could not find dataconnect.yaml in `/Users/mac/clara-ai/clara-ai/dataconnect`\n"}}
[debug] [2025-12-02T11:05:50.640Z] E1202 12:05:50.640305   18675 watch.go:31] Failed to load config from "/Users/mac/clara-ai/clara-ai/dataconnect": could not find dataconnect.yaml in `/Users/mac/clara-ai/clara-ai/dataconnect`
 {"metadata":{"emulator":{"name":"dataconnect"},"message":"E1202 12:05:50.640305   18675 watch.go:31] Failed to load config from \"/Users/mac/clara-ai/clara-ai/dataconnect\": could not find dataconnect.yaml in `/Users/mac/clara-ai/clara-ai/dataconnect`\n"}}
[debug] [2025-12-02T11:05:50.643Z] E1202 12:05:50.642768   18675 watch.go:102] watchAllDir unable to walk dir `/Users/mac/clara-ai/clara-ai/dataconnect`: lstat /Users/mac/clara-ai/clara-ai/dataconnect: no such file or directory
 {"metadata":{"emulator":{"name":"dataconnect"},"message":"E1202 12:05:50.642768   18675 watch.go:102] watchAllDir unable to walk dir `/Users/mac/clara-ai/clara-ai/dataconnect`: lstat /Users/mac/clara-ai/clara-ai/dataconnect: no such file or directory\n"}}
[debug] [2025-12-02T11:06:00.643Z] E1202 12:06:00.643217   18675 watch.go:31] Failed to load config from "/Users/mac/clara-ai/clara-ai/dataconnect": could not find dataconnect.yaml in `/Users/mac/clara-ai/clara-ai/dataconnect`
 {"metadata":{"emulator":{"name":"dataconnect"},"message":"E1202 12:06:00.643217   18675 watch.go:31] Failed to load config from \"/Users/mac/clara-ai/clara-ai/dataconnect\": could not find dataconnect.yaml in `/Users/mac/clara-ai/clara-ai/dataconnect`\n"}}
[debug] [2025-12-02T11:06:10.642Z] E1202 12:06:10.641917   18675 watch.go:31] Failed to load config from "/Users/mac/clara-ai/clara-ai/dataconnect": could not find dataconnect.yaml in `/Users/mac/clara-ai/clara-ai/dataconnect`
 {"metadata":{"emulator":{"name":"dataconnect"},"message":"E1202 12:06:10.641917   18675 watch.go:31] Failed to load config from \"/Users/mac/clara-ai/clara-ai/dataconnect\": could not find dataconnect.yaml in `/Users/mac/clara-ai/clara-ai/dataconnect`\n"}}
[debug] [2025-12-02T11:06:20.640Z] E1202 12:06:20.640335   18675 watch.go:31] Failed to load config from "/Users/mac/clara-ai/clara-ai/dataconnect": could not find dataconnect.yaml in `/Users/mac/clara-ai/clara-ai/dataconnect`
 {"metadata":{"emulator":{"name":"dataconnect"},"message":"E1202 12:06:20.640335   18675 watch.go:31] Failed to load config from \"/Users/mac/clara-ai/clara-ai/dataconnect\": could not find dataconnect.yaml in `/Users/mac/clara-ai/clara-ai/dataconnect`\n"}}
[debug] [2025-12-02T11:06:30.640Z] E1202 12:06:30.640622   18675 watch.go:31] Failed to load config from "/Users/mac/clara-ai/clara-ai/dataconnect": could not find dataconnect.yaml in `/Users/mac/clara-ai/clara-ai/dataconnect`
 {"metadata":{"emulator":{"name":"dataconnect"},"message":"E1202 12:06:30.640622   18675 watch.go:31] Failed to load config from \"/Users/mac/clara-ai/clara-ai/dataconnect\": could not find dataconnect.yaml in `/Users/mac/clara-ai/clara-ai/dataconnect`\n"}}
[debug] [2025-12-02T11:06:40.641Z] E1202 12:06:40.641726   18675 watch.go:31] Failed to load config from "/Users/mac/clara-ai/clara-ai/dataconnect": could not find dataconnect.yaml in `/Users/mac/clara-ai/clara-ai/dataconnect`
 {"metadata":{"emulator":{"name":"dataconnect"},"message":"E1202 12:06:40.641726   18675 watch.go:31] Failed to load config from \"/Users/mac/clara-ai/clara-ai/dataconnect\": could not find dataconnect.yaml in `/Users/mac/clara-ai/clara-ai/dataconnect`\n"}}
[debug] [2025-12-02T11:06:50.641Z] E1202 12:06:50.641620   18675 watch.go:31] Failed to load config from "/Users/mac/clara-ai/clara-ai/dataconnect": could not find dataconnect.yaml in `/Users/mac/clara-ai/clara-ai/dataconnect`
 {"metadata":{"emulator":{"name":"dataconnect"},"message":"E1202 12:06:50.641620   18675 watch.go:31] Failed to load config from \"/Users/mac/clara-ai/clara-ai/dataconnect\": could not find dataconnect.yaml in `/Users/mac/clara-ai/clara-ai/dataconnect`\n"}}
[debug] [2025-12-02T11:07:00.643Z] E1202 12:07:00.641387   18675 watch.go:31] Failed to load config from "/Users/mac/clara-ai/clara-ai/dataconnect": could not find dataconnect.yaml in `/Users/mac/clara-ai/clara-ai/dataconnect`
 {"metadata":{"emulator":{"name":"dataconnect"},"message":"E1202 12:07:00.641387   18675 watch.go:31] Failed to load config from \"/Users/mac/clara-ai/clara-ai/dataconnect\": could not find dataconnect.yaml in `/Users/mac/clara-ai/clara-ai/dataconnect`\n"}}
[debug] [2025-12-02T11:07:10.643Z] E1202 12:07:10.643625   18675 watch.go:31] Failed to load config from "/Users/mac/clara-ai/clara-ai/dataconnect": could not find dataconnect.yaml in `/Users/mac/clara-ai/clara-ai/dataconnect`
 {"metadata":{"emulator":{"name":"dataconnect"},"message":"E1202 12:07:10.643625   18675 watch.go:31] Failed to load config from \"/Users/mac/clara-ai/clara-ai/dataconnect\": could not find dataconnect.yaml in `/Users/mac/clara-ai/clara-ai/dataconnect`\n"}}
[debug] [2025-12-02T11:07:20.642Z] E1202 12:07:20.642399   18675 watch.go:31] Failed to load config from "/Users/mac/clara-ai/clara-ai/dataconnect": could not find dataconnect.yaml in `/Users/mac/clara-ai/clara-ai/dataconnect`
 {"metadata":{"emulator":{"name":"dataconnect"},"message":"E1202 12:07:20.642399   18675 watch.go:31] Failed to load config from \"/Users/mac/clara-ai/clara-ai/dataconnect\": could not find dataconnect.yaml in `/Users/mac/clara-ai/clara-ai/dataconnect`\n"}}
[debug] [2025-12-02T11:07:30.643Z] E1202 12:07:30.643231   18675 watch.go:31] Failed to load config from "/Users/mac/clara-ai/clara-ai/dataconnect": could not find dataconnect.yaml in `/Users/mac/clara-ai/clara-ai/dataconnect`
 {"metadata":{"emulator":{"name":"dataconnect"},"message":"E1202 12:07:30.643231   18675 watch.go:31] Failed to load config from \"/Users/mac/clara-ai/clara-ai/dataconnect\": could not find dataconnect.yaml in `/Users/mac/clara-ai/clara-ai/dataconnect`\n"}}
[debug] [2025-12-02T11:07:40.644Z] E1202 12:07:40.643979   18675 watch.go:31] Failed to load config from "/Users/mac/clara-ai/clara-ai/dataconnect": could not find dataconnect.yaml in `/Users/mac/clara-ai/clara-ai/dataconnect`
 {"metadata":{"emulator":{"name":"dataconnect"},"message":"E1202 12:07:40.643979   18675 watch.go:31] Failed to load config from \"/Users/mac/clara-ai/clara-ai/dataconnect\": could not find dataconnect.yaml in `/Users/mac/clara-ai/clara-ai/dataconnect`\n"}}
[debug] [2025-12-02T11:07:50.672Z] E1202 12:07:50.666509   18675 watch.go:31] Failed to load config from "/Users/mac/clara-ai/clara-ai/dataconnect": could not find dataconnect.yaml in `/Users/mac/clara-ai/clara-ai/dataconnect`
E1202 12:07:50.666547   18675 watch.go:102] watchAllDir unable to walk dir `/Users/mac/clara-ai/clara-ai/dataconnect`: lstat /Users/mac/clara-ai/clara-ai/dataconnect: no such file or directory
 {"metadata":{"emulator":{"name":"dataconnect"},"message":"E1202 12:07:50.666509   18675 watch.go:31] Failed to load config from \"/Users/mac/clara-ai/clara-ai/dataconnect\": could not find dataconnect.yaml in `/Users/mac/clara-ai/clara-ai/dataconnect`\nE1202 12:07:50.666547   18675 watch.go:102] watchAllDir unable to walk dir `/Users/mac/clara-ai/clara-ai/dataconnect`: lstat /Users/mac/clara-ai/clara-ai/dataconnect: no such file or directory\n"}}
[debug] [2025-12-02T11:08:00.649Z] E1202 12:08:00.649215   18675 watch.go:31] Failed to load config from "/Users/mac/clara-ai/clara-ai/dataconnect": could not find dataconnect.yaml in `/Users/mac/clara-ai/clara-ai/dataconnect`
 {"metadata":{"emulator":{"name":"dataconnect"},"message":"E1202 12:08:00.649215   18675 watch.go:31] Failed to load config from \"/Users/mac/clara-ai/clara-ai/dataconnect\": could not find dataconnect.yaml in `/Users/mac/clara-ai/clara-ai/dataconnect`\n"}}
[debug] [2025-12-02T11:08:10.651Z] E1202 12:08:10.650917   18675 watch.go:31] Failed to load config from "/Users/mac/clara-ai/clara-ai/dataconnect": could not find dataconnect.yaml in `/Users/mac/clara-ai/clara-ai/dataconnect`
 {"metadata":{"emulator":{"name":"dataconnect"},"message":"E1202 12:08:10.650917   18675 watch.go:31] Failed to load config from \"/Users/mac/clara-ai/clara-ai/dataconnect\": could not find dataconnect.yaml in `/Users/mac/clara-ai/clara-ai/dataconnect`\n"}}
[debug] [2025-12-02T11:08:20.654Z] E1202 12:08:20.652914   18675 watch.go:31] Failed to load config from "/Users/mac/clara-ai/clara-ai/dataconnect": could not find dataconnect.yaml in `/Users/mac/clara-ai/clara-ai/dataconnect`
 {"metadata":{"emulator":{"name":"dataconnect"},"message":"E1202 12:08:20.652914   18675 watch.go:31] Failed to load config from \"/Users/mac/clara-ai/clara-ai/dataconnect\": could not find dataconnect.yaml in `/Users/mac/clara-ai/clara-ai/dataconnect`\n"}}
[debug] [2025-12-02T11:08:30.645Z] E1202 12:08:30.644806   18675 watch.go:31] Failed to load config from "/Users/mac/clara-ai/clara-ai/dataconnect": could not find dataconnect.yaml in `/Users/mac/clara-ai/clara-ai/dataconnect`
 {"metadata":{"emulator":{"name":"dataconnect"},"message":"E1202 12:08:30.644806   18675 watch.go:31] Failed to load config from \"/Users/mac/clara-ai/clara-ai/dataconnect\": could not find dataconnect.yaml in `/Users/mac/clara-ai/clara-ai/dataconnect`\n"}}
[debug] [2025-12-02T11:08:40.646Z] E1202 12:08:40.646251   18675 watch.go:31] Failed to load config from "/Users/mac/clara-ai/clara-ai/dataconnect": could not find dataconnect.yaml in `/Users/mac/clara-ai/clara-ai/dataconnect`
 {"metadata":{"emulator":{"name":"dataconnect"},"message":"E1202 12:08:40.646251   18675 watch.go:31] Failed to load config from \"/Users/mac/clara-ai/clara-ai/dataconnect\": could not find dataconnect.yaml in `/Users/mac/clara-ai/clara-ai/dataconnect`\n"}}
[debug] [2025-12-02T11:08:50.645Z] E1202 12:08:50.645241   18675 watch.go:31] Failed to load config from "/Users/mac/clara-ai/clara-ai/dataconnect": could not find dataconnect.yaml in `/Users/mac/clara-ai/clara-ai/dataconnect`
 {"metadata":{"emulator":{"name":"dataconnect"},"message":"E1202 12:08:50.645241   18675 watch.go:31] Failed to load config from \"/Users/mac/clara-ai/clara-ai/dataconnect\": could not find dataconnect.yaml in `/Users/mac/clara-ai/clara-ai/dataconnect`\n"}}
[debug] [2025-12-02T11:09:00.653Z] E1202 12:09:00.653056   18675 watch.go:31] Failed to load config from "/Users/mac/clara-ai/clara-ai/dataconnect": could not find dataconnect.yaml in `/Users/mac/clara-ai/clara-ai/dataconnect`
 {"metadata":{"emulator":{"name":"dataconnect"},"message":"E1202 12:09:00.653056   18675 watch.go:31] Failed to load config from \"/Users/mac/clara-ai/clara-ai/dataconnect\": could not find dataconnect.yaml in `/Users/mac/clara-ai/clara-ai/dataconnect`\n"}}
[debug] [2025-12-02T11:09:10.646Z] E1202 12:09:10.645750   18675 watch.go:31] Failed to load config from "/Users/mac/clara-ai/clara-ai/dataconnect": could not find dataconnect.yaml in `/Users/mac/clara-ai/clara-ai/dataconnect`
 {"metadata":{"emulator":{"name":"dataconnect"},"message":"E1202 12:09:10.645750   18675 watch.go:31] Failed to load config from \"/Users/mac/clara-ai/clara-ai/dataconnect\": could not find dataconnect.yaml in `/Users/mac/clara-ai/clara-ai/dataconnect`\n"}}
[debug] [2025-12-02T11:09:20.648Z] E1202 12:09:20.647938   18675 watch.go:31] Failed to load config from "/Users/mac/clara-ai/clara-ai/dataconnect": could not find dataconnect.yaml in `/Users/mac/clara-ai/clara-ai/dataconnect`
 {"metadata":{"emulator":{"name":"dataconnect"},"message":"E1202 12:09:20.647938   18675 watch.go:31] Failed to load config from \"/Users/mac/clara-ai/clara-ai/dataconnect\": could not find dataconnect.yaml in `/Users/mac/clara-ai/clara-ai/dataconnect`\n"}}
[debug] [2025-12-02T11:09:30.646Z] E1202 12:09:30.646597   18675 watch.go:31] Failed to load config from "/Users/mac/clara-ai/clara-ai/dataconnect": could not find dataconnect.yaml in `/Users/mac/clara-ai/clara-ai/dataconnect`
 {"metadata":{"emulator":{"name":"dataconnect"},"message":"E1202 12:09:30.646597   18675 watch.go:31] Failed to load config from \"/Users/mac/clara-ai/clara-ai/dataconnect\": could not find dataconnect.yaml in `/Users/mac/clara-ai/clara-ai/dataconnect`\n"}}
[debug] [2025-12-02T11:09:40.647Z] E1202 12:09:40.647670   18675 watch.go:31] Failed to load config from "/Users/mac/clara-ai/clara-ai/dataconnect": could not find dataconnect.yaml in `/Users/mac/clara-ai/clara-ai/dataconnect`
 {"metadata":{"emulator":{"name":"dataconnect"},"message":"E1202 12:09:40.647670   18675 watch.go:31] Failed to load config from \"/Users/mac/clara-ai/clara-ai/dataconnect\": could not find dataconnect.yaml in `/Users/mac/clara-ai/clara-ai/dataconnect`\n"}}
[debug] [2025-12-02T11:09:50.647Z] E1202 12:09:50.647102   18675 watch.go:31] Failed to load config from "/Users/mac/clara-ai/clara-ai/dataconnect": could not find dataconnect.yaml in `/Users/mac/clara-ai/clara-ai/dataconnect`
E1202 12:09:50.647155   18675 watch.go:102] watchAllDir unable to walk dir `/Users/mac/clara-ai/clara-ai/dataconnect`: lstat /Users/mac/clara-ai/clara-ai/dataconnect: no such file or directory
 {"metadata":{"emulator":{"name":"dataconnect"},"message":"E1202 12:09:50.647102   18675 watch.go:31] Failed to load config from \"/Users/mac/clara-ai/clara-ai/dataconnect\": could not find dataconnect.yaml in `/Users/mac/clara-ai/clara-ai/dataconnect`\nE1202 12:09:50.647155   18675 watch.go:102] watchAllDir unable to walk dir `/Users/mac/clara-ai/clara-ai/dataconnect`: lstat /Users/mac/clara-ai/clara-ai/dataconnect: no such file or directory\n"}}
[debug] [2025-12-02T11:10:00.648Z] E1202 12:10:00.648722   18675 watch.go:31] Failed to load config from "/Users/mac/clara-ai/clara-ai/dataconnect": could not find dataconnect.yaml in `/Users/mac/clara-ai/clara-ai/dataconnect`
 {"metadata":{"emulator":{"name":"dataconnect"},"message":"E1202 12:10:00.648722   18675 watch.go:31] Failed to load config from \"/Users/mac/clara-ai/clara-ai/dataconnect\": could not find dataconnect.yaml in `/Users/mac/clara-ai/clara-ai/dataconnect`\n"}}
[debug] [2025-12-02T11:10:10.648Z] E1202 12:10:10.648268   18675 watch.go:31] Failed to load config from "/Users/mac/clara-ai/clara-ai/dataconnect": could not find dataconnect.yaml in `/Users/mac/clara-ai/clara-ai/dataconnect`
 {"metadata":{"emulator":{"name":"dataconnect"},"message":"E1202 12:10:10.648268   18675 watch.go:31] Failed to load config from \"/Users/mac/clara-ai/clara-ai/dataconnect\": could not find dataconnect.yaml in `/Users/mac/clara-ai/clara-ai/dataconnect`\n"}}
[debug] [2025-12-02T11:10:20.647Z] E1202 12:10:20.647744   18675 watch.go:31] Failed to load config from "/Users/mac/clara-ai/clara-ai/dataconnect": could not find dataconnect.yaml in `/Users/mac/clara-ai/clara-ai/dataconnect`
 {"metadata":{"emulator":{"name":"dataconnect"},"message":"E1202 12:10:20.647744   18675 watch.go:31] Failed to load config from \"/Users/mac/clara-ai/clara-ai/dataconnect\": could not find dataconnect.yaml in `/Users/mac/clara-ai/clara-ai/dataconnect`\n"}}
[debug] [2025-12-02T11:10:30.649Z] E1202 12:10:30.649607   18675 watch.go:31] Failed to load config from "/Users/mac/clara-ai/clara-ai/dataconnect": could not find dataconnect.yaml in `/Users/mac/clara-ai/clara-ai/dataconnect`
 {"metadata":{"emulator":{"name":"dataconnect"},"message":"E1202 12:10:30.649607   18675 watch.go:31] Failed to load config from \"/Users/mac/clara-ai/clara-ai/dataconnect\": could not find dataconnect.yaml in `/Users/mac/clara-ai/clara-ai/dataconnect`\n"}}
[debug] [2025-12-02T11:10:40.649Z] E1202 12:10:40.649029   18675 watch.go:31] Failed to load config from "/Users/mac/clara-ai/clara-ai/dataconnect": could not find dataconnect.yaml in `/Users/mac/clara-ai/clara-ai/dataconnect`
 {"metadata":{"emulator":{"name":"dataconnect"},"message":"E1202 12:10:40.649029   18675 watch.go:31] Failed to load config from \"/Users/mac/clara-ai/clara-ai/dataconnect\": could not find dataconnect.yaml in `/Users/mac/clara-ai/clara-ai/dataconnect`\n"}}
[debug] [2025-12-02T11:10:50.707Z] E1202 12:10:50.706747   18675 watch.go:31] Failed to load config from "/Users/mac/clara-ai/clara-ai/dataconnect": could not find dataconnect.yaml in `/Users/mac/clara-ai/clara-ai/dataconnect`
 {"metadata":{"emulator":{"name":"dataconnect"},"message":"E1202 12:10:50.706747   18675 watch.go:31] Failed to load config from \"/Users/mac/clara-ai/clara-ai/dataconnect\": could not find dataconnect.yaml in `/Users/mac/clara-ai/clara-ai/dataconnect`\n"}}
[debug] [2025-12-02T11:11:00.650Z] E1202 12:11:00.649962   18675 watch.go:31] Failed to load config from "/Users/mac/clara-ai/clara-ai/dataconnect": could not find dataconnect.yaml in `/Users/mac/clara-ai/clara-ai/dataconnect`
 {"metadata":{"emulator":{"name":"dataconnect"},"message":"E1202 12:11:00.649962   18675 watch.go:31] Failed to load config from \"/Users/mac/clara-ai/clara-ai/dataconnect\": could not find dataconnect.yaml in `/Users/mac/clara-ai/clara-ai/dataconnect`\n"}}
[debug] [2025-12-02T11:11:10.650Z] E1202 12:11:10.649937   18675 watch.go:31] Failed to load config from "/Users/mac/clara-ai/clara-ai/dataconnect": could not find dataconnect.yaml in `/Users/mac/clara-ai/clara-ai/dataconnect`
 {"metadata":{"emulator":{"name":"dataconnect"},"message":"E1202 12:11:10.649937   18675 watch.go:31] Failed to load config from \"/Users/mac/clara-ai/clara-ai/dataconnect\": could not find dataconnect.yaml in `/Users/mac/clara-ai/clara-ai/dataconnect`\n"}}
[debug] [2025-12-02T11:11:20.649Z] E1202 12:11:20.649405   18675 watch.go:31] Failed to load config from "/Users/mac/clara-ai/clara-ai/dataconnect": could not find dataconnect.yaml in `/Users/mac/clara-ai/clara-ai/dataconnect`
 {"metadata":{"emulator":{"name":"dataconnect"},"message":"E1202 12:11:20.649405   18675 watch.go:31] Failed to load config from \"/Users/mac/clara-ai/clara-ai/dataconnect\": could not find dataconnect.yaml in `/Users/mac/clara-ai/clara-ai/dataconnect`\n"}}
[debug] [2025-12-02T11:11:30.655Z] E1202 12:11:30.654653   18675 watch.go:31] Failed to load config from "/Users/mac/clara-ai/clara-ai/dataconnect": could not find dataconnect.yaml in `/Users/mac/clara-ai/clara-ai/dataconnect`
 {"metadata":{"emulator":{"name":"dataconnect"},"message":"E1202 12:11:30.654653   18675 watch.go:31] Failed to load config from \"/Users/mac/clara-ai/clara-ai/dataconnect\": could not find dataconnect.yaml in `/Users/mac/clara-ai/clara-ai/dataconnect`\n"}}
[debug] [2025-12-02T11:11:40.653Z] E1202 12:11:40.652795   18675 watch.go:31] Failed to load config from "/Users/mac/clara-ai/clara-ai/dataconnect": could not find dataconnect.yaml in `/Users/mac/clara-ai/clara-ai/dataconnect`
 {"metadata":{"emulator":{"name":"dataconnect"},"message":"E1202 12:11:40.652795   18675 watch.go:31] Failed to load config from \"/Users/mac/clara-ai/clara-ai/dataconnect\": could not find dataconnect.yaml in `/Users/mac/clara-ai/clara-ai/dataconnect`\n"}}
[debug] [2025-12-02T11:11:50.654Z] E1202 12:11:50.654362   18675 watch.go:31] Failed to load config from "/Users/mac/clara-ai/clara-ai/dataconnect": could not find dataconnect.yaml in `/Users/mac/clara-ai/clara-ai/dataconnect`
E1202 12:11:50.654417   18675 watch.go:102] watchAllDir unable to walk dir `/Users/mac/clara-ai/clara-ai/dataconnect`: lstat /Users/mac/clara-ai/clara-ai/dataconnect: no such file or directory
 {"metadata":{"emulator":{"name":"dataconnect"},"message":"E1202 12:11:50.654362   18675 watch.go:31] Failed to load config from \"/Users/mac/clara-ai/clara-ai/dataconnect\": could not find dataconnect.yaml in `/Users/mac/clara-ai/clara-ai/dataconnect`\nE1202 12:11:50.654417   18675 watch.go:102] watchAllDir unable to walk dir `/Users/mac/clara-ai/clara-ai/dataconnect`: lstat /Users/mac/clara-ai/clara-ai/dataconnect: no such file or directory\n"}}
[debug] [2025-12-02T11:12:00.653Z] E1202 12:12:00.652832   18675 watch.go:31] Failed to load config from "/Users/mac/clara-ai/clara-ai/dataconnect": could not find dataconnect.yaml in `/Users/mac/clara-ai/clara-ai/dataconnect`
 {"metadata":{"emulator":{"name":"dataconnect"},"message":"E1202 12:12:00.652832   18675 watch.go:31] Failed to load config from \"/Users/mac/clara-ai/clara-ai/dataconnect\": could not find dataconnect.yaml in `/Users/mac/clara-ai/clara-ai/dataconnect`\n"}}
[debug] [2025-12-02T11:12:10.653Z] E1202 12:12:10.650859   18675 watch.go:31] Failed to load config from "/Users/mac/clara-ai/clara-ai/dataconnect": could not find dataconnect.yaml in `/Users/mac/clara-ai/clara-ai/dataconnect`
 {"metadata":{"emulator":{"name":"dataconnect"},"message":"E1202 12:12:10.650859   18675 watch.go:31] Failed to load config from \"/Users/mac/clara-ai/clara-ai/dataconnect\": could not find dataconnect.yaml in `/Users/mac/clara-ai/clara-ai/dataconnect`\n"}}
[debug] [2025-12-02T11:12:20.651Z] E1202 12:12:20.651106   18675 watch.go:31] Failed to load config from "/Users/mac/clara-ai/clara-ai/dataconnect": could not find dataconnect.yaml in `/Users/mac/clara-ai/clara-ai/dataconnect`
 {"metadata":{"emulator":{"name":"dataconnect"},"message":"E1202 12:12:20.651106   18675 watch.go:31] Failed to load config from \"/Users/mac/clara-ai/clara-ai/dataconnect\": could not find dataconnect.yaml in `/Users/mac/clara-ai/clara-ai/dataconnect`\n"}}
[debug] [2025-12-02T11:12:30.652Z] E1202 12:12:30.652341   18675 watch.go:31] Failed to load config from "/Users/mac/clara-ai/clara-ai/dataconnect": could not find dataconnect.yaml in `/Users/mac/clara-ai/clara-ai/dataconnect`
 {"metadata":{"emulator":{"name":"dataconnect"},"message":"E1202 12:12:30.652341   18675 watch.go:31] Failed to load config from \"/Users/mac/clara-ai/clara-ai/dataconnect\": could not find dataconnect.yaml in `/Users/mac/clara-ai/clara-ai/dataconnect`\n"}}
[debug] [2025-12-02T11:12:40.652Z] E1202 12:12:40.652554   18675 watch.go:31] Failed to load config from "/Users/mac/clara-ai/clara-ai/dataconnect": could not find dataconnect.yaml in `/Users/mac/clara-ai/clara-ai/dataconnect`
 {"metadata":{"emulator":{"name":"dataconnect"},"message":"E1202 12:12:40.652554   18675 watch.go:31] Failed to load config from \"/Users/mac/clara-ai/clara-ai/dataconnect\": could not find dataconnect.yaml in `/Users/mac/clara-ai/clara-ai/dataconnect`\n"}}
[debug] [2025-12-02T11:12:50.652Z] E1202 12:12:50.652163   18675 watch.go:31] Failed to load config from "/Users/mac/clara-ai/clara-ai/dataconnect": could not find dataconnect.yaml in `/Users/mac/clara-ai/clara-ai/dataconnect`
 {"metadata":{"emulator":{"name":"dataconnect"},"message":"E1202 12:12:50.652163   18675 watch.go:31] Failed to load config from \"/Users/mac/clara-ai/clara-ai/dataconnect\": could not find dataconnect.yaml in `/Users/mac/clara-ai/clara-ai/dataconnect`\n"}}
[debug] [2025-12-02T11:13:00.652Z] E1202 12:13:00.652492   18675 watch.go:31] Failed to load config from "/Users/mac/clara-ai/clara-ai/dataconnect": could not find dataconnect.yaml in `/Users/mac/clara-ai/clara-ai/dataconnect`
 {"metadata":{"emulator":{"name":"dataconnect"},"message":"E1202 12:13:00.652492   18675 watch.go:31] Failed to load config from \"/Users/mac/clara-ai/clara-ai/dataconnect\": could not find dataconnect.yaml in `/Users/mac/clara-ai/clara-ai/dataconnect`\n"}}
[debug] [2025-12-02T11:13:10.653Z] E1202 12:13:10.653502   18675 watch.go:31] Failed to load config from "/Users/mac/clara-ai/clara-ai/dataconnect": could not find dataconnect.yaml in `/Users/mac/clara-ai/clara-ai/dataconnect`
 {"metadata":{"emulator":{"name":"dataconnect"},"message":"E1202 12:13:10.653502   18675 watch.go:31] Failed to load config from \"/Users/mac/clara-ai/clara-ai/dataconnect\": could not find dataconnect.yaml in `/Users/mac/clara-ai/clara-ai/dataconnect`\n"}}
[debug] [2025-12-02T11:13:20.653Z] E1202 12:13:20.653660   18675 watch.go:31] Failed to load config from "/Users/mac/clara-ai/clara-ai/dataconnect": could not find dataconnect.yaml in `/Users/mac/clara-ai/clara-ai/dataconnect`
 {"metadata":{"emulator":{"name":"dataconnect"},"message":"E1202 12:13:20.653660   18675 watch.go:31] Failed to load config from \"/Users/mac/clara-ai/clara-ai/dataconnect\": could not find dataconnect.yaml in `/Users/mac/clara-ai/clara-ai/dataconnect`\n"}}
[debug] [2025-12-02T11:13:30.653Z] E1202 12:13:30.653298   18675 watch.go:31] Failed to load config from "/Users/mac/clara-ai/clara-ai/dataconnect": could not find dataconnect.yaml in `/Users/mac/clara-ai/clara-ai/dataconnect`
 {"metadata":{"emulator":{"name":"dataconnect"},"message":"E1202 12:13:30.653298   18675 watch.go:31] Failed to load config from \"/Users/mac/clara-ai/clara-ai/dataconnect\": could not find dataconnect.yaml in `/Users/mac/clara-ai/clara-ai/dataconnect`\n"}}
[debug] [2025-12-02T11:13:40.655Z] E1202 12:13:40.654981   18675 watch.go:31] Failed to load config from "/Users/mac/clara-ai/clara-ai/dataconnect": could not find dataconnect.yaml in `/Users/mac/clara-ai/clara-ai/dataconnect`
 {"metadata":{"emulator":{"name":"dataconnect"},"message":"E1202 12:13:40.654981   18675 watch.go:31] Failed to load config from \"/Users/mac/clara-ai/clara-ai/dataconnect\": could not find dataconnect.yaml in `/Users/mac/clara-ai/clara-ai/dataconnect`\n"}}
[debug] [2025-12-02T11:13:50.655Z] E1202 12:13:50.654836   18675 watch.go:31] Failed to load config from "/Users/mac/clara-ai/clara-ai/dataconnect": could not find dataconnect.yaml in `/Users/mac/clara-ai/clara-ai/dataconnect`
 {"metadata":{"emulator":{"name":"dataconnect"},"message":"E1202 12:13:50.654836   18675 watch.go:31] Failed to load config from \"/Users/mac/clara-ai/clara-ai/dataconnect\": could not find dataconnect.yaml in `/Users/mac/clara-ai/clara-ai/dataconnect`\n"}}
[debug] [2025-12-02T11:13:50.657Z] E1202 12:13:50.656007   18675 watch.go:102] watchAllDir unable to walk dir `/Users/mac/clara-ai/clara-ai/dataconnect`: lstat /Users/mac/clara-ai/clara-ai/dataconnect: no such file or directory
 {"metadata":{"emulator":{"name":"dataconnect"},"message":"E1202 12:13:50.656007   18675 watch.go:102] watchAllDir unable to walk dir `/Users/mac/clara-ai/clara-ai/dataconnect`: lstat /Users/mac/clara-ai/clara-ai/dataconnect: no such file or directory\n"}}
[debug] [2025-12-02T11:14:00.655Z] E1202 12:14:00.654852   18675 watch.go:31] Failed to load config from "/Users/mac/clara-ai/clara-ai/dataconnect": could not find dataconnect.yaml in `/Users/mac/clara-ai/clara-ai/dataconnect`
 {"metadata":{"emulator":{"name":"dataconnect"},"message":"E1202 12:14:00.654852   18675 watch.go:31] Failed to load config from \"/Users/mac/clara-ai/clara-ai/dataconnect\": could not find dataconnect.yaml in `/Users/mac/clara-ai/clara-ai/dataconnect`\n"}}
[debug] [2025-12-02T11:14:10.656Z] E1202 12:14:10.655004   18675 watch.go:31] Failed to load config from "/Users/mac/clara-ai/clara-ai/dataconnect": could not find dataconnect.yaml in `/Users/mac/clara-ai/clara-ai/dataconnect`
 {"metadata":{"emulator":{"name":"dataconnect"},"message":"E1202 12:14:10.655004   18675 watch.go:31] Failed to load config from \"/Users/mac/clara-ai/clara-ai/dataconnect\": could not find dataconnect.yaml in `/Users/mac/clara-ai/clara-ai/dataconnect`\n"}}
[debug] [2025-12-02T11:14:20.655Z] E1202 12:14:20.655667   18675 watch.go:31] Failed to load config from "/Users/mac/clara-ai/clara-ai/dataconnect": could not find dataconnect.yaml in `/Users/mac/clara-ai/clara-ai/dataconnect`
 {"metadata":{"emulator":{"name":"dataconnect"},"message":"E1202 12:14:20.655667   18675 watch.go:31] Failed to load config from \"/Users/mac/clara-ai/clara-ai/dataconnect\": could not find dataconnect.yaml in `/Users/mac/clara-ai/clara-ai/dataconnect`\n"}}
[debug] [2025-12-02T11:14:30.657Z] E1202 12:14:30.656934   18675 watch.go:31] Failed to load config from "/Users/mac/clara-ai/clara-ai/dataconnect": could not find dataconnect.yaml in `/Users/mac/clara-ai/clara-ai/dataconnect`
 {"metadata":{"emulator":{"name":"dataconnect"},"message":"E1202 12:14:30.656934   18675 watch.go:31] Failed to load config from \"/Users/mac/clara-ai/clara-ai/dataconnect\": could not find dataconnect.yaml in `/Users/mac/clara-ai/clara-ai/dataconnect`\n"}}
[debug] [2025-12-02T11:14:40.655Z] E1202 12:14:40.655510   18675 watch.go:31] Failed to load config from "/Users/mac/clara-ai/clara-ai/dataconnect": could not find dataconnect.yaml in `/Users/mac/clara-ai/clara-ai/dataconnect`
 {"metadata":{"emulator":{"name":"dataconnect"},"message":"E1202 12:14:40.655510   18675 watch.go:31] Failed to load config from \"/Users/mac/clara-ai/clara-ai/dataconnect\": could not find dataconnect.yaml in `/Users/mac/clara-ai/clara-ai/dataconnect`\n"}}
[debug] [2025-12-02T11:14:50.656Z] E1202 12:14:50.655797   18675 watch.go:31] Failed to load config from "/Users/mac/clara-ai/clara-ai/dataconnect": could not find dataconnect.yaml in `/Users/mac/clara-ai/clara-ai/dataconnect`
 {"metadata":{"emulator":{"name":"dataconnect"},"message":"E1202 12:14:50.655797   18675 watch.go:31] Failed to load config from \"/Users/mac/clara-ai/clara-ai/dataconnect\": could not find dataconnect.yaml in `/Users/mac/clara-ai/clara-ai/dataconnect`\n"}}
[debug] [2025-12-02T11:15:00.658Z] E1202 12:15:00.658557   18675 watch.go:31] Failed to load config from "/Users/mac/clara-ai/clara-ai/dataconnect": could not find dataconnect.yaml in `/Users/mac/clara-ai/clara-ai/dataconnect`
 {"metadata":{"emulator":{"name":"dataconnect"},"message":"E1202 12:15:00.658557   18675 watch.go:31] Failed to load config from \"/Users/mac/clara-ai/clara-ai/dataconnect\": could not find dataconnect.yaml in `/Users/mac/clara-ai/clara-ai/dataconnect`\n"}}
[debug] [2025-12-02T11:15:10.657Z] E1202 12:15:10.657161   18675 watch.go:31] Failed to load config from "/Users/mac/clara-ai/clara-ai/dataconnect": could not find dataconnect.yaml in `/Users/mac/clara-ai/clara-ai/dataconnect`
 {"metadata":{"emulator":{"name":"dataconnect"},"message":"E1202 12:15:10.657161   18675 watch.go:31] Failed to load config from \"/Users/mac/clara-ai/clara-ai/dataconnect\": could not find dataconnect.yaml in `/Users/mac/clara-ai/clara-ai/dataconnect`\n"}}
[debug] [2025-12-02T11:15:20.657Z] E1202 12:15:20.656788   18675 watch.go:31] Failed to load config from "/Users/mac/clara-ai/clara-ai/dataconnect": could not find dataconnect.yaml in `/Users/mac/clara-ai/clara-ai/dataconnect`
 {"metadata":{"emulator":{"name":"dataconnect"},"message":"E1202 12:15:20.656788   18675 watch.go:31] Failed to load config from \"/Users/mac/clara-ai/clara-ai/dataconnect\": could not find dataconnect.yaml in `/Users/mac/clara-ai/clara-ai/dataconnect`\n"}}
[debug] [2025-12-02T11:15:30.715Z] E1202 12:15:30.698775   18675 watch.go:31] Failed to load config from "/Users/mac/clara-ai/clara-ai/dataconnect": could not find dataconnect.yaml in `/Users/mac/clara-ai/clara-ai/dataconnect`
 {"metadata":{"emulator":{"name":"dataconnect"},"message":"E1202 12:15:30.698775   18675 watch.go:31] Failed to load config from \"/Users/mac/clara-ai/clara-ai/dataconnect\": could not find dataconnect.yaml in `/Users/mac/clara-ai/clara-ai/dataconnect`\n"}}
[debug] [2025-12-02T11:15:40.678Z] E1202 12:15:40.677754   18675 watch.go:31] Failed to load config from "/Users/mac/clara-ai/clara-ai/dataconnect": could not find dataconnect.yaml in `/Users/mac/clara-ai/clara-ai/dataconnect`
 {"metadata":{"emulator":{"name":"dataconnect"},"message":"E1202 12:15:40.677754   18675 watch.go:31] Failed to load config from \"/Users/mac/clara-ai/clara-ai/dataconnect\": could not find dataconnect.yaml in `/Users/mac/clara-ai/clara-ai/dataconnect`\n"}}
[debug] [2025-12-02T11:15:50.659Z] E1202 12:15:50.659369   18675 watch.go:31] Failed to load config from "/Users/mac/clara-ai/clara-ai/dataconnect": could not find dataconnect.yaml in `/Users/mac/clara-ai/clara-ai/dataconnect`
 {"metadata":{"emulator":{"name":"dataconnect"},"message":"E1202 12:15:50.659369   18675 watch.go:31] Failed to load config from \"/Users/mac/clara-ai/clara-ai/dataconnect\": could not find dataconnect.yaml in `/Users/mac/clara-ai/clara-ai/dataconnect`\n"}}
[debug] [2025-12-02T11:15:50.660Z] E1202 12:15:50.659748   18675 watch.go:102] watchAllDir unable to walk dir `/Users/mac/clara-ai/clara-ai/dataconnect`: lstat /Users/mac/clara-ai/clara-ai/dataconnect: no such file or directory
 {"metadata":{"emulator":{"name":"dataconnect"},"message":"E1202 12:15:50.659748   18675 watch.go:102] watchAllDir unable to walk dir `/Users/mac/clara-ai/clara-ai/dataconnect`: lstat /Users/mac/clara-ai/clara-ai/dataconnect: no such file or directory\n"}}
[debug] [2025-12-02T11:16:00.660Z] E1202 12:16:00.660734   18675 watch.go:31] Failed to load config from "/Users/mac/clara-ai/clara-ai/dataconnect": could not find dataconnect.yaml in `/Users/mac/clara-ai/clara-ai/dataconnect`
 {"metadata":{"emulator":{"name":"dataconnect"},"message":"E1202 12:16:00.660734   18675 watch.go:31] Failed to load config from \"/Users/mac/clara-ai/clara-ai/dataconnect\": could not find dataconnect.yaml in `/Users/mac/clara-ai/clara-ai/dataconnect`\n"}}
[debug] [2025-12-02T11:16:10.660Z] E1202 12:16:10.660299   18675 watch.go:31] Failed to load config from "/Users/mac/clara-ai/clara-ai/dataconnect": could not find dataconnect.yaml in `/Users/mac/clara-ai/clara-ai/dataconnect`
 {"metadata":{"emulator":{"name":"dataconnect"},"message":"E1202 12:16:10.660299   18675 watch.go:31] Failed to load config from \"/Users/mac/clara-ai/clara-ai/dataconnect\": could not find dataconnect.yaml in `/Users/mac/clara-ai/clara-ai/dataconnect`\n"}}
[debug] [2025-12-02T11:16:20.662Z] E1202 12:16:20.662189   18675 watch.go:31] Failed to load config from "/Users/mac/clara-ai/clara-ai/dataconnect": could not find dataconnect.yaml in `/Users/mac/clara-ai/clara-ai/dataconnect`
 {"metadata":{"emulator":{"name":"dataconnect"},"message":"E1202 12:16:20.662189   18675 watch.go:31] Failed to load config from \"/Users/mac/clara-ai/clara-ai/dataconnect\": could not find dataconnect.yaml in `/Users/mac/clara-ai/clara-ai/dataconnect`\n"}}
[debug] [2025-12-02T11:16:30.662Z] E1202 12:16:30.662162   18675 watch.go:31] Failed to load config from "/Users/mac/clara-ai/clara-ai/dataconnect": could not find dataconnect.yaml in `/Users/mac/clara-ai/clara-ai/dataconnect`
 {"metadata":{"emulator":{"name":"dataconnect"},"message":"E1202 12:16:30.662162   18675 watch.go:31] Failed to load config from \"/Users/mac/clara-ai/clara-ai/dataconnect\": could not find dataconnect.yaml in `/Users/mac/clara-ai/clara-ai/dataconnect`\n"}}
[debug] [2025-12-02T11:16:40.659Z] E1202 12:16:40.659364   18675 watch.go:31] Failed to load config from "/Users/mac/clara-ai/clara-ai/dataconnect": could not find dataconnect.yaml in `/Users/mac/clara-ai/clara-ai/dataconnect`
 {"metadata":{"emulator":{"name":"dataconnect"},"message":"E1202 12:16:40.659364   18675 watch.go:31] Failed to load config from \"/Users/mac/clara-ai/clara-ai/dataconnect\": could not find dataconnect.yaml in `/Users/mac/clara-ai/clara-ai/dataconnect`\n"}}
[debug] [2025-12-02T11:16:50.659Z] E1202 12:16:50.659567   18675 watch.go:31] Failed to load config from "/Users/mac/clara-ai/clara-ai/dataconnect": could not find dataconnect.yaml in `/Users/mac/clara-ai/clara-ai/dataconnect`
 {"metadata":{"emulator":{"name":"dataconnect"},"message":"E1202 12:16:50.659567   18675 watch.go:31] Failed to load config from \"/Users/mac/clara-ai/clara-ai/dataconnect\": could not find dataconnect.yaml in `/Users/mac/clara-ai/clara-ai/dataconnect`\n"}}
[debug] [2025-12-02T11:17:00.406Z] E1202 12:17:00.406546   18675 watch.go:31] Failed to load config from "/Users/mac/clara-ai/clara-ai/dataconnect": could not find dataconnect.yaml in `/Users/mac/clara-ai/clara-ai/dataconnect`
 {"metadata":{"emulator":{"name":"dataconnect"},"message":"E1202 12:17:00.406546   18675 watch.go:31] Failed to load config from \"/Users/mac/clara-ai/clara-ai/dataconnect\": could not find dataconnect.yaml in `/Users/mac/clara-ai/clara-ai/dataconnect`\n"}}
[debug] [2025-12-02T11:17:10.406Z] E1202 12:17:10.405805   18675 watch.go:31] Failed to load config from "/Users/mac/clara-ai/clara-ai/dataconnect": could not find dataconnect.yaml in `/Users/mac/clara-ai/clara-ai/dataconnect`
 {"metadata":{"emulator":{"name":"dataconnect"},"message":"E1202 12:17:10.405805   18675 watch.go:31] Failed to load config from \"/Users/mac/clara-ai/clara-ai/dataconnect\": could not find dataconnect.yaml in `/Users/mac/clara-ai/clara-ai/dataconnect`\n"}}
[debug] [2025-12-02T11:17:20.406Z] E1202 12:17:20.405846   18675 watch.go:31] Failed to load config from "/Users/mac/clara-ai/clara-ai/dataconnect": could not find dataconnect.yaml in `/Users/mac/clara-ai/clara-ai/dataconnect`
 {"metadata":{"emulator":{"name":"dataconnect"},"message":"E1202 12:17:20.405846   18675 watch.go:31] Failed to load config from \"/Users/mac/clara-ai/clara-ai/dataconnect\": could not find dataconnect.yaml in `/Users/mac/clara-ai/clara-ai/dataconnect`\n"}}
[debug] [2025-12-02T11:17:30.405Z] E1202 12:17:30.405515   18675 watch.go:31] Failed to load config from "/Users/mac/clara-ai/clara-ai/dataconnect": could not find dataconnect.yaml in `/Users/mac/clara-ai/clara-ai/dataconnect`
 {"metadata":{"emulator":{"name":"dataconnect"},"message":"E1202 12:17:30.405515   18675 watch.go:31] Failed to load config from \"/Users/mac/clara-ai/clara-ai/dataconnect\": could not find dataconnect.yaml in `/Users/mac/clara-ai/clara-ai/dataconnect`\n"}}
[debug] [2025-12-02T11:17:40.405Z] E1202 12:17:40.405170   18675 watch.go:31] Failed to load config from "/Users/mac/clara-ai/clara-ai/dataconnect": could not find dataconnect.yaml in `/Users/mac/clara-ai/clara-ai/dataconnect`
 {"metadata":{"emulator":{"name":"dataconnect"},"message":"E1202 12:17:40.405170   18675 watch.go:31] Failed to load config from \"/Users/mac/clara-ai/clara-ai/dataconnect\": could not find dataconnect.yaml in `/Users/mac/clara-ai/clara-ai/dataconnect`\n"}}
[debug] [2025-12-02T11:17:50.406Z] E1202 12:17:50.405903   18675 watch.go:31] Failed to load config from "/Users/mac/clara-ai/clara-ai/dataconnect": could not find dataconnect.yaml in `/Users/mac/clara-ai/clara-ai/dataconnect`
E1202 12:17:50.405983   18675 watch.go:102] watchAllDir unable to walk dir `/Users/mac/clara-ai/clara-ai/dataconnect`: lstat /Users/mac/clara-ai/clara-ai/dataconnect: no such file or directory
 {"metadata":{"emulator":{"name":"dataconnect"},"message":"E1202 12:17:50.405903   18675 watch.go:31] Failed to load config from \"/Users/mac/clara-ai/clara-ai/dataconnect\": could not find dataconnect.yaml in `/Users/mac/clara-ai/clara-ai/dataconnect`\nE1202 12:17:50.405983   18675 watch.go:102] watchAllDir unable to walk dir `/Users/mac/clara-ai/clara-ai/dataconnect`: lstat /Users/mac/clara-ai/clara-ai/dataconnect: no such file or directory\n"}}
[debug] [2025-12-02T11:18:00.405Z] E1202 12:18:00.405698   18675 watch.go:31] Failed to load config from "/Users/mac/clara-ai/clara-ai/dataconnect": could not find dataconnect.yaml in `/Users/mac/clara-ai/clara-ai/dataconnect`
 {"metadata":{"emulator":{"name":"dataconnect"},"message":"E1202 12:18:00.405698   18675 watch.go:31] Failed to load config from \"/Users/mac/clara-ai/clara-ai/dataconnect\": could not find dataconnect.yaml in `/Users/mac/clara-ai/clara-ai/dataconnect`\n"}}
[debug] [2025-12-02T11:18:10.407Z] E1202 12:18:10.406135   18675 watch.go:31] Failed to load config from "/Users/mac/clara-ai/clara-ai/dataconnect": could not find dataconnect.yaml in `/Users/mac/clara-ai/clara-ai/dataconnect`
 {"metadata":{"emulator":{"name":"dataconnect"},"message":"E1202 12:18:10.406135   18675 watch.go:31] Failed to load config from \"/Users/mac/clara-ai/clara-ai/dataconnect\": could not find dataconnect.yaml in `/Users/mac/clara-ai/clara-ai/dataconnect`\n"}}
[debug] [2025-12-02T11:18:20.406Z] E1202 12:18:20.406254   18675 watch.go:31] Failed to load config from "/Users/mac/clara-ai/clara-ai/dataconnect": could not find dataconnect.yaml in `/Users/mac/clara-ai/clara-ai/dataconnect`
 {"metadata":{"emulator":{"name":"dataconnect"},"message":"E1202 12:18:20.406254   18675 watch.go:31] Failed to load config from \"/Users/mac/clara-ai/clara-ai/dataconnect\": could not find dataconnect.yaml in `/Users/mac/clara-ai/clara-ai/dataconnect`\n"}}
[debug] [2025-12-02T11:18:30.406Z] E1202 12:18:30.406318   18675 watch.go:31] Failed to load config from "/Users/mac/clara-ai/clara-ai/dataconnect": could not find dataconnect.yaml in `/Users/mac/clara-ai/clara-ai/dataconnect`
 {"metadata":{"emulator":{"name":"dataconnect"},"message":"E1202 12:18:30.406318   18675 watch.go:31] Failed to load config from \"/Users/mac/clara-ai/clara-ai/dataconnect\": could not find dataconnect.yaml in `/Users/mac/clara-ai/clara-ai/dataconnect`\n"}}
[debug] [2025-12-02T11:18:40.406Z] E1202 12:18:40.406571   18675 watch.go:31] Failed to load config from "/Users/mac/clara-ai/clara-ai/dataconnect": could not find dataconnect.yaml in `/Users/mac/clara-ai/clara-ai/dataconnect`
 {"metadata":{"emulator":{"name":"dataconnect"},"message":"E1202 12:18:40.406571   18675 watch.go:31] Failed to load config from \"/Users/mac/clara-ai/clara-ai/dataconnect\": could not find dataconnect.yaml in `/Users/mac/clara-ai/clara-ai/dataconnect`\n"}}
[debug] [2025-12-02T11:18:50.405Z] E1202 12:18:50.405560   18675 watch.go:31] Failed to load config from "/Users/mac/clara-ai/clara-ai/dataconnect": could not find dataconnect.yaml in `/Users/mac/clara-ai/clara-ai/dataconnect`
 {"metadata":{"emulator":{"name":"dataconnect"},"message":"E1202 12:18:50.405560   18675 watch.go:31] Failed to load config from \"/Users/mac/clara-ai/clara-ai/dataconnect\": could not find dataconnect.yaml in `/Users/mac/clara-ai/clara-ai/dataconnect`\n"}}
[debug] [2025-12-02T11:19:00.406Z] E1202 12:19:00.406523   18675 watch.go:31] Failed to load config from "/Users/mac/clara-ai/clara-ai/dataconnect": could not find dataconnect.yaml in `/Users/mac/clara-ai/clara-ai/dataconnect`
 {"metadata":{"emulator":{"name":"dataconnect"},"message":"E1202 12:19:00.406523   18675 watch.go:31] Failed to load config from \"/Users/mac/clara-ai/clara-ai/dataconnect\": could not find dataconnect.yaml in `/Users/mac/clara-ai/clara-ai/dataconnect`\n"}}
[debug] [2025-12-02T11:19:10.406Z] E1202 12:19:10.406700   18675 watch.go:31] Failed to load config from "/Users/mac/clara-ai/clara-ai/dataconnect": could not find dataconnect.yaml in `/Users/mac/clara-ai/clara-ai/dataconnect`
 {"metadata":{"emulator":{"name":"dataconnect"},"message":"E1202 12:19:10.406700   18675 watch.go:31] Failed to load config from \"/Users/mac/clara-ai/clara-ai/dataconnect\": could not find dataconnect.yaml in `/Users/mac/clara-ai/clara-ai/dataconnect`\n"}}
[debug] [2025-12-02T11:19:20.407Z] E1202 12:19:20.406894   18675 watch.go:31] Failed to load config from "/Users/mac/clara-ai/clara-ai/dataconnect": could not find dataconnect.yaml in `/Users/mac/clara-ai/clara-ai/dataconnect`
 {"metadata":{"emulator":{"name":"dataconnect"},"message":"E1202 12:19:20.406894   18675 watch.go:31] Failed to load config from \"/Users/mac/clara-ai/clara-ai/dataconnect\": could not find dataconnect.yaml in `/Users/mac/clara-ai/clara-ai/dataconnect`\n"}}
[debug] [2025-12-02T11:19:30.407Z] E1202 12:19:30.407194   18675 watch.go:31] Failed to load config from "/Users/mac/clara-ai/clara-ai/dataconnect": could not find dataconnect.yaml in `/Users/mac/clara-ai/clara-ai/dataconnect`
 {"metadata":{"emulator":{"name":"dataconnect"},"message":"E1202 12:19:30.407194   18675 watch.go:31] Failed to load config from \"/Users/mac/clara-ai/clara-ai/dataconnect\": could not find dataconnect.yaml in `/Users/mac/clara-ai/clara-ai/dataconnect`\n"}}
[debug] [2025-12-02T11:19:40.407Z] E1202 12:19:40.406883   18675 watch.go:31] Failed to load config from "/Users/mac/clara-ai/clara-ai/dataconnect": could not find dataconnect.yaml in `/Users/mac/clara-ai/clara-ai/dataconnect`
 {"metadata":{"emulator":{"name":"dataconnect"},"message":"E1202 12:19:40.406883   18675 watch.go:31] Failed to load config from \"/Users/mac/clara-ai/clara-ai/dataconnect\": could not find dataconnect.yaml in `/Users/mac/clara-ai/clara-ai/dataconnect`\n"}}
[debug] [2025-12-02T11:19:50.407Z] E1202 12:19:50.407479   18675 watch.go:31] Failed to load config from "/Users/mac/clara-ai/clara-ai/dataconnect": could not find dataconnect.yaml in `/Users/mac/clara-ai/clara-ai/dataconnect`
 {"metadata":{"emulator":{"name":"dataconnect"},"message":"E1202 12:19:50.407479   18675 watch.go:31] Failed to load config from \"/Users/mac/clara-ai/clara-ai/dataconnect\": could not find dataconnect.yaml in `/Users/mac/clara-ai/clara-ai/dataconnect`\n"}}
[debug] [2025-12-02T11:19:50.408Z] E1202 12:19:50.407601   18675 watch.go:102] watchAllDir unable to walk dir `/Users/mac/clara-ai/clara-ai/dataconnect`: lstat /Users/mac/clara-ai/clara-ai/dataconnect: no such file or directory
 {"metadata":{"emulator":{"name":"dataconnect"},"message":"E1202 12:19:50.407601   18675 watch.go:102] watchAllDir unable to walk dir `/Users/mac/clara-ai/clara-ai/dataconnect`: lstat /Users/mac/clara-ai/clara-ai/dataconnect: no such file or directory\n"}}
[debug] [2025-12-02T11:20:00.408Z] E1202 12:20:00.408372   18675 watch.go:31] Failed to load config from "/Users/mac/clara-ai/clara-ai/dataconnect": could not find dataconnect.yaml in `/Users/mac/clara-ai/clara-ai/dataconnect`
 {"metadata":{"emulator":{"name":"dataconnect"},"message":"E1202 12:20:00.408372   18675 watch.go:31] Failed to load config from \"/Users/mac/clara-ai/clara-ai/dataconnect\": could not find dataconnect.yaml in `/Users/mac/clara-ai/clara-ai/dataconnect`\n"}}
[debug] [2025-12-02T11:20:10.409Z] E1202 12:20:10.409017   18675 watch.go:31] Failed to load config from "/Users/mac/clara-ai/clara-ai/dataconnect": could not find dataconnect.yaml in `/Users/mac/clara-ai/clara-ai/dataconnect`
 {"metadata":{"emulator":{"name":"dataconnect"},"message":"E1202 12:20:10.409017   18675 watch.go:31] Failed to load config from \"/Users/mac/clara-ai/clara-ai/dataconnect\": could not find dataconnect.yaml in `/Users/mac/clara-ai/clara-ai/dataconnect`\n"}}
[debug] [2025-12-02T11:20:20.409Z] E1202 12:20:20.408482   18675 watch.go:31] Failed to load config from "/Users/mac/clara-ai/clara-ai/dataconnect": could not find dataconnect.yaml in `/Users/mac/clara-ai/clara-ai/dataconnect`
 {"metadata":{"emulator":{"name":"dataconnect"},"message":"E1202 12:20:20.408482   18675 watch.go:31] Failed to load config from \"/Users/mac/clara-ai/clara-ai/dataconnect\": could not find dataconnect.yaml in `/Users/mac/clara-ai/clara-ai/dataconnect`\n"}}
[debug] [2025-12-02T11:20:30.416Z] E1202 12:20:30.416069   18675 watch.go:31] Failed to load config from "/Users/mac/clara-ai/clara-ai/dataconnect": could not find dataconnect.yaml in `/Users/mac/clara-ai/clara-ai/dataconnect`
 {"metadata":{"emulator":{"name":"dataconnect"},"message":"E1202 12:20:30.416069   18675 watch.go:31] Failed to load config from \"/Users/mac/clara-ai/clara-ai/dataconnect\": could not find dataconnect.yaml in `/Users/mac/clara-ai/clara-ai/dataconnect`\n"}}
[debug] [2025-12-02T11:20:40.407Z] E1202 12:20:40.407576   18675 watch.go:31] Failed to load config from "/Users/mac/clara-ai/clara-ai/dataconnect": could not find dataconnect.yaml in `/Users/mac/clara-ai/clara-ai/dataconnect`
 {"metadata":{"emulator":{"name":"dataconnect"},"message":"E1202 12:20:40.407576   18675 watch.go:31] Failed to load config from \"/Users/mac/clara-ai/clara-ai/dataconnect\": could not find dataconnect.yaml in `/Users/mac/clara-ai/clara-ai/dataconnect`\n"}}
[debug] [2025-12-02T11:20:50.408Z] E1202 12:20:50.407646   18675 watch.go:31] Failed to load config from "/Users/mac/clara-ai/clara-ai/dataconnect": could not find dataconnect.yaml in `/Users/mac/clara-ai/clara-ai/dataconnect`
 {"metadata":{"emulator":{"name":"dataconnect"},"message":"E1202 12:20:50.407646   18675 watch.go:31] Failed to load config from \"/Users/mac/clara-ai/clara-ai/dataconnect\": could not find dataconnect.yaml in `/Users/mac/clara-ai/clara-ai/dataconnect`\n"}}
[debug] [2025-12-02T11:21:00.408Z] E1202 12:21:00.407900   18675 watch.go:31] Failed to load config from "/Users/mac/clara-ai/clara-ai/dataconnect": could not find dataconnect.yaml in `/Users/mac/clara-ai/clara-ai/dataconnect`
 {"metadata":{"emulator":{"name":"dataconnect"},"message":"E1202 12:21:00.407900   18675 watch.go:31] Failed to load config from \"/Users/mac/clara-ai/clara-ai/dataconnect\": could not find dataconnect.yaml in `/Users/mac/clara-ai/clara-ai/dataconnect`\n"}}
[debug] [2025-12-02T11:21:10.408Z] E1202 12:21:10.407807   18675 watch.go:31] Failed to load config from "/Users/mac/clara-ai/clara-ai/dataconnect": could not find dataconnect.yaml in `/Users/mac/clara-ai/clara-ai/dataconnect`
 {"metadata":{"emulator":{"name":"dataconnect"},"message":"E1202 12:21:10.407807   18675 watch.go:31] Failed to load config from \"/Users/mac/clara-ai/clara-ai/dataconnect\": could not find dataconnect.yaml in `/Users/mac/clara-ai/clara-ai/dataconnect`\n"}}
[debug] [2025-12-02T11:21:20.407Z] E1202 12:21:20.407175   18675 watch.go:31] Failed to load config from "/Users/mac/clara-ai/clara-ai/dataconnect": could not find dataconnect.yaml in `/Users/mac/clara-ai/clara-ai/dataconnect`
 {"metadata":{"emulator":{"name":"dataconnect"},"message":"E1202 12:21:20.407175   18675 watch.go:31] Failed to load config from \"/Users/mac/clara-ai/clara-ai/dataconnect\": could not find dataconnect.yaml in `/Users/mac/clara-ai/clara-ai/dataconnect`\n"}}
[debug] [2025-12-02T11:21:30.407Z] E1202 12:21:30.407603   18675 watch.go:31] Failed to load config from "/Users/mac/clara-ai/clara-ai/dataconnect": could not find dataconnect.yaml in `/Users/mac/clara-ai/clara-ai/dataconnect`
 {"metadata":{"emulator":{"name":"dataconnect"},"message":"E1202 12:21:30.407603   18675 watch.go:31] Failed to load config from \"/Users/mac/clara-ai/clara-ai/dataconnect\": could not find dataconnect.yaml in `/Users/mac/clara-ai/clara-ai/dataconnect`\n"}}
[debug] [2025-12-02T11:21:40.407Z] E1202 12:21:40.407420   18675 watch.go:31] Failed to load config from "/Users/mac/clara-ai/clara-ai/dataconnect": could not find dataconnect.yaml in `/Users/mac/clara-ai/clara-ai/dataconnect`
 {"metadata":{"emulator":{"name":"dataconnect"},"message":"E1202 12:21:40.407420   18675 watch.go:31] Failed to load config from \"/Users/mac/clara-ai/clara-ai/dataconnect\": could not find dataconnect.yaml in `/Users/mac/clara-ai/clara-ai/dataconnect`\n"}}
[debug] [2025-12-02T11:21:50.408Z] E1202 12:21:50.407813   18675 watch.go:31] Failed to load config from "/Users/mac/clara-ai/clara-ai/dataconnect": could not find dataconnect.yaml in `/Users/mac/clara-ai/clara-ai/dataconnect`
E1202 12:21:50.407853   18675 watch.go:102] watchAllDir unable to walk dir `/Users/mac/clara-ai/clara-ai/dataconnect`: lstat /Users/mac/clara-ai/clara-ai/dataconnect: no such file or directory
 {"metadata":{"emulator":{"name":"dataconnect"},"message":"E1202 12:21:50.407813   18675 watch.go:31] Failed to load config from \"/Users/mac/clara-ai/clara-ai/dataconnect\": could not find dataconnect.yaml in `/Users/mac/clara-ai/clara-ai/dataconnect`\nE1202 12:21:50.407853   18675 watch.go:102] watchAllDir unable to walk dir `/Users/mac/clara-ai/clara-ai/dataconnect`: lstat /Users/mac/clara-ai/clara-ai/dataconnect: no such file or directory\n"}}
[debug] [2025-12-02T11:22:00.408Z] E1202 12:22:00.408592   18675 watch.go:31] Failed to load config from "/Users/mac/clara-ai/clara-ai/dataconnect": could not find dataconnect.yaml in `/Users/mac/clara-ai/clara-ai/dataconnect`
 {"metadata":{"emulator":{"name":"dataconnect"},"message":"E1202 12:22:00.408592   18675 watch.go:31] Failed to load config from \"/Users/mac/clara-ai/clara-ai/dataconnect\": could not find dataconnect.yaml in `/Users/mac/clara-ai/clara-ai/dataconnect`\n"}}
[debug] [2025-12-02T11:22:10.407Z] E1202 12:22:10.407456   18675 watch.go:31] Failed to load config from "/Users/mac/clara-ai/clara-ai/dataconnect": could not find dataconnect.yaml in `/Users/mac/clara-ai/clara-ai/dataconnect`
 {"metadata":{"emulator":{"name":"dataconnect"},"message":"E1202 12:22:10.407456   18675 watch.go:31] Failed to load config from \"/Users/mac/clara-ai/clara-ai/dataconnect\": could not find dataconnect.yaml in `/Users/mac/clara-ai/clara-ai/dataconnect`\n"}}
[debug] [2025-12-02T11:22:20.408Z] E1202 12:22:20.408194   18675 watch.go:31] Failed to load config from "/Users/mac/clara-ai/clara-ai/dataconnect": could not find dataconnect.yaml in `/Users/mac/clara-ai/clara-ai/dataconnect`
 {"metadata":{"emulator":{"name":"dataconnect"},"message":"E1202 12:22:20.408194   18675 watch.go:31] Failed to load config from \"/Users/mac/clara-ai/clara-ai/dataconnect\": could not find dataconnect.yaml in `/Users/mac/clara-ai/clara-ai/dataconnect`\n"}}
[debug] [2025-12-02T11:22:30.408Z] E1202 12:22:30.408609   18675 watch.go:31] Failed to load config from "/Users/mac/clara-ai/clara-ai/dataconnect": could not find dataconnect.yaml in `/Users/mac/clara-ai/clara-ai/dataconnect`
 {"metadata":{"emulator":{"name":"dataconnect"},"message":"E1202 12:22:30.408609   18675 watch.go:31] Failed to load config from \"/Users/mac/clara-ai/clara-ai/dataconnect\": could not find dataconnect.yaml in `/Users/mac/clara-ai/clara-ai/dataconnect`\n"}}
[debug] [2025-12-02T11:22:40.408Z] E1202 12:22:40.408550   18675 watch.go:31] Failed to load config from "/Users/mac/clara-ai/clara-ai/dataconnect": could not find dataconnect.yaml in `/Users/mac/clara-ai/clara-ai/dataconnect`
 {"metadata":{"emulator":{"name":"dataconnect"},"message":"E1202 12:22:40.408550   18675 watch.go:31] Failed to load config from \"/Users/mac/clara-ai/clara-ai/dataconnect\": could not find dataconnect.yaml in `/Users/mac/clara-ai/clara-ai/dataconnect`\n"}}
[debug] [2025-12-02T11:22:50.408Z] E1202 12:22:50.408242   18675 watch.go:31] Failed to load config from "/Users/mac/clara-ai/clara-ai/dataconnect": could not find dataconnect.yaml in `/Users/mac/clara-ai/clara-ai/dataconnect`
 {"metadata":{"emulator":{"name":"dataconnect"},"message":"E1202 12:22:50.408242   18675 watch.go:31] Failed to load config from \"/Users/mac/clara-ai/clara-ai/dataconnect\": could not find dataconnect.yaml in `/Users/mac/clara-ai/clara-ai/dataconnect`\n"}}
[debug] [2025-12-02T11:23:00.408Z] E1202 12:23:00.408753   18675 watch.go:31] Failed to load config from "/Users/mac/clara-ai/clara-ai/dataconnect": could not find dataconnect.yaml in `/Users/mac/clara-ai/clara-ai/dataconnect`
 {"metadata":{"emulator":{"name":"dataconnect"},"message":"E1202 12:23:00.408753   18675 watch.go:31] Failed to load config from \"/Users/mac/clara-ai/clara-ai/dataconnect\": could not find dataconnect.yaml in `/Users/mac/clara-ai/clara-ai/dataconnect`\n"}}
[debug] [2025-12-02T11:23:10.408Z] E1202 12:23:10.408792   18675 watch.go:31] Failed to load config from "/Users/mac/clara-ai/clara-ai/dataconnect": could not find dataconnect.yaml in `/Users/mac/clara-ai/clara-ai/dataconnect`
 {"metadata":{"emulator":{"name":"dataconnect"},"message":"E1202 12:23:10.408792   18675 watch.go:31] Failed to load config from \"/Users/mac/clara-ai/clara-ai/dataconnect\": could not find dataconnect.yaml in `/Users/mac/clara-ai/clara-ai/dataconnect`\n"}}
[debug] [2025-12-02T11:23:20.409Z] E1202 12:23:20.408944   18675 watch.go:31] Failed to load config from "/Users/mac/clara-ai/clara-ai/dataconnect": could not find dataconnect.yaml in `/Users/mac/clara-ai/clara-ai/dataconnect`
 {"metadata":{"emulator":{"name":"dataconnect"},"message":"E1202 12:23:20.408944   18675 watch.go:31] Failed to load config from \"/Users/mac/clara-ai/clara-ai/dataconnect\": could not find dataconnect.yaml in `/Users/mac/clara-ai/clara-ai/dataconnect`\n"}}
[debug] [2025-12-02T11:23:30.411Z] E1202 12:23:30.409570   18675 watch.go:31] Failed to load config from "/Users/mac/clara-ai/clara-ai/dataconnect": could not find dataconnect.yaml in `/Users/mac/clara-ai/clara-ai/dataconnect`
 {"metadata":{"emulator":{"name":"dataconnect"},"message":"E1202 12:23:30.409570   18675 watch.go:31] Failed to load config from \"/Users/mac/clara-ai/clara-ai/dataconnect\": could not find dataconnect.yaml in `/Users/mac/clara-ai/clara-ai/dataconnect`\n"}}
[debug] [2025-12-02T11:23:40.409Z] E1202 12:23:40.409377   18675 watch.go:31] Failed to load config from "/Users/mac/clara-ai/clara-ai/dataconnect": could not find dataconnect.yaml in `/Users/mac/clara-ai/clara-ai/dataconnect`
 {"metadata":{"emulator":{"name":"dataconnect"},"message":"E1202 12:23:40.409377   18675 watch.go:31] Failed to load config from \"/Users/mac/clara-ai/clara-ai/dataconnect\": could not find dataconnect.yaml in `/Users/mac/clara-ai/clara-ai/dataconnect`\n"}}
[debug] [2025-12-02T11:23:50.409Z] E1202 12:23:50.409343   18675 watch.go:31] Failed to load config from "/Users/mac/clara-ai/clara-ai/dataconnect": could not find dataconnect.yaml in `/Users/mac/clara-ai/clara-ai/dataconnect`
E1202 12:23:50.409385   18675 watch.go:102] watchAllDir unable to walk dir `/Users/mac/clara-ai/clara-ai/dataconnect`: lstat /Users/mac/clara-ai/clara-ai/dataconnect: no such file or directory
 {"metadata":{"emulator":{"name":"dataconnect"},"message":"E1202 12:23:50.409343   18675 watch.go:31] Failed to load config from \"/Users/mac/clara-ai/clara-ai/dataconnect\": could not find dataconnect.yaml in `/Users/mac/clara-ai/clara-ai/dataconnect`\nE1202 12:23:50.409385   18675 watch.go:102] watchAllDir unable to walk dir `/Users/mac/clara-ai/clara-ai/dataconnect`: lstat /Users/mac/clara-ai/clara-ai/dataconnect: no such file or directory\n"}}
[debug] [2025-12-02T11:24:00.411Z] E1202 12:24:00.411154   18675 watch.go:31] Failed to load config from "/Users/mac/clara-ai/clara-ai/dataconnect": could not find dataconnect.yaml in `/Users/mac/clara-ai/clara-ai/dataconnect`
 {"metadata":{"emulator":{"name":"dataconnect"},"message":"E1202 12:24:00.411154   18675 watch.go:31] Failed to load config from \"/Users/mac/clara-ai/clara-ai/dataconnect\": could not find dataconnect.yaml in `/Users/mac/clara-ai/clara-ai/dataconnect`\n"}}
[debug] [2025-12-02T11:24:10.413Z] E1202 12:24:10.411412   18675 watch.go:31] Failed to load config from "/Users/mac/clara-ai/clara-ai/dataconnect": could not find dataconnect.yaml in `/Users/mac/clara-ai/clara-ai/dataconnect`
 {"metadata":{"emulator":{"name":"dataconnect"},"message":"E1202 12:24:10.411412   18675 watch.go:31] Failed to load config from \"/Users/mac/clara-ai/clara-ai/dataconnect\": could not find dataconnect.yaml in `/Users/mac/clara-ai/clara-ai/dataconnect`\n"}}
[debug] [2025-12-02T11:24:20.411Z] E1202 12:24:20.410920   18675 watch.go:31] Failed to load config from "/Users/mac/clara-ai/clara-ai/dataconnect": could not find dataconnect.yaml in `/Users/mac/clara-ai/clara-ai/dataconnect`
 {"metadata":{"emulator":{"name":"dataconnect"},"message":"E1202 12:24:20.410920   18675 watch.go:31] Failed to load config from \"/Users/mac/clara-ai/clara-ai/dataconnect\": could not find dataconnect.yaml in `/Users/mac/clara-ai/clara-ai/dataconnect`\n"}}
[debug] [2025-12-02T11:24:30.412Z] E1202 12:24:30.411786   18675 watch.go:31] Failed to load config from "/Users/mac/clara-ai/clara-ai/dataconnect": could not find dataconnect.yaml in `/Users/mac/clara-ai/clara-ai/dataconnect`
 {"metadata":{"emulator":{"name":"dataconnect"},"message":"E1202 12:24:30.411786   18675 watch.go:31] Failed to load config from \"/Users/mac/clara-ai/clara-ai/dataconnect\": could not find dataconnect.yaml in `/Users/mac/clara-ai/clara-ai/dataconnect`\n"}}
[debug] [2025-12-02T11:24:40.411Z] E1202 12:24:40.409624   18675 watch.go:31] Failed to load config from "/Users/mac/clara-ai/clara-ai/dataconnect": could not find dataconnect.yaml in `/Users/mac/clara-ai/clara-ai/dataconnect`
 {"metadata":{"emulator":{"name":"dataconnect"},"message":"E1202 12:24:40.409624   18675 watch.go:31] Failed to load config from \"/Users/mac/clara-ai/clara-ai/dataconnect\": could not find dataconnect.yaml in `/Users/mac/clara-ai/clara-ai/dataconnect`\n"}}
[debug] [2025-12-02T11:24:50.412Z] E1202 12:24:50.410295   18675 watch.go:31] Failed to load config from "/Users/mac/clara-ai/clara-ai/dataconnect": could not find dataconnect.yaml in `/Users/mac/clara-ai/clara-ai/dataconnect`
 {"metadata":{"emulator":{"name":"dataconnect"},"message":"E1202 12:24:50.410295   18675 watch.go:31] Failed to load config from \"/Users/mac/clara-ai/clara-ai/dataconnect\": could not find dataconnect.yaml in `/Users/mac/clara-ai/clara-ai/dataconnect`\n"}}
[debug] [2025-12-02T11:25:00.410Z] E1202 12:25:00.409841   18675 watch.go:31] Failed to load config from "/Users/mac/clara-ai/clara-ai/dataconnect": could not find dataconnect.yaml in `/Users/mac/clara-ai/clara-ai/dataconnect`
 {"metadata":{"emulator":{"name":"dataconnect"},"message":"E1202 12:25:00.409841   18675 watch.go:31] Failed to load config from \"/Users/mac/clara-ai/clara-ai/dataconnect\": could not find dataconnect.yaml in `/Users/mac/clara-ai/clara-ai/dataconnect`\n"}}
[debug] [2025-12-02T11:25:10.409Z] E1202 12:25:10.408929   18675 watch.go:31] Failed to load config from "/Users/mac/clara-ai/clara-ai/dataconnect": could not find dataconnect.yaml in `/Users/mac/clara-ai/clara-ai/dataconnect`
 {"metadata":{"emulator":{"name":"dataconnect"},"message":"E1202 12:25:10.408929   18675 watch.go:31] Failed to load config from \"/Users/mac/clara-ai/clara-ai/dataconnect\": could not find dataconnect.yaml in `/Users/mac/clara-ai/clara-ai/dataconnect`\n"}}
[debug] [2025-12-02T11:25:20.409Z] E1202 12:25:20.409316   18675 watch.go:31] Failed to load config from "/Users/mac/clara-ai/clara-ai/dataconnect": could not find dataconnect.yaml in `/Users/mac/clara-ai/clara-ai/dataconnect`
 {"metadata":{"emulator":{"name":"dataconnect"},"message":"E1202 12:25:20.409316   18675 watch.go:31] Failed to load config from \"/Users/mac/clara-ai/clara-ai/dataconnect\": could not find dataconnect.yaml in `/Users/mac/clara-ai/clara-ai/dataconnect`\n"}}
[debug] [2025-12-02T11:25:30.409Z] E1202 12:25:30.409388   18675 watch.go:31] Failed to load config from "/Users/mac/clara-ai/clara-ai/dataconnect": could not find dataconnect.yaml in `/Users/mac/clara-ai/clara-ai/dataconnect`
 {"metadata":{"emulator":{"name":"dataconnect"},"message":"E1202 12:25:30.409388   18675 watch.go:31] Failed to load config from \"/Users/mac/clara-ai/clara-ai/dataconnect\": could not find dataconnect.yaml in `/Users/mac/clara-ai/clara-ai/dataconnect`\n"}}
[debug] [2025-12-02T11:25:40.419Z] E1202 12:25:40.414518   18675 watch.go:31] Failed to load config from "/Users/mac/clara-ai/clara-ai/dataconnect": could not find dataconnect.yaml in `/Users/mac/clara-ai/clara-ai/dataconnect`
 {"metadata":{"emulator":{"name":"dataconnect"},"message":"E1202 12:25:40.414518   18675 watch.go:31] Failed to load config from \"/Users/mac/clara-ai/clara-ai/dataconnect\": could not find dataconnect.yaml in `/Users/mac/clara-ai/clara-ai/dataconnect`\n"}}
[debug] [2025-12-02T11:25:50.584Z] E1202 12:25:50.524955   18675 watch.go:102] watchAllDir unable to walk dir `/Users/mac/clara-ai/clara-ai/dataconnect`: lstat /Users/mac/clara-ai/clara-ai/dataconnect: no such file or directory
 {"metadata":{"emulator":{"name":"dataconnect"},"message":"E1202 12:25:50.524955   18675 watch.go:102] watchAllDir unable to walk dir `/Users/mac/clara-ai/clara-ai/dataconnect`: lstat /Users/mac/clara-ai/clara-ai/dataconnect: no such file or directory\n"}}
[debug] [2025-12-02T11:25:50.595Z] E1202 12:25:50.595094   18675 watch.go:31] Failed to load config from "/Users/mac/clara-ai/clara-ai/dataconnect": could not find dataconnect.yaml in `/Users/mac/clara-ai/clara-ai/dataconnect`
 {"metadata":{"emulator":{"name":"dataconnect"},"message":"E1202 12:25:50.595094   18675 watch.go:31] Failed to load config from \"/Users/mac/clara-ai/clara-ai/dataconnect\": could not find dataconnect.yaml in `/Users/mac/clara-ai/clara-ai/dataconnect`\n"}}
[debug] [2025-12-02T11:26:00.411Z] E1202 12:26:00.411570   18675 watch.go:31] Failed to load config from "/Users/mac/clara-ai/clara-ai/dataconnect": could not find dataconnect.yaml in `/Users/mac/clara-ai/clara-ai/dataconnect`
 {"metadata":{"emulator":{"name":"dataconnect"},"message":"E1202 12:26:00.411570   18675 watch.go:31] Failed to load config from \"/Users/mac/clara-ai/clara-ai/dataconnect\": could not find dataconnect.yaml in `/Users/mac/clara-ai/clara-ai/dataconnect`\n"}}
[debug] [2025-12-02T11:26:10.411Z] E1202 12:26:10.411142   18675 watch.go:31] Failed to load config from "/Users/mac/clara-ai/clara-ai/dataconnect": could not find dataconnect.yaml in `/Users/mac/clara-ai/clara-ai/dataconnect`
 {"metadata":{"emulator":{"name":"dataconnect"},"message":"E1202 12:26:10.411142   18675 watch.go:31] Failed to load config from \"/Users/mac/clara-ai/clara-ai/dataconnect\": could not find dataconnect.yaml in `/Users/mac/clara-ai/clara-ai/dataconnect`\n"}}
[debug] [2025-12-02T11:26:20.411Z] E1202 12:26:20.410890   18675 watch.go:31] Failed to load config from "/Users/mac/clara-ai/clara-ai/dataconnect": could not find dataconnect.yaml in `/Users/mac/clara-ai/clara-ai/dataconnect`
 {"metadata":{"emulator":{"name":"dataconnect"},"message":"E1202 12:26:20.410890   18675 watch.go:31] Failed to load config from \"/Users/mac/clara-ai/clara-ai/dataconnect\": could not find dataconnect.yaml in `/Users/mac/clara-ai/clara-ai/dataconnect`\n"}}
[debug] [2025-12-02T11:26:30.410Z] E1202 12:26:30.410559   18675 watch.go:31] Failed to load config from "/Users/mac/clara-ai/clara-ai/dataconnect": could not find dataconnect.yaml in `/Users/mac/clara-ai/clara-ai/dataconnect`
 {"metadata":{"emulator":{"name":"dataconnect"},"message":"E1202 12:26:30.410559   18675 watch.go:31] Failed to load config from \"/Users/mac/clara-ai/clara-ai/dataconnect\": could not find dataconnect.yaml in `/Users/mac/clara-ai/clara-ai/dataconnect`\n"}}
[debug] [2025-12-02T11:26:40.410Z] E1202 12:26:40.410596   18675 watch.go:31] Failed to load config from "/Users/mac/clara-ai/clara-ai/dataconnect": could not find dataconnect.yaml in `/Users/mac/clara-ai/clara-ai/dataconnect`
 {"metadata":{"emulator":{"name":"dataconnect"},"message":"E1202 12:26:40.410596   18675 watch.go:31] Failed to load config from \"/Users/mac/clara-ai/clara-ai/dataconnect\": could not find dataconnect.yaml in `/Users/mac/clara-ai/clara-ai/dataconnect`\n"}}
[debug] [2025-12-02T11:26:50.410Z] E1202 12:26:50.410669   18675 watch.go:31] Failed to load config from "/Users/mac/clara-ai/clara-ai/dataconnect": could not find dataconnect.yaml in `/Users/mac/clara-ai/clara-ai/dataconnect`
 {"metadata":{"emulator":{"name":"dataconnect"},"message":"E1202 12:26:50.410669   18675 watch.go:31] Failed to load config from \"/Users/mac/clara-ai/clara-ai/dataconnect\": could not find dataconnect.yaml in `/Users/mac/clara-ai/clara-ai/dataconnect`\n"}}
[debug] [2025-12-02T11:27:00.411Z] E1202 12:27:00.410785   18675 watch.go:31] Failed to load config from "/Users/mac/clara-ai/clara-ai/dataconnect": could not find dataconnect.yaml in `/Users/mac/clara-ai/clara-ai/dataconnect`
 {"metadata":{"emulator":{"name":"dataconnect"},"message":"E1202 12:27:00.410785   18675 watch.go:31] Failed to load config from \"/Users/mac/clara-ai/clara-ai/dataconnect\": could not find dataconnect.yaml in `/Users/mac/clara-ai/clara-ai/dataconnect`\n"}}
[debug] [2025-12-02T11:27:10.410Z] E1202 12:27:10.410708   18675 watch.go:31] Failed to load config from "/Users/mac/clara-ai/clara-ai/dataconnect": could not find dataconnect.yaml in `/Users/mac/clara-ai/clara-ai/dataconnect`
 {"metadata":{"emulator":{"name":"dataconnect"},"message":"E1202 12:27:10.410708   18675 watch.go:31] Failed to load config from \"/Users/mac/clara-ai/clara-ai/dataconnect\": could not find dataconnect.yaml in `/Users/mac/clara-ai/clara-ai/dataconnect`\n"}}
[debug] [2025-12-02T11:27:20.411Z] E1202 12:27:20.410961   18675 watch.go:31] Failed to load config from "/Users/mac/clara-ai/clara-ai/dataconnect": could not find dataconnect.yaml in `/Users/mac/clara-ai/clara-ai/dataconnect`
 {"metadata":{"emulator":{"name":"dataconnect"},"message":"E1202 12:27:20.410961   18675 watch.go:31] Failed to load config from \"/Users/mac/clara-ai/clara-ai/dataconnect\": could not find dataconnect.yaml in `/Users/mac/clara-ai/clara-ai/dataconnect`\n"}}
[debug] [2025-12-02T11:27:30.410Z] E1202 12:27:30.410513   18675 watch.go:31] Failed to load config from "/Users/mac/clara-ai/clara-ai/dataconnect": could not find dataconnect.yaml in `/Users/mac/clara-ai/clara-ai/dataconnect`
 {"metadata":{"emulator":{"name":"dataconnect"},"message":"E1202 12:27:30.410513   18675 watch.go:31] Failed to load config from \"/Users/mac/clara-ai/clara-ai/dataconnect\": could not find dataconnect.yaml in `/Users/mac/clara-ai/clara-ai/dataconnect`\n"}}
[debug] [2025-12-02T11:27:40.410Z] E1202 12:27:40.410255   18675 watch.go:31] Failed to load config from "/Users/mac/clara-ai/clara-ai/dataconnect": could not find dataconnect.yaml in `/Users/mac/clara-ai/clara-ai/dataconnect`
 {"metadata":{"emulator":{"name":"dataconnect"},"message":"E1202 12:27:40.410255   18675 watch.go:31] Failed to load config from \"/Users/mac/clara-ai/clara-ai/dataconnect\": could not find dataconnect.yaml in `/Users/mac/clara-ai/clara-ai/dataconnect`\n"}}
[debug] [2025-12-02T11:27:50.410Z] E1202 12:27:50.410684   18675 watch.go:31] Failed to load config from "/Users/mac/clara-ai/clara-ai/dataconnect": could not find dataconnect.yaml in `/Users/mac/clara-ai/clara-ai/dataconnect`
E1202 12:27:50.410726   18675 watch.go:102] watchAllDir unable to walk dir `/Users/mac/clara-ai/clara-ai/dataconnect`: lstat /Users/mac/clara-ai/clara-ai/dataconnect: no such file or directory
 {"metadata":{"emulator":{"name":"dataconnect"},"message":"E1202 12:27:50.410684   18675 watch.go:31] Failed to load config from \"/Users/mac/clara-ai/clara-ai/dataconnect\": could not find dataconnect.yaml in `/Users/mac/clara-ai/clara-ai/dataconnect`\nE1202 12:27:50.410726   18675 watch.go:102] watchAllDir unable to walk dir `/Users/mac/clara-ai/clara-ai/dataconnect`: lstat /Users/mac/clara-ai/clara-ai/dataconnect: no such file or directory\n"}}
[debug] [2025-12-02T11:28:00.412Z] E1202 12:28:00.411968   18675 watch.go:31] Failed to load config from "/Users/mac/clara-ai/clara-ai/dataconnect": could not find dataconnect.yaml in `/Users/mac/clara-ai/clara-ai/dataconnect`
 {"metadata":{"emulator":{"name":"dataconnect"},"message":"E1202 12:28:00.411968   18675 watch.go:31] Failed to load config from \"/Users/mac/clara-ai/clara-ai/dataconnect\": could not find dataconnect.yaml in `/Users/mac/clara-ai/clara-ai/dataconnect`\n"}}
[debug] [2025-12-02T11:28:10.412Z] E1202 12:28:10.412612   18675 watch.go:31] Failed to load config from "/Users/mac/clara-ai/clara-ai/dataconnect": could not find dataconnect.yaml in `/Users/mac/clara-ai/clara-ai/dataconnect`
 {"metadata":{"emulator":{"name":"dataconnect"},"message":"E1202 12:28:10.412612   18675 watch.go:31] Failed to load config from \"/Users/mac/clara-ai/clara-ai/dataconnect\": could not find dataconnect.yaml in `/Users/mac/clara-ai/clara-ai/dataconnect`\n"}}
[debug] [2025-12-02T11:28:20.417Z] E1202 12:28:20.415365   18675 watch.go:31] Failed to load config from "/Users/mac/clara-ai/clara-ai/dataconnect": could not find dataconnect.yaml in `/Users/mac/clara-ai/clara-ai/dataconnect`
 {"metadata":{"emulator":{"name":"dataconnect"},"message":"E1202 12:28:20.415365   18675 watch.go:31] Failed to load config from \"/Users/mac/clara-ai/clara-ai/dataconnect\": could not find dataconnect.yaml in `/Users/mac/clara-ai/clara-ai/dataconnect`\n"}}
[debug] [2025-12-02T11:28:30.414Z] E1202 12:28:30.413908   18675 watch.go:31] Failed to load config from "/Users/mac/clara-ai/clara-ai/dataconnect": could not find dataconnect.yaml in `/Users/mac/clara-ai/clara-ai/dataconnect`
 {"metadata":{"emulator":{"name":"dataconnect"},"message":"E1202 12:28:30.413908   18675 watch.go:31] Failed to load config from \"/Users/mac/clara-ai/clara-ai/dataconnect\": could not find dataconnect.yaml in `/Users/mac/clara-ai/clara-ai/dataconnect`\n"}}
[debug] [2025-12-02T11:28:40.410Z] E1202 12:28:40.410689   18675 watch.go:31] Failed to load config from "/Users/mac/clara-ai/clara-ai/dataconnect": could not find dataconnect.yaml in `/Users/mac/clara-ai/clara-ai/dataconnect`
 {"metadata":{"emulator":{"name":"dataconnect"},"message":"E1202 12:28:40.410689   18675 watch.go:31] Failed to load config from \"/Users/mac/clara-ai/clara-ai/dataconnect\": could not find dataconnect.yaml in `/Users/mac/clara-ai/clara-ai/dataconnect`\n"}}
[debug] [2025-12-02T11:28:50.411Z] E1202 12:28:50.411789   18675 watch.go:31] Failed to load config from "/Users/mac/clara-ai/clara-ai/dataconnect": could not find dataconnect.yaml in `/Users/mac/clara-ai/clara-ai/dataconnect`
 {"metadata":{"emulator":{"name":"dataconnect"},"message":"E1202 12:28:50.411789   18675 watch.go:31] Failed to load config from \"/Users/mac/clara-ai/clara-ai/dataconnect\": could not find dataconnect.yaml in `/Users/mac/clara-ai/clara-ai/dataconnect`\n"}}
[debug] [2025-12-02T11:29:00.412Z] E1202 12:29:00.411834   18675 watch.go:31] Failed to load config from "/Users/mac/clara-ai/clara-ai/dataconnect": could not find dataconnect.yaml in `/Users/mac/clara-ai/clara-ai/dataconnect`
 {"metadata":{"emulator":{"name":"dataconnect"},"message":"E1202 12:29:00.411834   18675 watch.go:31] Failed to load config from \"/Users/mac/clara-ai/clara-ai/dataconnect\": could not find dataconnect.yaml in `/Users/mac/clara-ai/clara-ai/dataconnect`\n"}}
[debug] [2025-12-02T11:29:10.534Z] E1202 12:29:10.412006   18675 watch.go:31] Failed to load config from "/Users/mac/clara-ai/clara-ai/dataconnect": could not find dataconnect.yaml in `/Users/mac/clara-ai/clara-ai/dataconnect`
 {"metadata":{"emulator":{"name":"dataconnect"},"message":"E1202 12:29:10.412006   18675 watch.go:31] Failed to load config from \"/Users/mac/clara-ai/clara-ai/dataconnect\": could not find dataconnect.yaml in `/Users/mac/clara-ai/clara-ai/dataconnect`\n"}}
[debug] [2025-12-02T11:29:20.412Z] E1202 12:29:20.412034   18675 watch.go:31] Failed to load config from "/Users/mac/clara-ai/clara-ai/dataconnect": could not find dataconnect.yaml in `/Users/mac/clara-ai/clara-ai/dataconnect`
 {"metadata":{"emulator":{"name":"dataconnect"},"message":"E1202 12:29:20.412034   18675 watch.go:31] Failed to load config from \"/Users/mac/clara-ai/clara-ai/dataconnect\": could not find dataconnect.yaml in `/Users/mac/clara-ai/clara-ai/dataconnect`\n"}}
[debug] [2025-12-02T11:29:30.415Z] E1202 12:29:30.414114   18675 watch.go:31] Failed to load config from "/Users/mac/clara-ai/clara-ai/dataconnect": could not find dataconnect.yaml in `/Users/mac/clara-ai/clara-ai/dataconnect`
 {"metadata":{"emulator":{"name":"dataconnect"},"message":"E1202 12:29:30.414114   18675 watch.go:31] Failed to load config from \"/Users/mac/clara-ai/clara-ai/dataconnect\": could not find dataconnect.yaml in `/Users/mac/clara-ai/clara-ai/dataconnect`\n"}}
[debug] [2025-12-02T11:29:40.412Z] E1202 12:29:40.412422   18675 watch.go:31] Failed to load config from "/Users/mac/clara-ai/clara-ai/dataconnect": could not find dataconnect.yaml in `/Users/mac/clara-ai/clara-ai/dataconnect`
 {"metadata":{"emulator":{"name":"dataconnect"},"message":"E1202 12:29:40.412422   18675 watch.go:31] Failed to load config from \"/Users/mac/clara-ai/clara-ai/dataconnect\": could not find dataconnect.yaml in `/Users/mac/clara-ai/clara-ai/dataconnect`\n"}}
[debug] [2025-12-02T11:29:50.412Z] E1202 12:29:50.412099   18675 watch.go:31] Failed to load config from "/Users/mac/clara-ai/clara-ai/dataconnect": could not find dataconnect.yaml in `/Users/mac/clara-ai/clara-ai/dataconnect`
E1202 12:29:50.412139   18675 watch.go:102] watchAllDir unable to walk dir `/Users/mac/clara-ai/clara-ai/dataconnect`: lstat /Users/mac/clara-ai/clara-ai/dataconnect: no such file or directory
 {"metadata":{"emulator":{"name":"dataconnect"},"message":"E1202 12:29:50.412099   18675 watch.go:31] Failed to load config from \"/Users/mac/clara-ai/clara-ai/dataconnect\": could not find dataconnect.yaml in `/Users/mac/clara-ai/clara-ai/dataconnect`\nE1202 12:29:50.412139   18675 watch.go:102] watchAllDir unable to walk dir `/Users/mac/clara-ai/clara-ai/dataconnect`: lstat /Users/mac/clara-ai/clara-ai/dataconnect: no such file or directory\n"}}
[debug] [2025-12-02T11:30:00.413Z] E1202 12:30:00.412467   18675 watch.go:31] Failed to load config from "/Users/mac/clara-ai/clara-ai/dataconnect": could not find dataconnect.yaml in `/Users/mac/clara-ai/clara-ai/dataconnect`
 {"metadata":{"emulator":{"name":"dataconnect"},"message":"E1202 12:30:00.412467   18675 watch.go:31] Failed to load config from \"/Users/mac/clara-ai/clara-ai/dataconnect\": could not find dataconnect.yaml in `/Users/mac/clara-ai/clara-ai/dataconnect`\n"}}
[debug] [2025-12-02T11:30:10.412Z] E1202 12:30:10.411760   18675 watch.go:31] Failed to load config from "/Users/mac/clara-ai/clara-ai/dataconnect": could not find dataconnect.yaml in `/Users/mac/clara-ai/clara-ai/dataconnect`
 {"metadata":{"emulator":{"name":"dataconnect"},"message":"E1202 12:30:10.411760   18675 watch.go:31] Failed to load config from \"/Users/mac/clara-ai/clara-ai/dataconnect\": could not find dataconnect.yaml in `/Users/mac/clara-ai/clara-ai/dataconnect`\n"}}
[debug] [2025-12-02T11:30:20.411Z] E1202 12:30:20.411573   18675 watch.go:31] Failed to load config from "/Users/mac/clara-ai/clara-ai/dataconnect": could not find dataconnect.yaml in `/Users/mac/clara-ai/clara-ai/dataconnect`
 {"metadata":{"emulator":{"name":"dataconnect"},"message":"E1202 12:30:20.411573   18675 watch.go:31] Failed to load config from \"/Users/mac/clara-ai/clara-ai/dataconnect\": could not find dataconnect.yaml in `/Users/mac/clara-ai/clara-ai/dataconnect`\n"}}
[debug] [2025-12-02T11:30:30.413Z] E1202 12:30:30.413072   18675 watch.go:31] Failed to load config from "/Users/mac/clara-ai/clara-ai/dataconnect": could not find dataconnect.yaml in `/Users/mac/clara-ai/clara-ai/dataconnect`
 {"metadata":{"emulator":{"name":"dataconnect"},"message":"E1202 12:30:30.413072   18675 watch.go:31] Failed to load config from \"/Users/mac/clara-ai/clara-ai/dataconnect\": could not find dataconnect.yaml in `/Users/mac/clara-ai/clara-ai/dataconnect`\n"}}
[debug] [2025-12-02T11:30:40.413Z] E1202 12:30:40.412683   18675 watch.go:31] Failed to load config from "/Users/mac/clara-ai/clara-ai/dataconnect": could not find dataconnect.yaml in `/Users/mac/clara-ai/clara-ai/dataconnect`
 {"metadata":{"emulator":{"name":"dataconnect"},"message":"E1202 12:30:40.412683   18675 watch.go:31] Failed to load config from \"/Users/mac/clara-ai/clara-ai/dataconnect\": could not find dataconnect.yaml in `/Users/mac/clara-ai/clara-ai/dataconnect`\n"}}
[debug] [2025-12-02T11:30:50.412Z] E1202 12:30:50.412808   18675 watch.go:31] Failed to load config from "/Users/mac/clara-ai/clara-ai/dataconnect": could not find dataconnect.yaml in `/Users/mac/clara-ai/clara-ai/dataconnect`
 {"metadata":{"emulator":{"name":"dataconnect"},"message":"E1202 12:30:50.412808   18675 watch.go:31] Failed to load config from \"/Users/mac/clara-ai/clara-ai/dataconnect\": could not find dataconnect.yaml in `/Users/mac/clara-ai/clara-ai/dataconnect`\n"}}
[debug] [2025-12-02T11:31:00.412Z] E1202 12:31:00.412164   18675 watch.go:31] Failed to load config from "/Users/mac/clara-ai/clara-ai/dataconnect": could not find dataconnect.yaml in `/Users/mac/clara-ai/clara-ai/dataconnect`
 {"metadata":{"emulator":{"name":"dataconnect"},"message":"E1202 12:31:00.412164   18675 watch.go:31] Failed to load config from \"/Users/mac/clara-ai/clara-ai/dataconnect\": could not find dataconnect.yaml in `/Users/mac/clara-ai/clara-ai/dataconnect`\n"}}
[debug] [2025-12-02T11:31:10.413Z] E1202 12:31:10.413000   18675 watch.go:31] Failed to load config from "/Users/mac/clara-ai/clara-ai/dataconnect": could not find dataconnect.yaml in `/Users/mac/clara-ai/clara-ai/dataconnect`
 {"metadata":{"emulator":{"name":"dataconnect"},"message":"E1202 12:31:10.413000   18675 watch.go:31] Failed to load config from \"/Users/mac/clara-ai/clara-ai/dataconnect\": could not find dataconnect.yaml in `/Users/mac/clara-ai/clara-ai/dataconnect`\n"}}
[debug] [2025-12-02T11:31:20.412Z] E1202 12:31:20.412306   18675 watch.go:31] Failed to load config from "/Users/mac/clara-ai/clara-ai/dataconnect": could not find dataconnect.yaml in `/Users/mac/clara-ai/clara-ai/dataconnect`
 {"metadata":{"emulator":{"name":"dataconnect"},"message":"E1202 12:31:20.412306   18675 watch.go:31] Failed to load config from \"/Users/mac/clara-ai/clara-ai/dataconnect\": could not find dataconnect.yaml in `/Users/mac/clara-ai/clara-ai/dataconnect`\n"}}
[debug] [2025-12-02T11:31:30.414Z] E1202 12:31:30.414079   18675 watch.go:31] Failed to load config from "/Users/mac/clara-ai/clara-ai/dataconnect": could not find dataconnect.yaml in `/Users/mac/clara-ai/clara-ai/dataconnect`
 {"metadata":{"emulator":{"name":"dataconnect"},"message":"E1202 12:31:30.414079   18675 watch.go:31] Failed to load config from \"/Users/mac/clara-ai/clara-ai/dataconnect\": could not find dataconnect.yaml in `/Users/mac/clara-ai/clara-ai/dataconnect`\n"}}
[debug] [2025-12-02T11:31:40.413Z] E1202 12:31:40.413493   18675 watch.go:31] Failed to load config from "/Users/mac/clara-ai/clara-ai/dataconnect": could not find dataconnect.yaml in `/Users/mac/clara-ai/clara-ai/dataconnect`
 {"metadata":{"emulator":{"name":"dataconnect"},"message":"E1202 12:31:40.413493   18675 watch.go:31] Failed to load config from \"/Users/mac/clara-ai/clara-ai/dataconnect\": could not find dataconnect.yaml in `/Users/mac/clara-ai/clara-ai/dataconnect`\n"}}
[debug] [2025-12-02T11:31:50.413Z] E1202 12:31:50.413563   18675 watch.go:31] Failed to load config from "/Users/mac/clara-ai/clara-ai/dataconnect": could not find dataconnect.yaml in `/Users/mac/clara-ai/clara-ai/dataconnect`
 {"metadata":{"emulator":{"name":"dataconnect"},"message":"E1202 12:31:50.413563   18675 watch.go:31] Failed to load config from \"/Users/mac/clara-ai/clara-ai/dataconnect\": could not find dataconnect.yaml in `/Users/mac/clara-ai/clara-ai/dataconnect`\n"}}
[debug] [2025-12-02T11:31:50.414Z] E1202 12:31:50.413734   18675 watch.go:102] watchAllDir unable to walk dir `/Users/mac/clara-ai/clara-ai/dataconnect`: lstat /Users/mac/clara-ai/clara-ai/dataconnect: no such file or directory
 {"metadata":{"emulator":{"name":"dataconnect"},"message":"E1202 12:31:50.413734   18675 watch.go:102] watchAllDir unable to walk dir `/Users/mac/clara-ai/clara-ai/dataconnect`: lstat /Users/mac/clara-ai/clara-ai/dataconnect: no such file or directory\n"}}
[debug] [2025-12-02T11:32:00.414Z] E1202 12:32:00.414398   18675 watch.go:31] Failed to load config from "/Users/mac/clara-ai/clara-ai/dataconnect": could not find dataconnect.yaml in `/Users/mac/clara-ai/clara-ai/dataconnect`
 {"metadata":{"emulator":{"name":"dataconnect"},"message":"E1202 12:32:00.414398   18675 watch.go:31] Failed to load config from \"/Users/mac/clara-ai/clara-ai/dataconnect\": could not find dataconnect.yaml in `/Users/mac/clara-ai/clara-ai/dataconnect`\n"}}
[debug] [2025-12-02T11:32:10.416Z] E1202 12:32:10.416127   18675 watch.go:31] Failed to load config from "/Users/mac/clara-ai/clara-ai/dataconnect": could not find dataconnect.yaml in `/Users/mac/clara-ai/clara-ai/dataconnect`
 {"metadata":{"emulator":{"name":"dataconnect"},"message":"E1202 12:32:10.416127   18675 watch.go:31] Failed to load config from \"/Users/mac/clara-ai/clara-ai/dataconnect\": could not find dataconnect.yaml in `/Users/mac/clara-ai/clara-ai/dataconnect`\n"}}
[debug] [2025-12-02T11:32:20.418Z] E1202 12:32:20.416720   18675 watch.go:31] Failed to load config from "/Users/mac/clara-ai/clara-ai/dataconnect": could not find dataconnect.yaml in `/Users/mac/clara-ai/clara-ai/dataconnect`
 {"metadata":{"emulator":{"name":"dataconnect"},"message":"E1202 12:32:20.416720   18675 watch.go:31] Failed to load config from \"/Users/mac/clara-ai/clara-ai/dataconnect\": could not find dataconnect.yaml in `/Users/mac/clara-ai/clara-ai/dataconnect`\n"}}
[debug] [2025-12-02T11:32:30.419Z] E1202 12:32:30.417577   18675 watch.go:31] Failed to load config from "/Users/mac/clara-ai/clara-ai/dataconnect": could not find dataconnect.yaml in `/Users/mac/clara-ai/clara-ai/dataconnect`
 {"metadata":{"emulator":{"name":"dataconnect"},"message":"E1202 12:32:30.417577   18675 watch.go:31] Failed to load config from \"/Users/mac/clara-ai/clara-ai/dataconnect\": could not find dataconnect.yaml in `/Users/mac/clara-ai/clara-ai/dataconnect`\n"}}
[debug] [2025-12-02T11:32:40.421Z] E1202 12:32:40.421458   18675 watch.go:31] Failed to load config from "/Users/mac/clara-ai/clara-ai/dataconnect": could not find dataconnect.yaml in `/Users/mac/clara-ai/clara-ai/dataconnect`
 {"metadata":{"emulator":{"name":"dataconnect"},"message":"E1202 12:32:40.421458   18675 watch.go:31] Failed to load config from \"/Users/mac/clara-ai/clara-ai/dataconnect\": could not find dataconnect.yaml in `/Users/mac/clara-ai/clara-ai/dataconnect`\n"}}
[debug] [2025-12-02T11:32:50.413Z] E1202 12:32:50.413252   18675 watch.go:31] Failed to load config from "/Users/mac/clara-ai/clara-ai/dataconnect": could not find dataconnect.yaml in `/Users/mac/clara-ai/clara-ai/dataconnect`
 {"metadata":{"emulator":{"name":"dataconnect"},"message":"E1202 12:32:50.413252   18675 watch.go:31] Failed to load config from \"/Users/mac/clara-ai/clara-ai/dataconnect\": could not find dataconnect.yaml in `/Users/mac/clara-ai/clara-ai/dataconnect`\n"}}
[debug] [2025-12-02T11:33:00.414Z] E1202 12:33:00.413854   18675 watch.go:31] Failed to load config from "/Users/mac/clara-ai/clara-ai/dataconnect": could not find dataconnect.yaml in `/Users/mac/clara-ai/clara-ai/dataconnect`
 {"metadata":{"emulator":{"name":"dataconnect"},"message":"E1202 12:33:00.413854   18675 watch.go:31] Failed to load config from \"/Users/mac/clara-ai/clara-ai/dataconnect\": could not find dataconnect.yaml in `/Users/mac/clara-ai/clara-ai/dataconnect`\n"}}
[debug] [2025-12-02T11:33:10.544Z] E1202 12:33:10.543129   18675 watch.go:31] Failed to load config from "/Users/mac/clara-ai/clara-ai/dataconnect": could not find dataconnect.yaml in `/Users/mac/clara-ai/clara-ai/dataconnect`
 {"metadata":{"emulator":{"name":"dataconnect"},"message":"E1202 12:33:10.543129   18675 watch.go:31] Failed to load config from \"/Users/mac/clara-ai/clara-ai/dataconnect\": could not find dataconnect.yaml in `/Users/mac/clara-ai/clara-ai/dataconnect`\n"}}
[debug] [2025-12-02T11:33:20.543Z] E1202 12:33:20.542294   18675 watch.go:31] Failed to load config from "/Users/mac/clara-ai/clara-ai/dataconnect": could not find dataconnect.yaml in `/Users/mac/clara-ai/clara-ai/dataconnect`
 {"metadata":{"emulator":{"name":"dataconnect"},"message":"E1202 12:33:20.542294   18675 watch.go:31] Failed to load config from \"/Users/mac/clara-ai/clara-ai/dataconnect\": could not find dataconnect.yaml in `/Users/mac/clara-ai/clara-ai/dataconnect`\n"}}
[debug] [2025-12-02T11:33:30.542Z] E1202 12:33:30.542427   18675 watch.go:31] Failed to load config from "/Users/mac/clara-ai/clara-ai/dataconnect": could not find dataconnect.yaml in `/Users/mac/clara-ai/clara-ai/dataconnect`
 {"metadata":{"emulator":{"name":"dataconnect"},"message":"E1202 12:33:30.542427   18675 watch.go:31] Failed to load config from \"/Users/mac/clara-ai/clara-ai/dataconnect\": could not find dataconnect.yaml in `/Users/mac/clara-ai/clara-ai/dataconnect`\n"}}
[debug] [2025-12-02T11:33:40.543Z] E1202 12:33:40.542876   18675 watch.go:31] Failed to load config from "/Users/mac/clara-ai/clara-ai/dataconnect": could not find dataconnect.yaml in `/Users/mac/clara-ai/clara-ai/dataconnect`
 {"metadata":{"emulator":{"name":"dataconnect"},"message":"E1202 12:33:40.542876   18675 watch.go:31] Failed to load config from \"/Users/mac/clara-ai/clara-ai/dataconnect\": could not find dataconnect.yaml in `/Users/mac/clara-ai/clara-ai/dataconnect`\n"}}
[debug] [2025-12-02T11:33:50.543Z] E1202 12:33:50.543299   18675 watch.go:31] Failed to load config from "/Users/mac/clara-ai/clara-ai/dataconnect": could not find dataconnect.yaml in `/Users/mac/clara-ai/clara-ai/dataconnect`
E1202 12:33:50.543412   18675 watch.go:102] watchAllDir unable to walk dir `/Users/mac/clara-ai/clara-ai/dataconnect`: lstat /Users/mac/clara-ai/clara-ai/dataconnect: no such file or directory
 {"metadata":{"emulator":{"name":"dataconnect"},"message":"E1202 12:33:50.543299   18675 watch.go:31] Failed to load config from \"/Users/mac/clara-ai/clara-ai/dataconnect\": could not find dataconnect.yaml in `/Users/mac/clara-ai/clara-ai/dataconnect`\nE1202 12:33:50.543412   18675 watch.go:102] watchAllDir unable to walk dir `/Users/mac/clara-ai/clara-ai/dataconnect`: lstat /Users/mac/clara-ai/clara-ai/dataconnect: no such file or directory\n"}}
[debug] [2025-12-02T11:34:00.543Z] E1202 12:34:00.543487   18675 watch.go:31] Failed to load config from "/Users/mac/clara-ai/clara-ai/dataconnect": could not find dataconnect.yaml in `/Users/mac/clara-ai/clara-ai/dataconnect`
 {"metadata":{"emulator":{"name":"dataconnect"},"message":"E1202 12:34:00.543487   18675 watch.go:31] Failed to load config from \"/Users/mac/clara-ai/clara-ai/dataconnect\": could not find dataconnect.yaml in `/Users/mac/clara-ai/clara-ai/dataconnect`\n"}}
[debug] [2025-12-02T11:34:10.544Z] E1202 12:34:10.544024   18675 watch.go:31] Failed to load config from "/Users/mac/clara-ai/clara-ai/dataconnect": could not find dataconnect.yaml in `/Users/mac/clara-ai/clara-ai/dataconnect`
 {"metadata":{"emulator":{"name":"dataconnect"},"message":"E1202 12:34:10.544024   18675 watch.go:31] Failed to load config from \"/Users/mac/clara-ai/clara-ai/dataconnect\": could not find dataconnect.yaml in `/Users/mac/clara-ai/clara-ai/dataconnect`\n"}}
[debug] [2025-12-02T11:34:20.544Z] E1202 12:34:20.544054   18675 watch.go:31] Failed to load config from "/Users/mac/clara-ai/clara-ai/dataconnect": could not find dataconnect.yaml in `/Users/mac/clara-ai/clara-ai/dataconnect`
 {"metadata":{"emulator":{"name":"dataconnect"},"message":"E1202 12:34:20.544054   18675 watch.go:31] Failed to load config from \"/Users/mac/clara-ai/clara-ai/dataconnect\": could not find dataconnect.yaml in `/Users/mac/clara-ai/clara-ai/dataconnect`\n"}}
[debug] [2025-12-02T11:34:30.543Z] E1202 12:34:30.543478   18675 watch.go:31] Failed to load config from "/Users/mac/clara-ai/clara-ai/dataconnect": could not find dataconnect.yaml in `/Users/mac/clara-ai/clara-ai/dataconnect`
 {"metadata":{"emulator":{"name":"dataconnect"},"message":"E1202 12:34:30.543478   18675 watch.go:31] Failed to load config from \"/Users/mac/clara-ai/clara-ai/dataconnect\": could not find dataconnect.yaml in `/Users/mac/clara-ai/clara-ai/dataconnect`\n"}}
[debug] [2025-12-02T11:34:40.544Z] E1202 12:34:40.544384   18675 watch.go:31] Failed to load config from "/Users/mac/clara-ai/clara-ai/dataconnect": could not find dataconnect.yaml in `/Users/mac/clara-ai/clara-ai/dataconnect`
 {"metadata":{"emulator":{"name":"dataconnect"},"message":"E1202 12:34:40.544384   18675 watch.go:31] Failed to load config from \"/Users/mac/clara-ai/clara-ai/dataconnect\": could not find dataconnect.yaml in `/Users/mac/clara-ai/clara-ai/dataconnect`\n"}}
[debug] [2025-12-02T11:34:50.544Z] E1202 12:34:50.543851   18675 watch.go:31] Failed to load config from "/Users/mac/clara-ai/clara-ai/dataconnect": could not find dataconnect.yaml in `/Users/mac/clara-ai/clara-ai/dataconnect`
 {"metadata":{"emulator":{"name":"dataconnect"},"message":"E1202 12:34:50.543851   18675 watch.go:31] Failed to load config from \"/Users/mac/clara-ai/clara-ai/dataconnect\": could not find dataconnect.yaml in `/Users/mac/clara-ai/clara-ai/dataconnect`\n"}}
[debug] [2025-12-02T11:35:00.544Z] E1202 12:35:00.544125   18675 watch.go:31] Failed to load config from "/Users/mac/clara-ai/clara-ai/dataconnect": could not find dataconnect.yaml in `/Users/mac/clara-ai/clara-ai/dataconnect`
 {"metadata":{"emulator":{"name":"dataconnect"},"message":"E1202 12:35:00.544125   18675 watch.go:31] Failed to load config from \"/Users/mac/clara-ai/clara-ai/dataconnect\": could not find dataconnect.yaml in `/Users/mac/clara-ai/clara-ai/dataconnect`\n"}}
[debug] [2025-12-02T11:35:10.546Z] E1202 12:35:10.545669   18675 watch.go:31] Failed to load config from "/Users/mac/clara-ai/clara-ai/dataconnect": could not find dataconnect.yaml in `/Users/mac/clara-ai/clara-ai/dataconnect`
 {"metadata":{"emulator":{"name":"dataconnect"},"message":"E1202 12:35:10.545669   18675 watch.go:31] Failed to load config from \"/Users/mac/clara-ai/clara-ai/dataconnect\": could not find dataconnect.yaml in `/Users/mac/clara-ai/clara-ai/dataconnect`\n"}}
[debug] [2025-12-02T11:35:20.545Z] E1202 12:35:20.545318   18675 watch.go:31] Failed to load config from "/Users/mac/clara-ai/clara-ai/dataconnect": could not find dataconnect.yaml in `/Users/mac/clara-ai/clara-ai/dataconnect`
 {"metadata":{"emulator":{"name":"dataconnect"},"message":"E1202 12:35:20.545318   18675 watch.go:31] Failed to load config from \"/Users/mac/clara-ai/clara-ai/dataconnect\": could not find dataconnect.yaml in `/Users/mac/clara-ai/clara-ai/dataconnect`\n"}}
[debug] [2025-12-02T11:35:30.555Z] E1202 12:35:30.555118   18675 watch.go:31] Failed to load config from "/Users/mac/clara-ai/clara-ai/dataconnect": could not find dataconnect.yaml in `/Users/mac/clara-ai/clara-ai/dataconnect`
 {"metadata":{"emulator":{"name":"dataconnect"},"message":"E1202 12:35:30.555118   18675 watch.go:31] Failed to load config from \"/Users/mac/clara-ai/clara-ai/dataconnect\": could not find dataconnect.yaml in `/Users/mac/clara-ai/clara-ai/dataconnect`\n"}}
[debug] [2025-12-02T11:35:40.549Z] E1202 12:35:40.549142   18675 watch.go:31] Failed to load config from "/Users/mac/clara-ai/clara-ai/dataconnect": could not find dataconnect.yaml in `/Users/mac/clara-ai/clara-ai/dataconnect`
 {"metadata":{"emulator":{"name":"dataconnect"},"message":"E1202 12:35:40.549142   18675 watch.go:31] Failed to load config from \"/Users/mac/clara-ai/clara-ai/dataconnect\": could not find dataconnect.yaml in `/Users/mac/clara-ai/clara-ai/dataconnect`\n"}}
[debug] [2025-12-02T11:35:50.545Z] E1202 12:35:50.545023   18675 watch.go:31] Failed to load config from "/Users/mac/clara-ai/clara-ai/dataconnect": could not find dataconnect.yaml in `/Users/mac/clara-ai/clara-ai/dataconnect`
E1202 12:35:50.545065   18675 watch.go:102] watchAllDir unable to walk dir `/Users/mac/clara-ai/clara-ai/dataconnect`: lstat /Users/mac/clara-ai/clara-ai/dataconnect: no such file or directory
 {"metadata":{"emulator":{"name":"dataconnect"},"message":"E1202 12:35:50.545023   18675 watch.go:31] Failed to load config from \"/Users/mac/clara-ai/clara-ai/dataconnect\": could not find dataconnect.yaml in `/Users/mac/clara-ai/clara-ai/dataconnect`\nE1202 12:35:50.545065   18675 watch.go:102] watchAllDir unable to walk dir `/Users/mac/clara-ai/clara-ai/dataconnect`: lstat /Users/mac/clara-ai/clara-ai/dataconnect: no such file or directory\n"}}
[debug] [2025-12-02T11:36:00.546Z] E1202 12:36:00.546699   18675 watch.go:31] Failed to load config from "/Users/mac/clara-ai/clara-ai/dataconnect": could not find dataconnect.yaml in `/Users/mac/clara-ai/clara-ai/dataconnect`
 {"metadata":{"emulator":{"name":"dataconnect"},"message":"E1202 12:36:00.546699   18675 watch.go:31] Failed to load config from \"/Users/mac/clara-ai/clara-ai/dataconnect\": could not find dataconnect.yaml in `/Users/mac/clara-ai/clara-ai/dataconnect`\n"}}
[debug] [2025-12-02T11:36:10.548Z] E1202 12:36:10.548714   18675 watch.go:31] Failed to load config from "/Users/mac/clara-ai/clara-ai/dataconnect": could not find dataconnect.yaml in `/Users/mac/clara-ai/clara-ai/dataconnect`
 {"metadata":{"emulator":{"name":"dataconnect"},"message":"E1202 12:36:10.548714   18675 watch.go:31] Failed to load config from \"/Users/mac/clara-ai/clara-ai/dataconnect\": could not find dataconnect.yaml in `/Users/mac/clara-ai/clara-ai/dataconnect`\n"}}
[debug] [2025-12-02T11:36:20.549Z] E1202 12:36:20.548934   18675 watch.go:31] Failed to load config from "/Users/mac/clara-ai/clara-ai/dataconnect": could not find dataconnect.yaml in `/Users/mac/clara-ai/clara-ai/dataconnect`
 {"metadata":{"emulator":{"name":"dataconnect"},"message":"E1202 12:36:20.548934   18675 watch.go:31] Failed to load config from \"/Users/mac/clara-ai/clara-ai/dataconnect\": could not find dataconnect.yaml in `/Users/mac/clara-ai/clara-ai/dataconnect`\n"}}
[debug] [2025-12-02T11:36:30.549Z] E1202 12:36:30.548711   18675 watch.go:31] Failed to load config from "/Users/mac/clara-ai/clara-ai/dataconnect": could not find dataconnect.yaml in `/Users/mac/clara-ai/clara-ai/dataconnect`
 {"metadata":{"emulator":{"name":"dataconnect"},"message":"E1202 12:36:30.548711   18675 watch.go:31] Failed to load config from \"/Users/mac/clara-ai/clara-ai/dataconnect\": could not find dataconnect.yaml in `/Users/mac/clara-ai/clara-ai/dataconnect`\n"}}
[debug] [2025-12-02T11:36:40.572Z] E1202 12:36:40.562275   18675 watch.go:31] Failed to load config from "/Users/mac/clara-ai/clara-ai/dataconnect": could not find dataconnect.yaml in `/Users/mac/clara-ai/clara-ai/dataconnect`
 {"metadata":{"emulator":{"name":"dataconnect"},"message":"E1202 12:36:40.562275   18675 watch.go:31] Failed to load config from \"/Users/mac/clara-ai/clara-ai/dataconnect\": could not find dataconnect.yaml in `/Users/mac/clara-ai/clara-ai/dataconnect`\n"}}
[debug] [2025-12-02T11:36:50.546Z] E1202 12:36:50.546405   18675 watch.go:31] Failed to load config from "/Users/mac/clara-ai/clara-ai/dataconnect": could not find dataconnect.yaml in `/Users/mac/clara-ai/clara-ai/dataconnect`
 {"metadata":{"emulator":{"name":"dataconnect"},"message":"E1202 12:36:50.546405   18675 watch.go:31] Failed to load config from \"/Users/mac/clara-ai/clara-ai/dataconnect\": could not find dataconnect.yaml in `/Users/mac/clara-ai/clara-ai/dataconnect`\n"}}
[debug] [2025-12-02T11:37:00.555Z] E1202 12:37:00.555585   18675 watch.go:31] Failed to load config from "/Users/mac/clara-ai/clara-ai/dataconnect": could not find dataconnect.yaml in `/Users/mac/clara-ai/clara-ai/dataconnect`
 {"metadata":{"emulator":{"name":"dataconnect"},"message":"E1202 12:37:00.555585   18675 watch.go:31] Failed to load config from \"/Users/mac/clara-ai/clara-ai/dataconnect\": could not find dataconnect.yaml in `/Users/mac/clara-ai/clara-ai/dataconnect`\n"}}
[debug] [2025-12-02T11:37:10.547Z] E1202 12:37:10.546575   18675 watch.go:31] Failed to load config from "/Users/mac/clara-ai/clara-ai/dataconnect": could not find dataconnect.yaml in `/Users/mac/clara-ai/clara-ai/dataconnect`
 {"metadata":{"emulator":{"name":"dataconnect"},"message":"E1202 12:37:10.546575   18675 watch.go:31] Failed to load config from \"/Users/mac/clara-ai/clara-ai/dataconnect\": could not find dataconnect.yaml in `/Users/mac/clara-ai/clara-ai/dataconnect`\n"}}
[debug] [2025-12-02T11:37:20.547Z] E1202 12:37:20.547240   18675 watch.go:31] Failed to load config from "/Users/mac/clara-ai/clara-ai/dataconnect": could not find dataconnect.yaml in `/Users/mac/clara-ai/clara-ai/dataconnect`
 {"metadata":{"emulator":{"name":"dataconnect"},"message":"E1202 12:37:20.547240   18675 watch.go:31] Failed to load config from \"/Users/mac/clara-ai/clara-ai/dataconnect\": could not find dataconnect.yaml in `/Users/mac/clara-ai/clara-ai/dataconnect`\n"}}
[debug] [2025-12-02T11:37:30.547Z] E1202 12:37:30.547009   18675 watch.go:31] Failed to load config from "/Users/mac/clara-ai/clara-ai/dataconnect": could not find dataconnect.yaml in `/Users/mac/clara-ai/clara-ai/dataconnect`
 {"metadata":{"emulator":{"name":"dataconnect"},"message":"E1202 12:37:30.547009   18675 watch.go:31] Failed to load config from \"/Users/mac/clara-ai/clara-ai/dataconnect\": could not find dataconnect.yaml in `/Users/mac/clara-ai/clara-ai/dataconnect`\n"}}
[debug] [2025-12-02T11:37:40.548Z] E1202 12:37:40.547926   18675 watch.go:31] Failed to load config from "/Users/mac/clara-ai/clara-ai/dataconnect": could not find dataconnect.yaml in `/Users/mac/clara-ai/clara-ai/dataconnect`
 {"metadata":{"emulator":{"name":"dataconnect"},"message":"E1202 12:37:40.547926   18675 watch.go:31] Failed to load config from \"/Users/mac/clara-ai/clara-ai/dataconnect\": could not find dataconnect.yaml in `/Users/mac/clara-ai/clara-ai/dataconnect`\n"}}
[debug] [2025-12-02T11:37:50.547Z] E1202 12:37:50.547354   18675 watch.go:31] Failed to load config from "/Users/mac/clara-ai/clara-ai/dataconnect": could not find dataconnect.yaml in `/Users/mac/clara-ai/clara-ai/dataconnect`
E1202 12:37:50.547477   18675 watch.go:102] watchAllDir unable to walk dir `/Users/mac/clara-ai/clara-ai/dataconnect`: lstat /Users/mac/clara-ai/clara-ai/dataconnect: no such file or directory
 {"metadata":{"emulator":{"name":"dataconnect"},"message":"E1202 12:37:50.547354   18675 watch.go:31] Failed to load config from \"/Users/mac/clara-ai/clara-ai/dataconnect\": could not find dataconnect.yaml in `/Users/mac/clara-ai/clara-ai/dataconnect`\nE1202 12:37:50.547477   18675 watch.go:102] watchAllDir unable to walk dir `/Users/mac/clara-ai/clara-ai/dataconnect`: lstat /Users/mac/clara-ai/clara-ai/dataconnect: no such file or directory\n"}}
[debug] [2025-12-02T11:38:00.549Z] E1202 12:38:00.549087   18675 watch.go:31] Failed to load config from "/Users/mac/clara-ai/clara-ai/dataconnect": could not find dataconnect.yaml in `/Users/mac/clara-ai/clara-ai/dataconnect`
 {"metadata":{"emulator":{"name":"dataconnect"},"message":"E1202 12:38:00.549087   18675 watch.go:31] Failed to load config from \"/Users/mac/clara-ai/clara-ai/dataconnect\": could not find dataconnect.yaml in `/Users/mac/clara-ai/clara-ai/dataconnect`\n"}}
[debug] [2025-12-02T11:38:10.548Z] E1202 12:38:10.547864   18675 watch.go:31] Failed to load config from "/Users/mac/clara-ai/clara-ai/dataconnect": could not find dataconnect.yaml in `/Users/mac/clara-ai/clara-ai/dataconnect`
 {"metadata":{"emulator":{"name":"dataconnect"},"message":"E1202 12:38:10.547864   18675 watch.go:31] Failed to load config from \"/Users/mac/clara-ai/clara-ai/dataconnect\": could not find dataconnect.yaml in `/Users/mac/clara-ai/clara-ai/dataconnect`\n"}}
[debug] [2025-12-02T11:38:20.551Z] E1202 12:38:20.550478   18675 watch.go:31] Failed to load config from "/Users/mac/clara-ai/clara-ai/dataconnect": could not find dataconnect.yaml in `/Users/mac/clara-ai/clara-ai/dataconnect`
 {"metadata":{"emulator":{"name":"dataconnect"},"message":"E1202 12:38:20.550478   18675 watch.go:31] Failed to load config from \"/Users/mac/clara-ai/clara-ai/dataconnect\": could not find dataconnect.yaml in `/Users/mac/clara-ai/clara-ai/dataconnect`\n"}}
[debug] [2025-12-02T11:38:30.565Z] E1202 12:38:30.565069   18675 watch.go:31] Failed to load config from "/Users/mac/clara-ai/clara-ai/dataconnect": could not find dataconnect.yaml in `/Users/mac/clara-ai/clara-ai/dataconnect`
 {"metadata":{"emulator":{"name":"dataconnect"},"message":"E1202 12:38:30.565069   18675 watch.go:31] Failed to load config from \"/Users/mac/clara-ai/clara-ai/dataconnect\": could not find dataconnect.yaml in `/Users/mac/clara-ai/clara-ai/dataconnect`\n"}}
[debug] [2025-12-02T11:38:40.550Z] E1202 12:38:40.549949   18675 watch.go:31] Failed to load config from "/Users/mac/clara-ai/clara-ai/dataconnect": could not find dataconnect.yaml in `/Users/mac/clara-ai/clara-ai/dataconnect`
 {"metadata":{"emulator":{"name":"dataconnect"},"message":"E1202 12:38:40.549949   18675 watch.go:31] Failed to load config from \"/Users/mac/clara-ai/clara-ai/dataconnect\": could not find dataconnect.yaml in `/Users/mac/clara-ai/clara-ai/dataconnect`\n"}}
[debug] [2025-12-02T11:38:50.548Z] E1202 12:38:50.548698   18675 watch.go:31] Failed to load config from "/Users/mac/clara-ai/clara-ai/dataconnect": could not find dataconnect.yaml in `/Users/mac/clara-ai/clara-ai/dataconnect`
 {"metadata":{"emulator":{"name":"dataconnect"},"message":"E1202 12:38:50.548698   18675 watch.go:31] Failed to load config from \"/Users/mac/clara-ai/clara-ai/dataconnect\": could not find dataconnect.yaml in `/Users/mac/clara-ai/clara-ai/dataconnect`\n"}}
[debug] [2025-12-02T11:39:00.555Z] E1202 12:39:00.554061   18675 watch.go:31] Failed to load config from "/Users/mac/clara-ai/clara-ai/dataconnect": could not find dataconnect.yaml in `/Users/mac/clara-ai/clara-ai/dataconnect`
 {"metadata":{"emulator":{"name":"dataconnect"},"message":"E1202 12:39:00.554061   18675 watch.go:31] Failed to load config from \"/Users/mac/clara-ai/clara-ai/dataconnect\": could not find dataconnect.yaml in `/Users/mac/clara-ai/clara-ai/dataconnect`\n"}}
[debug] [2025-12-02T11:39:10.549Z] E1202 12:39:10.549244   18675 watch.go:31] Failed to load config from "/Users/mac/clara-ai/clara-ai/dataconnect": could not find dataconnect.yaml in `/Users/mac/clara-ai/clara-ai/dataconnect`
 {"metadata":{"emulator":{"name":"dataconnect"},"message":"E1202 12:39:10.549244   18675 watch.go:31] Failed to load config from \"/Users/mac/clara-ai/clara-ai/dataconnect\": could not find dataconnect.yaml in `/Users/mac/clara-ai/clara-ai/dataconnect`\n"}}
[debug] [2025-12-02T11:39:20.549Z] E1202 12:39:20.549331   18675 watch.go:31] Failed to load config from "/Users/mac/clara-ai/clara-ai/dataconnect": could not find dataconnect.yaml in `/Users/mac/clara-ai/clara-ai/dataconnect`
 {"metadata":{"emulator":{"name":"dataconnect"},"message":"E1202 12:39:20.549331   18675 watch.go:31] Failed to load config from \"/Users/mac/clara-ai/clara-ai/dataconnect\": could not find dataconnect.yaml in `/Users/mac/clara-ai/clara-ai/dataconnect`\n"}}
[debug] [2025-12-02T11:39:30.549Z] E1202 12:39:30.549210   18675 watch.go:31] Failed to load config from "/Users/mac/clara-ai/clara-ai/dataconnect": could not find dataconnect.yaml in `/Users/mac/clara-ai/clara-ai/dataconnect`
 {"metadata":{"emulator":{"name":"dataconnect"},"message":"E1202 12:39:30.549210   18675 watch.go:31] Failed to load config from \"/Users/mac/clara-ai/clara-ai/dataconnect\": could not find dataconnect.yaml in `/Users/mac/clara-ai/clara-ai/dataconnect`\n"}}
[debug] [2025-12-02T11:39:40.555Z] E1202 12:39:40.555209   18675 watch.go:31] Failed to load config from "/Users/mac/clara-ai/clara-ai/dataconnect": could not find dataconnect.yaml in `/Users/mac/clara-ai/clara-ai/dataconnect`
 {"metadata":{"emulator":{"name":"dataconnect"},"message":"E1202 12:39:40.555209   18675 watch.go:31] Failed to load config from \"/Users/mac/clara-ai/clara-ai/dataconnect\": could not find dataconnect.yaml in `/Users/mac/clara-ai/clara-ai/dataconnect`\n"}}
[debug] [2025-12-02T11:39:50.554Z] E1202 12:39:50.552875   18675 watch.go:31] Failed to load config from "/Users/mac/clara-ai/clara-ai/dataconnect": could not find dataconnect.yaml in `/Users/mac/clara-ai/clara-ai/dataconnect`
E1202 12:39:50.552935   18675 watch.go:102] watchAllDir unable to walk dir `/Users/mac/clara-ai/clara-ai/dataconnect`: lstat /Users/mac/clara-ai/clara-ai/dataconnect: no such file or directory
 {"metadata":{"emulator":{"name":"dataconnect"},"message":"E1202 12:39:50.552875   18675 watch.go:31] Failed to load config from \"/Users/mac/clara-ai/clara-ai/dataconnect\": could not find dataconnect.yaml in `/Users/mac/clara-ai/clara-ai/dataconnect`\nE1202 12:39:50.552935   18675 watch.go:102] watchAllDir unable to walk dir `/Users/mac/clara-ai/clara-ai/dataconnect`: lstat /Users/mac/clara-ai/clara-ai/dataconnect: no such file or directory\n"}}
[debug] [2025-12-02T11:40:00.551Z] E1202 12:40:00.551230   18675 watch.go:31] Failed to load config from "/Users/mac/clara-ai/clara-ai/dataconnect": could not find dataconnect.yaml in `/Users/mac/clara-ai/clara-ai/dataconnect`
 {"metadata":{"emulator":{"name":"dataconnect"},"message":"E1202 12:40:00.551230   18675 watch.go:31] Failed to load config from \"/Users/mac/clara-ai/clara-ai/dataconnect\": could not find dataconnect.yaml in `/Users/mac/clara-ai/clara-ai/dataconnect`\n"}}
[debug] [2025-12-02T11:40:10.551Z] E1202 12:40:10.550970   18675 watch.go:31] Failed to load config from "/Users/mac/clara-ai/clara-ai/dataconnect": could not find dataconnect.yaml in `/Users/mac/clara-ai/clara-ai/dataconnect`
 {"metadata":{"emulator":{"name":"dataconnect"},"message":"E1202 12:40:10.550970   18675 watch.go:31] Failed to load config from \"/Users/mac/clara-ai/clara-ai/dataconnect\": could not find dataconnect.yaml in `/Users/mac/clara-ai/clara-ai/dataconnect`\n"}}
[debug] [2025-12-02T11:40:20.551Z] E1202 12:40:20.551152   18675 watch.go:31] Failed to load config from "/Users/mac/clara-ai/clara-ai/dataconnect": could not find dataconnect.yaml in `/Users/mac/clara-ai/clara-ai/dataconnect`
 {"metadata":{"emulator":{"name":"dataconnect"},"message":"E1202 12:40:20.551152   18675 watch.go:31] Failed to load config from \"/Users/mac/clara-ai/clara-ai/dataconnect\": could not find dataconnect.yaml in `/Users/mac/clara-ai/clara-ai/dataconnect`\n"}}
[debug] [2025-12-02T11:40:30.552Z] E1202 12:40:30.552104   18675 watch.go:31] Failed to load config from "/Users/mac/clara-ai/clara-ai/dataconnect": could not find dataconnect.yaml in `/Users/mac/clara-ai/clara-ai/dataconnect`
 {"metadata":{"emulator":{"name":"dataconnect"},"message":"E1202 12:40:30.552104   18675 watch.go:31] Failed to load config from \"/Users/mac/clara-ai/clara-ai/dataconnect\": could not find dataconnect.yaml in `/Users/mac/clara-ai/clara-ai/dataconnect`\n"}}
[debug] [2025-12-02T11:40:40.569Z] E1202 12:40:40.566065   18675 watch.go:31] Failed to load config from "/Users/mac/clara-ai/clara-ai/dataconnect": could not find dataconnect.yaml in `/Users/mac/clara-ai/clara-ai/dataconnect`
 {"metadata":{"emulator":{"name":"dataconnect"},"message":"E1202 12:40:40.566065   18675 watch.go:31] Failed to load config from \"/Users/mac/clara-ai/clara-ai/dataconnect\": could not find dataconnect.yaml in `/Users/mac/clara-ai/clara-ai/dataconnect`\n"}}
[debug] [2025-12-02T11:40:50.554Z] E1202 12:40:50.554233   18675 watch.go:31] Failed to load config from "/Users/mac/clara-ai/clara-ai/dataconnect": could not find dataconnect.yaml in `/Users/mac/clara-ai/clara-ai/dataconnect`
 {"metadata":{"emulator":{"name":"dataconnect"},"message":"E1202 12:40:50.554233   18675 watch.go:31] Failed to load config from \"/Users/mac/clara-ai/clara-ai/dataconnect\": could not find dataconnect.yaml in `/Users/mac/clara-ai/clara-ai/dataconnect`\n"}}
[debug] [2025-12-02T11:41:00.551Z] E1202 12:41:00.551131   18675 watch.go:31] Failed to load config from "/Users/mac/clara-ai/clara-ai/dataconnect": could not find dataconnect.yaml in `/Users/mac/clara-ai/clara-ai/dataconnect`
 {"metadata":{"emulator":{"name":"dataconnect"},"message":"E1202 12:41:00.551131   18675 watch.go:31] Failed to load config from \"/Users/mac/clara-ai/clara-ai/dataconnect\": could not find dataconnect.yaml in `/Users/mac/clara-ai/clara-ai/dataconnect`\n"}}
[debug] [2025-12-02T11:41:11.069Z] E1202 12:41:11.068530   18675 watch.go:31] Failed to load config from "/Users/mac/clara-ai/clara-ai/dataconnect": could not find dataconnect.yaml in `/Users/mac/clara-ai/clara-ai/dataconnect`
 {"metadata":{"emulator":{"name":"dataconnect"},"message":"E1202 12:41:11.068530   18675 watch.go:31] Failed to load config from \"/Users/mac/clara-ai/clara-ai/dataconnect\": could not find dataconnect.yaml in `/Users/mac/clara-ai/clara-ai/dataconnect`\n"}}
[debug] [2025-12-02T11:41:20.551Z] E1202 12:41:20.551531   18675 watch.go:31] Failed to load config from "/Users/mac/clara-ai/clara-ai/dataconnect": could not find dataconnect.yaml in `/Users/mac/clara-ai/clara-ai/dataconnect`
 {"metadata":{"emulator":{"name":"dataconnect"},"message":"E1202 12:41:20.551531   18675 watch.go:31] Failed to load config from \"/Users/mac/clara-ai/clara-ai/dataconnect\": could not find dataconnect.yaml in `/Users/mac/clara-ai/clara-ai/dataconnect`\n"}}
[debug] [2025-12-02T11:41:30.553Z] E1202 12:41:30.553104   18675 watch.go:31] Failed to load config from "/Users/mac/clara-ai/clara-ai/dataconnect": could not find dataconnect.yaml in `/Users/mac/clara-ai/clara-ai/dataconnect`
 {"metadata":{"emulator":{"name":"dataconnect"},"message":"E1202 12:41:30.553104   18675 watch.go:31] Failed to load config from \"/Users/mac/clara-ai/clara-ai/dataconnect\": could not find dataconnect.yaml in `/Users/mac/clara-ai/clara-ai/dataconnect`\n"}}
[debug] [2025-12-02T11:42:25.196Z] E1202 12:42:24.923888   18675 watch.go:31] Failed to load config from "/Users/mac/clara-ai/clara-ai/dataconnect": could not find dataconnect.yaml in `/Users/mac/clara-ai/clara-ai/dataconnect`
E1202 12:42:24.924220   18675 watch.go:31] Failed to load config from "/Users/mac/clara-ai/clara-ai/dataconnect": could not find dataconnect.yaml in `/Users/mac/clara-ai/clara-ai/dataconnect`
E1202 12:42:24.924266   18675 watch.go:102] watchAllDir unable to walk dir `/Users/mac/clara-ai/clara-ai/dataconnect`: lstat /Users/mac/clara-ai/clara-ai/dataconnect: no such file or directory
 {"metadata":{"emulator":{"name":"dataconnect"},"message":"E1202 12:42:24.923888   18675 watch.go:31] Failed to load config from \"/Users/mac/clara-ai/clara-ai/dataconnect\": could not find dataconnect.yaml in `/Users/mac/clara-ai/clara-ai/dataconnect`\nE1202 12:42:24.924220   18675 watch.go:31] Failed to load config from \"/Users/mac/clara-ai/clara-ai/dataconnect\": could not find dataconnect.yaml in `/Users/mac/clara-ai/clara-ai/dataconnect`\nE1202 12:42:24.924266   18675 watch.go:102] watchAllDir unable to walk dir `/Users/mac/clara-ai/clara-ai/dataconnect`: lstat /Users/mac/clara-ai/clara-ai/dataconnect: no such file or directory\n"}}
[debug] [2025-12-02T11:42:30.585Z] E1202 12:42:30.582608   18675 watch.go:31] Failed to load config from "/Users/mac/clara-ai/clara-ai/dataconnect": could not find dataconnect.yaml in `/Users/mac/clara-ai/clara-ai/dataconnect`
 {"metadata":{"emulator":{"name":"dataconnect"},"message":"E1202 12:42:30.582608   18675 watch.go:31] Failed to load config from \"/Users/mac/clara-ai/clara-ai/dataconnect\": could not find dataconnect.yaml in `/Users/mac/clara-ai/clara-ai/dataconnect`\n"}}
[debug] [2025-12-02T11:42:40.598Z] E1202 12:42:40.581555   18675 watch.go:31] Failed to load config from "/Users/mac/clara-ai/clara-ai/dataconnect": could not find dataconnect.yaml in `/Users/mac/clara-ai/clara-ai/dataconnect`
 {"metadata":{"emulator":{"name":"dataconnect"},"message":"E1202 12:42:40.581555   18675 watch.go:31] Failed to load config from \"/Users/mac/clara-ai/clara-ai/dataconnect\": could not find dataconnect.yaml in `/Users/mac/clara-ai/clara-ai/dataconnect`\n"}}
[debug] [2025-12-02T11:42:50.592Z] E1202 12:42:50.587465   18675 watch.go:31] Failed to load config from "/Users/mac/clara-ai/clara-ai/dataconnect": could not find dataconnect.yaml in `/Users/mac/clara-ai/clara-ai/dataconnect`
 {"metadata":{"emulator":{"name":"dataconnect"},"message":"E1202 12:42:50.587465   18675 watch.go:31] Failed to load config from \"/Users/mac/clara-ai/clara-ai/dataconnect\": could not find dataconnect.yaml in `/Users/mac/clara-ai/clara-ai/dataconnect`\n"}}
[debug] [2025-12-02T11:43:00.653Z] E1202 12:43:00.653154   18675 watch.go:31] Failed to load config from "/Users/mac/clara-ai/clara-ai/dataconnect": could not find dataconnect.yaml in `/Users/mac/clara-ai/clara-ai/dataconnect`
 {"metadata":{"emulator":{"name":"dataconnect"},"message":"E1202 12:43:00.653154   18675 watch.go:31] Failed to load config from \"/Users/mac/clara-ai/clara-ai/dataconnect\": could not find dataconnect.yaml in `/Users/mac/clara-ai/clara-ai/dataconnect`\n"}}
[debug] [2025-12-02T11:43:10.612Z] E1202 12:43:10.591684   18675 watch.go:31] Failed to load config from "/Users/mac/clara-ai/clara-ai/dataconnect": could not find dataconnect.yaml in `/Users/mac/clara-ai/clara-ai/dataconnect`
 {"metadata":{"emulator":{"name":"dataconnect"},"message":"E1202 12:43:10.591684   18675 watch.go:31] Failed to load config from \"/Users/mac/clara-ai/clara-ai/dataconnect\": could not find dataconnect.yaml in `/Users/mac/clara-ai/clara-ai/dataconnect`\n"}}
[debug] [2025-12-02T11:43:20.558Z] E1202 12:43:20.557085   18675 watch.go:31] Failed to load config from "/Users/mac/clara-ai/clara-ai/dataconnect": could not find dataconnect.yaml in `/Users/mac/clara-ai/clara-ai/dataconnect`
 {"metadata":{"emulator":{"name":"dataconnect"},"message":"E1202 12:43:20.557085   18675 watch.go:31] Failed to load config from \"/Users/mac/clara-ai/clara-ai/dataconnect\": could not find dataconnect.yaml in `/Users/mac/clara-ai/clara-ai/dataconnect`\n"}}
[debug] [2025-12-02T11:43:30.556Z] E1202 12:43:30.556297   18675 watch.go:31] Failed to load config from "/Users/mac/clara-ai/clara-ai/dataconnect": could not find dataconnect.yaml in `/Users/mac/clara-ai/clara-ai/dataconnect`
 {"metadata":{"emulator":{"name":"dataconnect"},"message":"E1202 12:43:30.556297   18675 watch.go:31] Failed to load config from \"/Users/mac/clara-ai/clara-ai/dataconnect\": could not find dataconnect.yaml in `/Users/mac/clara-ai/clara-ai/dataconnect`\n"}}
[debug] [2025-12-02T11:43:40.557Z] E1202 12:43:40.557179   18675 watch.go:31] Failed to load config from "/Users/mac/clara-ai/clara-ai/dataconnect": could not find dataconnect.yaml in `/Users/mac/clara-ai/clara-ai/dataconnect`
 {"metadata":{"emulator":{"name":"dataconnect"},"message":"E1202 12:43:40.557179   18675 watch.go:31] Failed to load config from \"/Users/mac/clara-ai/clara-ai/dataconnect\": could not find dataconnect.yaml in `/Users/mac/clara-ai/clara-ai/dataconnect`\n"}}
[debug] [2025-12-02T11:43:50.554Z] E1202 12:43:50.554672   18675 watch.go:31] Failed to load config from "/Users/mac/clara-ai/clara-ai/dataconnect": could not find dataconnect.yaml in `/Users/mac/clara-ai/clara-ai/dataconnect`
 {"metadata":{"emulator":{"name":"dataconnect"},"message":"E1202 12:43:50.554672   18675 watch.go:31] Failed to load config from \"/Users/mac/clara-ai/clara-ai/dataconnect\": could not find dataconnect.yaml in `/Users/mac/clara-ai/clara-ai/dataconnect`\n"}}
[debug] [2025-12-02T11:43:50.556Z] E1202 12:43:50.554733   18675 watch.go:102] watchAllDir unable to walk dir `/Users/mac/clara-ai/clara-ai/dataconnect`: lstat /Users/mac/clara-ai/clara-ai/dataconnect: no such file or directory
 {"metadata":{"emulator":{"name":"dataconnect"},"message":"E1202 12:43:50.554733   18675 watch.go:102] watchAllDir unable to walk dir `/Users/mac/clara-ai/clara-ai/dataconnect`: lstat /Users/mac/clara-ai/clara-ai/dataconnect: no such file or directory\n"}}
[debug] [2025-12-02T11:44:00.664Z] E1202 12:44:00.617083   18675 watch.go:31] Failed to load config from "/Users/mac/clara-ai/clara-ai/dataconnect": could not find dataconnect.yaml in `/Users/mac/clara-ai/clara-ai/dataconnect`
 {"metadata":{"emulator":{"name":"dataconnect"},"message":"E1202 12:44:00.617083   18675 watch.go:31] Failed to load config from \"/Users/mac/clara-ai/clara-ai/dataconnect\": could not find dataconnect.yaml in `/Users/mac/clara-ai/clara-ai/dataconnect`\n"}}
[debug] [2025-12-02T11:44:10.557Z] E1202 12:44:10.556716   18675 watch.go:31] Failed to load config from "/Users/mac/clara-ai/clara-ai/dataconnect": could not find dataconnect.yaml in `/Users/mac/clara-ai/clara-ai/dataconnect`
 {"metadata":{"emulator":{"name":"dataconnect"},"message":"E1202 12:44:10.556716   18675 watch.go:31] Failed to load config from \"/Users/mac/clara-ai/clara-ai/dataconnect\": could not find dataconnect.yaml in `/Users/mac/clara-ai/clara-ai/dataconnect`\n"}}
[debug] [2025-12-02T11:44:20.559Z] E1202 12:44:20.558898   18675 watch.go:31] Failed to load config from "/Users/mac/clara-ai/clara-ai/dataconnect": could not find dataconnect.yaml in `/Users/mac/clara-ai/clara-ai/dataconnect`
 {"metadata":{"emulator":{"name":"dataconnect"},"message":"E1202 12:44:20.558898   18675 watch.go:31] Failed to load config from \"/Users/mac/clara-ai/clara-ai/dataconnect\": could not find dataconnect.yaml in `/Users/mac/clara-ai/clara-ai/dataconnect`\n"}}
[debug] [2025-12-02T11:44:30.558Z] E1202 12:44:30.558654   18675 watch.go:31] Failed to load config from "/Users/mac/clara-ai/clara-ai/dataconnect": could not find dataconnect.yaml in `/Users/mac/clara-ai/clara-ai/dataconnect`
 {"metadata":{"emulator":{"name":"dataconnect"},"message":"E1202 12:44:30.558654   18675 watch.go:31] Failed to load config from \"/Users/mac/clara-ai/clara-ai/dataconnect\": could not find dataconnect.yaml in `/Users/mac/clara-ai/clara-ai/dataconnect`\n"}}
[debug] [2025-12-02T11:44:40.558Z] E1202 12:44:40.558411   18675 watch.go:31] Failed to load config from "/Users/mac/clara-ai/clara-ai/dataconnect": could not find dataconnect.yaml in `/Users/mac/clara-ai/clara-ai/dataconnect`
 {"metadata":{"emulator":{"name":"dataconnect"},"message":"E1202 12:44:40.558411   18675 watch.go:31] Failed to load config from \"/Users/mac/clara-ai/clara-ai/dataconnect\": could not find dataconnect.yaml in `/Users/mac/clara-ai/clara-ai/dataconnect`\n"}}
[debug] [2025-12-02T11:44:50.559Z] E1202 12:44:50.558821   18675 watch.go:31] Failed to load config from "/Users/mac/clara-ai/clara-ai/dataconnect": could not find dataconnect.yaml in `/Users/mac/clara-ai/clara-ai/dataconnect`
 {"metadata":{"emulator":{"name":"dataconnect"},"message":"E1202 12:44:50.558821   18675 watch.go:31] Failed to load config from \"/Users/mac/clara-ai/clara-ai/dataconnect\": could not find dataconnect.yaml in `/Users/mac/clara-ai/clara-ai/dataconnect`\n"}}
[debug] [2025-12-02T11:45:00.559Z] E1202 12:45:00.558503   18675 watch.go:31] Failed to load config from "/Users/mac/clara-ai/clara-ai/dataconnect": could not find dataconnect.yaml in `/Users/mac/clara-ai/clara-ai/dataconnect`
 {"metadata":{"emulator":{"name":"dataconnect"},"message":"E1202 12:45:00.558503   18675 watch.go:31] Failed to load config from \"/Users/mac/clara-ai/clara-ai/dataconnect\": could not find dataconnect.yaml in `/Users/mac/clara-ai/clara-ai/dataconnect`\n"}}
[debug] [2025-12-02T11:45:10.562Z] E1202 12:45:10.562285   18675 watch.go:31] Failed to load config from "/Users/mac/clara-ai/clara-ai/dataconnect": could not find dataconnect.yaml in `/Users/mac/clara-ai/clara-ai/dataconnect`
 {"metadata":{"emulator":{"name":"dataconnect"},"message":"E1202 12:45:10.562285   18675 watch.go:31] Failed to load config from \"/Users/mac/clara-ai/clara-ai/dataconnect\": could not find dataconnect.yaml in `/Users/mac/clara-ai/clara-ai/dataconnect`\n"}}
[debug] [2025-12-02T11:45:20.556Z] E1202 12:45:20.556048   18675 watch.go:31] Failed to load config from "/Users/mac/clara-ai/clara-ai/dataconnect": could not find dataconnect.yaml in `/Users/mac/clara-ai/clara-ai/dataconnect`
 {"metadata":{"emulator":{"name":"dataconnect"},"message":"E1202 12:45:20.556048   18675 watch.go:31] Failed to load config from \"/Users/mac/clara-ai/clara-ai/dataconnect\": could not find dataconnect.yaml in `/Users/mac/clara-ai/clara-ai/dataconnect`\n"}}
[debug] [2025-12-02T11:45:30.557Z] E1202 12:45:30.557260   18675 watch.go:31] Failed to load config from "/Users/mac/clara-ai/clara-ai/dataconnect": could not find dataconnect.yaml in `/Users/mac/clara-ai/clara-ai/dataconnect`
 {"metadata":{"emulator":{"name":"dataconnect"},"message":"E1202 12:45:30.557260   18675 watch.go:31] Failed to load config from \"/Users/mac/clara-ai/clara-ai/dataconnect\": could not find dataconnect.yaml in `/Users/mac/clara-ai/clara-ai/dataconnect`\n"}}
[debug] [2025-12-02T11:45:40.635Z] E1202 12:45:40.632828   18675 watch.go:31] Failed to load config from "/Users/mac/clara-ai/clara-ai/dataconnect": could not find dataconnect.yaml in `/Users/mac/clara-ai/clara-ai/dataconnect`
 {"metadata":{"emulator":{"name":"dataconnect"},"message":"E1202 12:45:40.632828   18675 watch.go:31] Failed to load config from \"/Users/mac/clara-ai/clara-ai/dataconnect\": could not find dataconnect.yaml in `/Users/mac/clara-ai/clara-ai/dataconnect`\n"}}
[debug] [2025-12-02T11:45:50.557Z] E1202 12:45:50.556970   18675 watch.go:31] Failed to load config from "/Users/mac/clara-ai/clara-ai/dataconnect": could not find dataconnect.yaml in `/Users/mac/clara-ai/clara-ai/dataconnect`
 {"metadata":{"emulator":{"name":"dataconnect"},"message":"E1202 12:45:50.556970   18675 watch.go:31] Failed to load config from \"/Users/mac/clara-ai/clara-ai/dataconnect\": could not find dataconnect.yaml in `/Users/mac/clara-ai/clara-ai/dataconnect`\n"}}
[debug] [2025-12-02T11:45:50.558Z] E1202 12:45:50.557194   18675 watch.go:102] watchAllDir unable to walk dir `/Users/mac/clara-ai/clara-ai/dataconnect`: lstat /Users/mac/clara-ai/clara-ai/dataconnect: no such file or directory
 {"metadata":{"emulator":{"name":"dataconnect"},"message":"E1202 12:45:50.557194   18675 watch.go:102] watchAllDir unable to walk dir `/Users/mac/clara-ai/clara-ai/dataconnect`: lstat /Users/mac/clara-ai/clara-ai/dataconnect: no such file or directory\n"}}
[debug] [2025-12-02T11:46:00.557Z] E1202 12:46:00.557303   18675 watch.go:31] Failed to load config from "/Users/mac/clara-ai/clara-ai/dataconnect": could not find dataconnect.yaml in `/Users/mac/clara-ai/clara-ai/dataconnect`
 {"metadata":{"emulator":{"name":"dataconnect"},"message":"E1202 12:46:00.557303   18675 watch.go:31] Failed to load config from \"/Users/mac/clara-ai/clara-ai/dataconnect\": could not find dataconnect.yaml in `/Users/mac/clara-ai/clara-ai/dataconnect`\n"}}
[debug] [2025-12-02T11:46:10.558Z] E1202 12:46:10.557643   18675 watch.go:31] Failed to load config from "/Users/mac/clara-ai/clara-ai/dataconnect": could not find dataconnect.yaml in `/Users/mac/clara-ai/clara-ai/dataconnect`
 {"metadata":{"emulator":{"name":"dataconnect"},"message":"E1202 12:46:10.557643   18675 watch.go:31] Failed to load config from \"/Users/mac/clara-ai/clara-ai/dataconnect\": could not find dataconnect.yaml in `/Users/mac/clara-ai/clara-ai/dataconnect`\n"}}
[debug] [2025-12-02T11:46:20.557Z] E1202 12:46:20.557380   18675 watch.go:31] Failed to load config from "/Users/mac/clara-ai/clara-ai/dataconnect": could not find dataconnect.yaml in `/Users/mac/clara-ai/clara-ai/dataconnect`
 {"metadata":{"emulator":{"name":"dataconnect"},"message":"E1202 12:46:20.557380   18675 watch.go:31] Failed to load config from \"/Users/mac/clara-ai/clara-ai/dataconnect\": could not find dataconnect.yaml in `/Users/mac/clara-ai/clara-ai/dataconnect`\n"}}
[debug] [2025-12-02T11:46:30.561Z] E1202 12:46:30.561105   18675 watch.go:31] Failed to load config from "/Users/mac/clara-ai/clara-ai/dataconnect": could not find dataconnect.yaml in `/Users/mac/clara-ai/clara-ai/dataconnect`
 {"metadata":{"emulator":{"name":"dataconnect"},"message":"E1202 12:46:30.561105   18675 watch.go:31] Failed to load config from \"/Users/mac/clara-ai/clara-ai/dataconnect\": could not find dataconnect.yaml in `/Users/mac/clara-ai/clara-ai/dataconnect`\n"}}
[debug] [2025-12-02T11:46:40.558Z] E1202 12:46:40.558582   18675 watch.go:31] Failed to load config from "/Users/mac/clara-ai/clara-ai/dataconnect": could not find dataconnect.yaml in `/Users/mac/clara-ai/clara-ai/dataconnect`
 {"metadata":{"emulator":{"name":"dataconnect"},"message":"E1202 12:46:40.558582   18675 watch.go:31] Failed to load config from \"/Users/mac/clara-ai/clara-ai/dataconnect\": could not find dataconnect.yaml in `/Users/mac/clara-ai/clara-ai/dataconnect`\n"}}
[debug] [2025-12-02T11:46:50.559Z] E1202 12:46:50.558798   18675 watch.go:31] Failed to load config from "/Users/mac/clara-ai/clara-ai/dataconnect": could not find dataconnect.yaml in `/Users/mac/clara-ai/clara-ai/dataconnect`
 {"metadata":{"emulator":{"name":"dataconnect"},"message":"E1202 12:46:50.558798   18675 watch.go:31] Failed to load config from \"/Users/mac/clara-ai/clara-ai/dataconnect\": could not find dataconnect.yaml in `/Users/mac/clara-ai/clara-ai/dataconnect`\n"}}
[debug] [2025-12-02T11:47:00.558Z] E1202 12:47:00.558540   18675 watch.go:31] Failed to load config from "/Users/mac/clara-ai/clara-ai/dataconnect": could not find dataconnect.yaml in `/Users/mac/clara-ai/clara-ai/dataconnect`
 {"metadata":{"emulator":{"name":"dataconnect"},"message":"E1202 12:47:00.558540   18675 watch.go:31] Failed to load config from \"/Users/mac/clara-ai/clara-ai/dataconnect\": could not find dataconnect.yaml in `/Users/mac/clara-ai/clara-ai/dataconnect`\n"}}
[debug] [2025-12-02T11:47:10.558Z] E1202 12:47:10.558417   18675 watch.go:31] Failed to load config from "/Users/mac/clara-ai/clara-ai/dataconnect": could not find dataconnect.yaml in `/Users/mac/clara-ai/clara-ai/dataconnect`
 {"metadata":{"emulator":{"name":"dataconnect"},"message":"E1202 12:47:10.558417   18675 watch.go:31] Failed to load config from \"/Users/mac/clara-ai/clara-ai/dataconnect\": could not find dataconnect.yaml in `/Users/mac/clara-ai/clara-ai/dataconnect`\n"}}
[debug] [2025-12-02T11:47:20.559Z] E1202 12:47:20.559423   18675 watch.go:31] Failed to load config from "/Users/mac/clara-ai/clara-ai/dataconnect": could not find dataconnect.yaml in `/Users/mac/clara-ai/clara-ai/dataconnect`
 {"metadata":{"emulator":{"name":"dataconnect"},"message":"E1202 12:47:20.559423   18675 watch.go:31] Failed to load config from \"/Users/mac/clara-ai/clara-ai/dataconnect\": could not find dataconnect.yaml in `/Users/mac/clara-ai/clara-ai/dataconnect`\n"}}
[debug] [2025-12-02T11:47:30.559Z] E1202 12:47:30.559507   18675 watch.go:31] Failed to load config from "/Users/mac/clara-ai/clara-ai/dataconnect": could not find dataconnect.yaml in `/Users/mac/clara-ai/clara-ai/dataconnect`
 {"metadata":{"emulator":{"name":"dataconnect"},"message":"E1202 12:47:30.559507   18675 watch.go:31] Failed to load config from \"/Users/mac/clara-ai/clara-ai/dataconnect\": could not find dataconnect.yaml in `/Users/mac/clara-ai/clara-ai/dataconnect`\n"}}
[debug] [2025-12-02T11:47:40.563Z] E1202 12:47:40.563053   18675 watch.go:31] Failed to load config from "/Users/mac/clara-ai/clara-ai/dataconnect": could not find dataconnect.yaml in `/Users/mac/clara-ai/clara-ai/dataconnect`
 {"metadata":{"emulator":{"name":"dataconnect"},"message":"E1202 12:47:40.563053   18675 watch.go:31] Failed to load config from \"/Users/mac/clara-ai/clara-ai/dataconnect\": could not find dataconnect.yaml in `/Users/mac/clara-ai/clara-ai/dataconnect`\n"}}
[debug] [2025-12-02T11:47:50.560Z] E1202 12:47:50.560009   18675 watch.go:31] Failed to load config from "/Users/mac/clara-ai/clara-ai/dataconnect": could not find dataconnect.yaml in `/Users/mac/clara-ai/clara-ai/dataconnect`
E1202 12:47:50.560062   18675 watch.go:102] watchAllDir unable to walk dir `/Users/mac/clara-ai/clara-ai/dataconnect`: lstat /Users/mac/clara-ai/clara-ai/dataconnect: no such file or directory
 {"metadata":{"emulator":{"name":"dataconnect"},"message":"E1202 12:47:50.560009   18675 watch.go:31] Failed to load config from \"/Users/mac/clara-ai/clara-ai/dataconnect\": could not find dataconnect.yaml in `/Users/mac/clara-ai/clara-ai/dataconnect`\nE1202 12:47:50.560062   18675 watch.go:102] watchAllDir unable to walk dir `/Users/mac/clara-ai/clara-ai/dataconnect`: lstat /Users/mac/clara-ai/clara-ai/dataconnect: no such file or directory\n"}}
[debug] [2025-12-02T11:48:00.560Z] E1202 12:48:00.560728   18675 watch.go:31] Failed to load config from "/Users/mac/clara-ai/clara-ai/dataconnect": could not find dataconnect.yaml in `/Users/mac/clara-ai/clara-ai/dataconnect`
 {"metadata":{"emulator":{"name":"dataconnect"},"message":"E1202 12:48:00.560728   18675 watch.go:31] Failed to load config from \"/Users/mac/clara-ai/clara-ai/dataconnect\": could not find dataconnect.yaml in `/Users/mac/clara-ai/clara-ai/dataconnect`\n"}}
[debug] [2025-12-02T11:48:10.560Z] E1202 12:48:10.560435   18675 watch.go:31] Failed to load config from "/Users/mac/clara-ai/clara-ai/dataconnect": could not find dataconnect.yaml in `/Users/mac/clara-ai/clara-ai/dataconnect`
 {"metadata":{"emulator":{"name":"dataconnect"},"message":"E1202 12:48:10.560435   18675 watch.go:31] Failed to load config from \"/Users/mac/clara-ai/clara-ai/dataconnect\": could not find dataconnect.yaml in `/Users/mac/clara-ai/clara-ai/dataconnect`\n"}}
[debug] [2025-12-02T11:48:20.561Z] E1202 12:48:20.561630   18675 watch.go:31] Failed to load config from "/Users/mac/clara-ai/clara-ai/dataconnect": could not find dataconnect.yaml in `/Users/mac/clara-ai/clara-ai/dataconnect`
 {"metadata":{"emulator":{"name":"dataconnect"},"message":"E1202 12:48:20.561630   18675 watch.go:31] Failed to load config from \"/Users/mac/clara-ai/clara-ai/dataconnect\": could not find dataconnect.yaml in `/Users/mac/clara-ai/clara-ai/dataconnect`\n"}}
[debug] [2025-12-02T11:48:30.562Z] E1202 12:48:30.561947   18675 watch.go:31] Failed to load config from "/Users/mac/clara-ai/clara-ai/dataconnect": could not find dataconnect.yaml in `/Users/mac/clara-ai/clara-ai/dataconnect`
 {"metadata":{"emulator":{"name":"dataconnect"},"message":"E1202 12:48:30.561947   18675 watch.go:31] Failed to load config from \"/Users/mac/clara-ai/clara-ai/dataconnect\": could not find dataconnect.yaml in `/Users/mac/clara-ai/clara-ai/dataconnect`\n"}}
[debug] [2025-12-02T11:48:40.562Z] E1202 12:48:40.561854   18675 watch.go:31] Failed to load config from "/Users/mac/clara-ai/clara-ai/dataconnect": could not find dataconnect.yaml in `/Users/mac/clara-ai/clara-ai/dataconnect`
 {"metadata":{"emulator":{"name":"dataconnect"},"message":"E1202 12:48:40.561854   18675 watch.go:31] Failed to load config from \"/Users/mac/clara-ai/clara-ai/dataconnect\": could not find dataconnect.yaml in `/Users/mac/clara-ai/clara-ai/dataconnect`\n"}}
[debug] [2025-12-02T11:48:50.548Z] E1202 12:48:50.547829   18675 watch.go:31] Failed to load config from "/Users/mac/clara-ai/clara-ai/dataconnect": could not find dataconnect.yaml in `/Users/mac/clara-ai/clara-ai/dataconnect`
 {"metadata":{"emulator":{"name":"dataconnect"},"message":"E1202 12:48:50.547829   18675 watch.go:31] Failed to load config from \"/Users/mac/clara-ai/clara-ai/dataconnect\": could not find dataconnect.yaml in `/Users/mac/clara-ai/clara-ai/dataconnect`\n"}}
[debug] [2025-12-02T11:49:00.542Z] E1202 12:49:00.542169   18675 watch.go:31] Failed to load config from "/Users/mac/clara-ai/clara-ai/dataconnect": could not find dataconnect.yaml in `/Users/mac/clara-ai/clara-ai/dataconnect`
 {"metadata":{"emulator":{"name":"dataconnect"},"message":"E1202 12:49:00.542169   18675 watch.go:31] Failed to load config from \"/Users/mac/clara-ai/clara-ai/dataconnect\": could not find dataconnect.yaml in `/Users/mac/clara-ai/clara-ai/dataconnect`\n"}}
[debug] [2025-12-02T11:49:10.539Z] E1202 12:49:10.539012   18675 watch.go:31] Failed to load config from "/Users/mac/clara-ai/clara-ai/dataconnect": could not find dataconnect.yaml in `/Users/mac/clara-ai/clara-ai/dataconnect`
 {"metadata":{"emulator":{"name":"dataconnect"},"message":"E1202 12:49:10.539012   18675 watch.go:31] Failed to load config from \"/Users/mac/clara-ai/clara-ai/dataconnect\": could not find dataconnect.yaml in `/Users/mac/clara-ai/clara-ai/dataconnect`\n"}}
[debug] [2025-12-02T11:49:20.543Z] E1202 12:49:20.542730   18675 watch.go:31] Failed to load config from "/Users/mac/clara-ai/clara-ai/dataconnect": could not find dataconnect.yaml in `/Users/mac/clara-ai/clara-ai/dataconnect`
 {"metadata":{"emulator":{"name":"dataconnect"},"message":"E1202 12:49:20.542730   18675 watch.go:31] Failed to load config from \"/Users/mac/clara-ai/clara-ai/dataconnect\": could not find dataconnect.yaml in `/Users/mac/clara-ai/clara-ai/dataconnect`\n"}}
[debug] [2025-12-02T11:49:30.532Z] E1202 12:49:30.532037   18675 watch.go:31] Failed to load config from "/Users/mac/clara-ai/clara-ai/dataconnect": could not find dataconnect.yaml in `/Users/mac/clara-ai/clara-ai/dataconnect`
 {"metadata":{"emulator":{"name":"dataconnect"},"message":"E1202 12:49:30.532037   18675 watch.go:31] Failed to load config from \"/Users/mac/clara-ai/clara-ai/dataconnect\": could not find dataconnect.yaml in `/Users/mac/clara-ai/clara-ai/dataconnect`\n"}}
[debug] [2025-12-02T11:49:40.532Z] E1202 12:49:40.532302   18675 watch.go:31] Failed to load config from "/Users/mac/clara-ai/clara-ai/dataconnect": could not find dataconnect.yaml in `/Users/mac/clara-ai/clara-ai/dataconnect`
 {"metadata":{"emulator":{"name":"dataconnect"},"message":"E1202 12:49:40.532302   18675 watch.go:31] Failed to load config from \"/Users/mac/clara-ai/clara-ai/dataconnect\": could not find dataconnect.yaml in `/Users/mac/clara-ai/clara-ai/dataconnect`\n"}}
[debug] [2025-12-02T11:49:50.532Z] E1202 12:49:50.531761   18675 watch.go:31] Failed to load config from "/Users/mac/clara-ai/clara-ai/dataconnect": could not find dataconnect.yaml in `/Users/mac/clara-ai/clara-ai/dataconnect`
E1202 12:49:50.531960   18675 watch.go:102] watchAllDir unable to walk dir `/Users/mac/clara-ai/clara-ai/dataconnect`: lstat /Users/mac/clara-ai/clara-ai/dataconnect: no such file or directory
 {"metadata":{"emulator":{"name":"dataconnect"},"message":"E1202 12:49:50.531761   18675 watch.go:31] Failed to load config from \"/Users/mac/clara-ai/clara-ai/dataconnect\": could not find dataconnect.yaml in `/Users/mac/clara-ai/clara-ai/dataconnect`\nE1202 12:49:50.531960   18675 watch.go:102] watchAllDir unable to walk dir `/Users/mac/clara-ai/clara-ai/dataconnect`: lstat /Users/mac/clara-ai/clara-ai/dataconnect: no such file or directory\n"}}
[debug] [2025-12-02T11:50:00.534Z] E1202 12:50:00.531910   18675 watch.go:31] Failed to load config from "/Users/mac/clara-ai/clara-ai/dataconnect": could not find dataconnect.yaml in `/Users/mac/clara-ai/clara-ai/dataconnect`
 {"metadata":{"emulator":{"name":"dataconnect"},"message":"E1202 12:50:00.531910   18675 watch.go:31] Failed to load config from \"/Users/mac/clara-ai/clara-ai/dataconnect\": could not find dataconnect.yaml in `/Users/mac/clara-ai/clara-ai/dataconnect`\n"}}
[debug] [2025-12-02T11:50:10.542Z] E1202 12:50:10.541912   18675 watch.go:31] Failed to load config from "/Users/mac/clara-ai/clara-ai/dataconnect": could not find dataconnect.yaml in `/Users/mac/clara-ai/clara-ai/dataconnect`
 {"metadata":{"emulator":{"name":"dataconnect"},"message":"E1202 12:50:10.541912   18675 watch.go:31] Failed to load config from \"/Users/mac/clara-ai/clara-ai/dataconnect\": could not find dataconnect.yaml in `/Users/mac/clara-ai/clara-ai/dataconnect`\n"}}
[debug] [2025-12-02T11:50:20.532Z] E1202 12:50:20.532126   18675 watch.go:31] Failed to load config from "/Users/mac/clara-ai/clara-ai/dataconnect": could not find dataconnect.yaml in `/Users/mac/clara-ai/clara-ai/dataconnect`
 {"metadata":{"emulator":{"name":"dataconnect"},"message":"E1202 12:50:20.532126   18675 watch.go:31] Failed to load config from \"/Users/mac/clara-ai/clara-ai/dataconnect\": could not find dataconnect.yaml in `/Users/mac/clara-ai/clara-ai/dataconnect`\n"}}
[debug] [2025-12-02T11:50:30.533Z] E1202 12:50:30.533083   18675 watch.go:31] Failed to load config from "/Users/mac/clara-ai/clara-ai/dataconnect": could not find dataconnect.yaml in `/Users/mac/clara-ai/clara-ai/dataconnect`
 {"metadata":{"emulator":{"name":"dataconnect"},"message":"E1202 12:50:30.533083   18675 watch.go:31] Failed to load config from \"/Users/mac/clara-ai/clara-ai/dataconnect\": could not find dataconnect.yaml in `/Users/mac/clara-ai/clara-ai/dataconnect`\n"}}
[debug] [2025-12-02T11:50:40.533Z] E1202 12:50:40.532898   18675 watch.go:31] Failed to load config from "/Users/mac/clara-ai/clara-ai/dataconnect": could not find dataconnect.yaml in `/Users/mac/clara-ai/clara-ai/dataconnect`
 {"metadata":{"emulator":{"name":"dataconnect"},"message":"E1202 12:50:40.532898   18675 watch.go:31] Failed to load config from \"/Users/mac/clara-ai/clara-ai/dataconnect\": could not find dataconnect.yaml in `/Users/mac/clara-ai/clara-ai/dataconnect`\n"}}
[debug] [2025-12-02T11:50:50.532Z] E1202 12:50:50.532323   18675 watch.go:31] Failed to load config from "/Users/mac/clara-ai/clara-ai/dataconnect": could not find dataconnect.yaml in `/Users/mac/clara-ai/clara-ai/dataconnect`
 {"metadata":{"emulator":{"name":"dataconnect"},"message":"E1202 12:50:50.532323   18675 watch.go:31] Failed to load config from \"/Users/mac/clara-ai/clara-ai/dataconnect\": could not find dataconnect.yaml in `/Users/mac/clara-ai/clara-ai/dataconnect`\n"}}
[debug] [2025-12-02T11:51:00.538Z] E1202 12:51:00.534582   18675 watch.go:31] Failed to load config from "/Users/mac/clara-ai/clara-ai/dataconnect": could not find dataconnect.yaml in `/Users/mac/clara-ai/clara-ai/dataconnect`
 {"metadata":{"emulator":{"name":"dataconnect"},"message":"E1202 12:51:00.534582   18675 watch.go:31] Failed to load config from \"/Users/mac/clara-ai/clara-ai/dataconnect\": could not find dataconnect.yaml in `/Users/mac/clara-ai/clara-ai/dataconnect`\n"}}
[debug] [2025-12-02T11:51:10.536Z] E1202 12:51:10.535619   18675 watch.go:31] Failed to load config from "/Users/mac/clara-ai/clara-ai/dataconnect": could not find dataconnect.yaml in `/Users/mac/clara-ai/clara-ai/dataconnect`
 {"metadata":{"emulator":{"name":"dataconnect"},"message":"E1202 12:51:10.535619   18675 watch.go:31] Failed to load config from \"/Users/mac/clara-ai/clara-ai/dataconnect\": could not find dataconnect.yaml in `/Users/mac/clara-ai/clara-ai/dataconnect`\n"}}
[debug] [2025-12-02T11:51:20.533Z] E1202 12:51:20.532923   18675 watch.go:31] Failed to load config from "/Users/mac/clara-ai/clara-ai/dataconnect": could not find dataconnect.yaml in `/Users/mac/clara-ai/clara-ai/dataconnect`
 {"metadata":{"emulator":{"name":"dataconnect"},"message":"E1202 12:51:20.532923   18675 watch.go:31] Failed to load config from \"/Users/mac/clara-ai/clara-ai/dataconnect\": could not find dataconnect.yaml in `/Users/mac/clara-ai/clara-ai/dataconnect`\n"}}
[debug] [2025-12-02T11:51:30.532Z] E1202 12:51:30.532805   18675 watch.go:31] Failed to load config from "/Users/mac/clara-ai/clara-ai/dataconnect": could not find dataconnect.yaml in `/Users/mac/clara-ai/clara-ai/dataconnect`
 {"metadata":{"emulator":{"name":"dataconnect"},"message":"E1202 12:51:30.532805   18675 watch.go:31] Failed to load config from \"/Users/mac/clara-ai/clara-ai/dataconnect\": could not find dataconnect.yaml in `/Users/mac/clara-ai/clara-ai/dataconnect`\n"}}
[debug] [2025-12-02T11:51:40.534Z] E1202 12:51:40.534003   18675 watch.go:31] Failed to load config from "/Users/mac/clara-ai/clara-ai/dataconnect": could not find dataconnect.yaml in `/Users/mac/clara-ai/clara-ai/dataconnect`
 {"metadata":{"emulator":{"name":"dataconnect"},"message":"E1202 12:51:40.534003   18675 watch.go:31] Failed to load config from \"/Users/mac/clara-ai/clara-ai/dataconnect\": could not find dataconnect.yaml in `/Users/mac/clara-ai/clara-ai/dataconnect`\n"}}
[debug] [2025-12-02T11:51:50.534Z] E1202 12:51:50.533920   18675 watch.go:31] Failed to load config from "/Users/mac/clara-ai/clara-ai/dataconnect": could not find dataconnect.yaml in `/Users/mac/clara-ai/clara-ai/dataconnect`
 {"metadata":{"emulator":{"name":"dataconnect"},"message":"E1202 12:51:50.533920   18675 watch.go:31] Failed to load config from \"/Users/mac/clara-ai/clara-ai/dataconnect\": could not find dataconnect.yaml in `/Users/mac/clara-ai/clara-ai/dataconnect`\n"}}
[debug] [2025-12-02T11:51:50.534Z] E1202 12:51:50.533974   18675 watch.go:102] watchAllDir unable to walk dir `/Users/mac/clara-ai/clara-ai/dataconnect`: lstat /Users/mac/clara-ai/clara-ai/dataconnect: no such file or directory
 {"metadata":{"emulator":{"name":"dataconnect"},"message":"E1202 12:51:50.533974   18675 watch.go:102] watchAllDir unable to walk dir `/Users/mac/clara-ai/clara-ai/dataconnect`: lstat /Users/mac/clara-ai/clara-ai/dataconnect: no such file or directory\n"}}
[debug] [2025-12-02T11:52:00.533Z] E1202 12:52:00.533839   18675 watch.go:31] Failed to load config from "/Users/mac/clara-ai/clara-ai/dataconnect": could not find dataconnect.yaml in `/Users/mac/clara-ai/clara-ai/dataconnect`
 {"metadata":{"emulator":{"name":"dataconnect"},"message":"E1202 12:52:00.533839   18675 watch.go:31] Failed to load config from \"/Users/mac/clara-ai/clara-ai/dataconnect\": could not find dataconnect.yaml in `/Users/mac/clara-ai/clara-ai/dataconnect`\n"}}
[debug] [2025-12-02T11:52:10.534Z] E1202 12:52:10.534214   18675 watch.go:31] Failed to load config from "/Users/mac/clara-ai/clara-ai/dataconnect": could not find dataconnect.yaml in `/Users/mac/clara-ai/clara-ai/dataconnect`
 {"metadata":{"emulator":{"name":"dataconnect"},"message":"E1202 12:52:10.534214   18675 watch.go:31] Failed to load config from \"/Users/mac/clara-ai/clara-ai/dataconnect\": could not find dataconnect.yaml in `/Users/mac/clara-ai/clara-ai/dataconnect`\n"}}
[debug] [2025-12-02T11:52:20.534Z] E1202 12:52:20.534429   18675 watch.go:31] Failed to load config from "/Users/mac/clara-ai/clara-ai/dataconnect": could not find dataconnect.yaml in `/Users/mac/clara-ai/clara-ai/dataconnect`
 {"metadata":{"emulator":{"name":"dataconnect"},"message":"E1202 12:52:20.534429   18675 watch.go:31] Failed to load config from \"/Users/mac/clara-ai/clara-ai/dataconnect\": could not find dataconnect.yaml in `/Users/mac/clara-ai/clara-ai/dataconnect`\n"}}
[debug] [2025-12-02T11:52:30.537Z] E1202 12:52:30.537681   18675 watch.go:31] Failed to load config from "/Users/mac/clara-ai/clara-ai/dataconnect": could not find dataconnect.yaml in `/Users/mac/clara-ai/clara-ai/dataconnect`
 {"metadata":{"emulator":{"name":"dataconnect"},"message":"E1202 12:52:30.537681   18675 watch.go:31] Failed to load config from \"/Users/mac/clara-ai/clara-ai/dataconnect\": could not find dataconnect.yaml in `/Users/mac/clara-ai/clara-ai/dataconnect`\n"}}
[debug] [2025-12-02T11:52:40.535Z] E1202 12:52:40.535521   18675 watch.go:31] Failed to load config from "/Users/mac/clara-ai/clara-ai/dataconnect": could not find dataconnect.yaml in `/Users/mac/clara-ai/clara-ai/dataconnect`
 {"metadata":{"emulator":{"name":"dataconnect"},"message":"E1202 12:52:40.535521   18675 watch.go:31] Failed to load config from \"/Users/mac/clara-ai/clara-ai/dataconnect\": could not find dataconnect.yaml in `/Users/mac/clara-ai/clara-ai/dataconnect`\n"}}
[debug] [2025-12-02T11:52:50.536Z] E1202 12:52:50.535912   18675 watch.go:31] Failed to load config from "/Users/mac/clara-ai/clara-ai/dataconnect": could not find dataconnect.yaml in `/Users/mac/clara-ai/clara-ai/dataconnect`
 {"metadata":{"emulator":{"name":"dataconnect"},"message":"E1202 12:52:50.535912   18675 watch.go:31] Failed to load config from \"/Users/mac/clara-ai/clara-ai/dataconnect\": could not find dataconnect.yaml in `/Users/mac/clara-ai/clara-ai/dataconnect`\n"}}
[debug] [2025-12-02T11:53:00.537Z] E1202 12:53:00.537295   18675 watch.go:31] Failed to load config from "/Users/mac/clara-ai/clara-ai/dataconnect": could not find dataconnect.yaml in `/Users/mac/clara-ai/clara-ai/dataconnect`
 {"metadata":{"emulator":{"name":"dataconnect"},"message":"E1202 12:53:00.537295   18675 watch.go:31] Failed to load config from \"/Users/mac/clara-ai/clara-ai/dataconnect\": could not find dataconnect.yaml in `/Users/mac/clara-ai/clara-ai/dataconnect`\n"}}
[debug] [2025-12-02T11:53:10.537Z] E1202 12:53:10.537677   18675 watch.go:31] Failed to load config from "/Users/mac/clara-ai/clara-ai/dataconnect": could not find dataconnect.yaml in `/Users/mac/clara-ai/clara-ai/dataconnect`
 {"metadata":{"emulator":{"name":"dataconnect"},"message":"E1202 12:53:10.537677   18675 watch.go:31] Failed to load config from \"/Users/mac/clara-ai/clara-ai/dataconnect\": could not find dataconnect.yaml in `/Users/mac/clara-ai/clara-ai/dataconnect`\n"}}
[debug] [2025-12-02T11:53:20.534Z] E1202 12:53:20.534666   18675 watch.go:31] Failed to load config from "/Users/mac/clara-ai/clara-ai/dataconnect": could not find dataconnect.yaml in `/Users/mac/clara-ai/clara-ai/dataconnect`
 {"metadata":{"emulator":{"name":"dataconnect"},"message":"E1202 12:53:20.534666   18675 watch.go:31] Failed to load config from \"/Users/mac/clara-ai/clara-ai/dataconnect\": could not find dataconnect.yaml in `/Users/mac/clara-ai/clara-ai/dataconnect`\n"}}
[debug] [2025-12-02T11:53:30.540Z] E1202 12:53:30.535741   18675 watch.go:31] Failed to load config from "/Users/mac/clara-ai/clara-ai/dataconnect": could not find dataconnect.yaml in `/Users/mac/clara-ai/clara-ai/dataconnect`
 {"metadata":{"emulator":{"name":"dataconnect"},"message":"E1202 12:53:30.535741   18675 watch.go:31] Failed to load config from \"/Users/mac/clara-ai/clara-ai/dataconnect\": could not find dataconnect.yaml in `/Users/mac/clara-ai/clara-ai/dataconnect`\n"}}
[debug] [2025-12-02T11:53:40.536Z] E1202 12:53:40.536088   18675 watch.go:31] Failed to load config from "/Users/mac/clara-ai/clara-ai/dataconnect": could not find dataconnect.yaml in `/Users/mac/clara-ai/clara-ai/dataconnect`
 {"metadata":{"emulator":{"name":"dataconnect"},"message":"E1202 12:53:40.536088   18675 watch.go:31] Failed to load config from \"/Users/mac/clara-ai/clara-ai/dataconnect\": could not find dataconnect.yaml in `/Users/mac/clara-ai/clara-ai/dataconnect`\n"}}
[debug] [2025-12-02T11:53:50.541Z] E1202 12:53:50.541038   18675 watch.go:31] Failed to load config from "/Users/mac/clara-ai/clara-ai/dataconnect": could not find dataconnect.yaml in `/Users/mac/clara-ai/clara-ai/dataconnect`
E1202 12:53:50.541137   18675 watch.go:102] watchAllDir unable to walk dir `/Users/mac/clara-ai/clara-ai/dataconnect`: lstat /Users/mac/clara-ai/clara-ai/dataconnect: no such file or directory
 {"metadata":{"emulator":{"name":"dataconnect"},"message":"E1202 12:53:50.541038   18675 watch.go:31] Failed to load config from \"/Users/mac/clara-ai/clara-ai/dataconnect\": could not find dataconnect.yaml in `/Users/mac/clara-ai/clara-ai/dataconnect`\nE1202 12:53:50.541137   18675 watch.go:102] watchAllDir unable to walk dir `/Users/mac/clara-ai/clara-ai/dataconnect`: lstat /Users/mac/clara-ai/clara-ai/dataconnect: no such file or directory\n"}}
[debug] [2025-12-02T11:54:00.536Z] E1202 12:54:00.536288   18675 watch.go:31] Failed to load config from "/Users/mac/clara-ai/clara-ai/dataconnect": could not find dataconnect.yaml in `/Users/mac/clara-ai/clara-ai/dataconnect`
 {"metadata":{"emulator":{"name":"dataconnect"},"message":"E1202 12:54:00.536288   18675 watch.go:31] Failed to load config from \"/Users/mac/clara-ai/clara-ai/dataconnect\": could not find dataconnect.yaml in `/Users/mac/clara-ai/clara-ai/dataconnect`\n"}}
[debug] [2025-12-02T11:54:10.535Z] E1202 12:54:10.535522   18675 watch.go:31] Failed to load config from "/Users/mac/clara-ai/clara-ai/dataconnect": could not find dataconnect.yaml in `/Users/mac/clara-ai/clara-ai/dataconnect`
 {"metadata":{"emulator":{"name":"dataconnect"},"message":"E1202 12:54:10.535522   18675 watch.go:31] Failed to load config from \"/Users/mac/clara-ai/clara-ai/dataconnect\": could not find dataconnect.yaml in `/Users/mac/clara-ai/clara-ai/dataconnect`\n"}}
[debug] [2025-12-02T11:54:20.536Z] E1202 12:54:20.536157   18675 watch.go:31] Failed to load config from "/Users/mac/clara-ai/clara-ai/dataconnect": could not find dataconnect.yaml in `/Users/mac/clara-ai/clara-ai/dataconnect`
 {"metadata":{"emulator":{"name":"dataconnect"},"message":"E1202 12:54:20.536157   18675 watch.go:31] Failed to load config from \"/Users/mac/clara-ai/clara-ai/dataconnect\": could not find dataconnect.yaml in `/Users/mac/clara-ai/clara-ai/dataconnect`\n"}}
[debug] [2025-12-02T11:54:30.536Z] E1202 12:54:30.536470   18675 watch.go:31] Failed to load config from "/Users/mac/clara-ai/clara-ai/dataconnect": could not find dataconnect.yaml in `/Users/mac/clara-ai/clara-ai/dataconnect`
 {"metadata":{"emulator":{"name":"dataconnect"},"message":"E1202 12:54:30.536470   18675 watch.go:31] Failed to load config from \"/Users/mac/clara-ai/clara-ai/dataconnect\": could not find dataconnect.yaml in `/Users/mac/clara-ai/clara-ai/dataconnect`\n"}}
[debug] [2025-12-02T11:54:40.537Z] E1202 12:54:40.537169   18675 watch.go:31] Failed to load config from "/Users/mac/clara-ai/clara-ai/dataconnect": could not find dataconnect.yaml in `/Users/mac/clara-ai/clara-ai/dataconnect`
 {"metadata":{"emulator":{"name":"dataconnect"},"message":"E1202 12:54:40.537169   18675 watch.go:31] Failed to load config from \"/Users/mac/clara-ai/clara-ai/dataconnect\": could not find dataconnect.yaml in `/Users/mac/clara-ai/clara-ai/dataconnect`\n"}}
[debug] [2025-12-02T11:54:50.537Z] E1202 12:54:50.537286   18675 watch.go:31] Failed to load config from "/Users/mac/clara-ai/clara-ai/dataconnect": could not find dataconnect.yaml in `/Users/mac/clara-ai/clara-ai/dataconnect`
 {"metadata":{"emulator":{"name":"dataconnect"},"message":"E1202 12:54:50.537286   18675 watch.go:31] Failed to load config from \"/Users/mac/clara-ai/clara-ai/dataconnect\": could not find dataconnect.yaml in `/Users/mac/clara-ai/clara-ai/dataconnect`\n"}}
[debug] [2025-12-02T11:55:00.537Z] E1202 12:55:00.537101   18675 watch.go:31] Failed to load config from "/Users/mac/clara-ai/clara-ai/dataconnect": could not find dataconnect.yaml in `/Users/mac/clara-ai/clara-ai/dataconnect`
 {"metadata":{"emulator":{"name":"dataconnect"},"message":"E1202 12:55:00.537101   18675 watch.go:31] Failed to load config from \"/Users/mac/clara-ai/clara-ai/dataconnect\": could not find dataconnect.yaml in `/Users/mac/clara-ai/clara-ai/dataconnect`\n"}}
[debug] [2025-12-02T11:55:10.542Z] E1202 12:55:10.538782   18675 watch.go:31] Failed to load config from "/Users/mac/clara-ai/clara-ai/dataconnect": could not find dataconnect.yaml in `/Users/mac/clara-ai/clara-ai/dataconnect`
 {"metadata":{"emulator":{"name":"dataconnect"},"message":"E1202 12:55:10.538782   18675 watch.go:31] Failed to load config from \"/Users/mac/clara-ai/clara-ai/dataconnect\": could not find dataconnect.yaml in `/Users/mac/clara-ai/clara-ai/dataconnect`\n"}}
[debug] [2025-12-02T11:55:20.537Z] E1202 12:55:20.537535   18675 watch.go:31] Failed to load config from "/Users/mac/clara-ai/clara-ai/dataconnect": could not find dataconnect.yaml in `/Users/mac/clara-ai/clara-ai/dataconnect`
 {"metadata":{"emulator":{"name":"dataconnect"},"message":"E1202 12:55:20.537535   18675 watch.go:31] Failed to load config from \"/Users/mac/clara-ai/clara-ai/dataconnect\": could not find dataconnect.yaml in `/Users/mac/clara-ai/clara-ai/dataconnect`\n"}}
[debug] [2025-12-02T11:55:30.538Z] E1202 12:55:30.538083   18675 watch.go:31] Failed to load config from "/Users/mac/clara-ai/clara-ai/dataconnect": could not find dataconnect.yaml in `/Users/mac/clara-ai/clara-ai/dataconnect`
 {"metadata":{"emulator":{"name":"dataconnect"},"message":"E1202 12:55:30.538083   18675 watch.go:31] Failed to load config from \"/Users/mac/clara-ai/clara-ai/dataconnect\": could not find dataconnect.yaml in `/Users/mac/clara-ai/clara-ai/dataconnect`\n"}}
[debug] [2025-12-02T11:55:40.537Z] E1202 12:55:40.536978   18675 watch.go:31] Failed to load config from "/Users/mac/clara-ai/clara-ai/dataconnect": could not find dataconnect.yaml in `/Users/mac/clara-ai/clara-ai/dataconnect`
 {"metadata":{"emulator":{"name":"dataconnect"},"message":"E1202 12:55:40.536978   18675 watch.go:31] Failed to load config from \"/Users/mac/clara-ai/clara-ai/dataconnect\": could not find dataconnect.yaml in `/Users/mac/clara-ai/clara-ai/dataconnect`\n"}}
[debug] [2025-12-02T11:55:50.538Z] E1202 12:55:50.537958   18675 watch.go:31] Failed to load config from "/Users/mac/clara-ai/clara-ai/dataconnect": could not find dataconnect.yaml in `/Users/mac/clara-ai/clara-ai/dataconnect`
 {"metadata":{"emulator":{"name":"dataconnect"},"message":"E1202 12:55:50.537958   18675 watch.go:31] Failed to load config from \"/Users/mac/clara-ai/clara-ai/dataconnect\": could not find dataconnect.yaml in `/Users/mac/clara-ai/clara-ai/dataconnect`\n"}}
[debug] [2025-12-02T11:55:50.539Z] E1202 12:55:50.538057   18675 watch.go:102] watchAllDir unable to walk dir `/Users/mac/clara-ai/clara-ai/dataconnect`: lstat /Users/mac/clara-ai/clara-ai/dataconnect: no such file or directory
 {"metadata":{"emulator":{"name":"dataconnect"},"message":"E1202 12:55:50.538057   18675 watch.go:102] watchAllDir unable to walk dir `/Users/mac/clara-ai/clara-ai/dataconnect`: lstat /Users/mac/clara-ai/clara-ai/dataconnect: no such file or directory\n"}}
[debug] [2025-12-02T11:56:00.537Z] E1202 12:56:00.537707   18675 watch.go:31] Failed to load config from "/Users/mac/clara-ai/clara-ai/dataconnect": could not find dataconnect.yaml in `/Users/mac/clara-ai/clara-ai/dataconnect`
 {"metadata":{"emulator":{"name":"dataconnect"},"message":"E1202 12:56:00.537707   18675 watch.go:31] Failed to load config from \"/Users/mac/clara-ai/clara-ai/dataconnect\": could not find dataconnect.yaml in `/Users/mac/clara-ai/clara-ai/dataconnect`\n"}}
[debug] [2025-12-02T11:56:10.577Z] E1202 12:56:10.577815   18675 watch.go:31] Failed to load config from "/Users/mac/clara-ai/clara-ai/dataconnect": could not find dataconnect.yaml in `/Users/mac/clara-ai/clara-ai/dataconnect`
 {"metadata":{"emulator":{"name":"dataconnect"},"message":"E1202 12:56:10.577815   18675 watch.go:31] Failed to load config from \"/Users/mac/clara-ai/clara-ai/dataconnect\": could not find dataconnect.yaml in `/Users/mac/clara-ai/clara-ai/dataconnect`\n"}}
[debug] [2025-12-02T11:56:20.539Z] E1202 12:56:20.539176   18675 watch.go:31] Failed to load config from "/Users/mac/clara-ai/clara-ai/dataconnect": could not find dataconnect.yaml in `/Users/mac/clara-ai/clara-ai/dataconnect`
 {"metadata":{"emulator":{"name":"dataconnect"},"message":"E1202 12:56:20.539176   18675 watch.go:31] Failed to load config from \"/Users/mac/clara-ai/clara-ai/dataconnect\": could not find dataconnect.yaml in `/Users/mac/clara-ai/clara-ai/dataconnect`\n"}}
[debug] [2025-12-02T11:56:30.538Z] E1202 12:56:30.538405   18675 watch.go:31] Failed to load config from "/Users/mac/clara-ai/clara-ai/dataconnect": could not find dataconnect.yaml in `/Users/mac/clara-ai/clara-ai/dataconnect`
 {"metadata":{"emulator":{"name":"dataconnect"},"message":"E1202 12:56:30.538405   18675 watch.go:31] Failed to load config from \"/Users/mac/clara-ai/clara-ai/dataconnect\": could not find dataconnect.yaml in `/Users/mac/clara-ai/clara-ai/dataconnect`\n"}}
[debug] [2025-12-02T11:56:40.541Z] E1202 12:56:40.541522   18675 watch.go:31] Failed to load config from "/Users/mac/clara-ai/clara-ai/dataconnect": could not find dataconnect.yaml in `/Users/mac/clara-ai/clara-ai/dataconnect`
 {"metadata":{"emulator":{"name":"dataconnect"},"message":"E1202 12:56:40.541522   18675 watch.go:31] Failed to load config from \"/Users/mac/clara-ai/clara-ai/dataconnect\": could not find dataconnect.yaml in `/Users/mac/clara-ai/clara-ai/dataconnect`\n"}}
[debug] [2025-12-02T11:56:50.544Z] E1202 12:56:50.544161   18675 watch.go:31] Failed to load config from "/Users/mac/clara-ai/clara-ai/dataconnect": could not find dataconnect.yaml in `/Users/mac/clara-ai/clara-ai/dataconnect`
 {"metadata":{"emulator":{"name":"dataconnect"},"message":"E1202 12:56:50.544161   18675 watch.go:31] Failed to load config from \"/Users/mac/clara-ai/clara-ai/dataconnect\": could not find dataconnect.yaml in `/Users/mac/clara-ai/clara-ai/dataconnect`\n"}}
[debug] [2025-12-02T11:57:00.541Z] E1202 12:57:00.541602   18675 watch.go:31] Failed to load config from "/Users/mac/clara-ai/clara-ai/dataconnect": could not find dataconnect.yaml in `/Users/mac/clara-ai/clara-ai/dataconnect`
 {"metadata":{"emulator":{"name":"dataconnect"},"message":"E1202 12:57:00.541602   18675 watch.go:31] Failed to load config from \"/Users/mac/clara-ai/clara-ai/dataconnect\": could not find dataconnect.yaml in `/Users/mac/clara-ai/clara-ai/dataconnect`\n"}}
[debug] [2025-12-02T11:57:10.540Z] E1202 12:57:10.540304   18675 watch.go:31] Failed to load config from "/Users/mac/clara-ai/clara-ai/dataconnect": could not find dataconnect.yaml in `/Users/mac/clara-ai/clara-ai/dataconnect`
 {"metadata":{"emulator":{"name":"dataconnect"},"message":"E1202 12:57:10.540304   18675 watch.go:31] Failed to load config from \"/Users/mac/clara-ai/clara-ai/dataconnect\": could not find dataconnect.yaml in `/Users/mac/clara-ai/clara-ai/dataconnect`\n"}}
[debug] [2025-12-02T11:57:20.541Z] E1202 12:57:20.541028   18675 watch.go:31] Failed to load config from "/Users/mac/clara-ai/clara-ai/dataconnect": could not find dataconnect.yaml in `/Users/mac/clara-ai/clara-ai/dataconnect`
 {"metadata":{"emulator":{"name":"dataconnect"},"message":"E1202 12:57:20.541028   18675 watch.go:31] Failed to load config from \"/Users/mac/clara-ai/clara-ai/dataconnect\": could not find dataconnect.yaml in `/Users/mac/clara-ai/clara-ai/dataconnect`\n"}}
[debug] [2025-12-02T11:57:30.542Z] E1202 12:57:30.539358   18675 watch.go:31] Failed to load config from "/Users/mac/clara-ai/clara-ai/dataconnect": could not find dataconnect.yaml in `/Users/mac/clara-ai/clara-ai/dataconnect`
 {"metadata":{"emulator":{"name":"dataconnect"},"message":"E1202 12:57:30.539358   18675 watch.go:31] Failed to load config from \"/Users/mac/clara-ai/clara-ai/dataconnect\": could not find dataconnect.yaml in `/Users/mac/clara-ai/clara-ai/dataconnect`\n"}}
[debug] [2025-12-02T11:57:40.540Z] E1202 12:57:40.540232   18675 watch.go:31] Failed to load config from "/Users/mac/clara-ai/clara-ai/dataconnect": could not find dataconnect.yaml in `/Users/mac/clara-ai/clara-ai/dataconnect`
 {"metadata":{"emulator":{"name":"dataconnect"},"message":"E1202 12:57:40.540232   18675 watch.go:31] Failed to load config from \"/Users/mac/clara-ai/clara-ai/dataconnect\": could not find dataconnect.yaml in `/Users/mac/clara-ai/clara-ai/dataconnect`\n"}}
[debug] [2025-12-02T11:57:50.540Z] E1202 12:57:50.540177   18675 watch.go:31] Failed to load config from "/Users/mac/clara-ai/clara-ai/dataconnect": could not find dataconnect.yaml in `/Users/mac/clara-ai/clara-ai/dataconnect`
E1202 12:57:50.540221   18675 watch.go:102] watchAllDir unable to walk dir `/Users/mac/clara-ai/clara-ai/dataconnect`: lstat /Users/mac/clara-ai/clara-ai/dataconnect: no such file or directory
 {"metadata":{"emulator":{"name":"dataconnect"},"message":"E1202 12:57:50.540177   18675 watch.go:31] Failed to load config from \"/Users/mac/clara-ai/clara-ai/dataconnect\": could not find dataconnect.yaml in `/Users/mac/clara-ai/clara-ai/dataconnect`\nE1202 12:57:50.540221   18675 watch.go:102] watchAllDir unable to walk dir `/Users/mac/clara-ai/clara-ai/dataconnect`: lstat /Users/mac/clara-ai/clara-ai/dataconnect: no such file or directory\n"}}
[debug] [2025-12-02T11:58:00.565Z] E1202 12:58:00.563181   18675 watch.go:31] Failed to load config from "/Users/mac/clara-ai/clara-ai/dataconnect": could not find dataconnect.yaml in `/Users/mac/clara-ai/clara-ai/dataconnect`
 {"metadata":{"emulator":{"name":"dataconnect"},"message":"E1202 12:58:00.563181   18675 watch.go:31] Failed to load config from \"/Users/mac/clara-ai/clara-ai/dataconnect\": could not find dataconnect.yaml in `/Users/mac/clara-ai/clara-ai/dataconnect`\n"}}
[debug] [2025-12-02T11:58:10.542Z] E1202 12:58:10.542590   18675 watch.go:31] Failed to load config from "/Users/mac/clara-ai/clara-ai/dataconnect": could not find dataconnect.yaml in `/Users/mac/clara-ai/clara-ai/dataconnect`
 {"metadata":{"emulator":{"name":"dataconnect"},"message":"E1202 12:58:10.542590   18675 watch.go:31] Failed to load config from \"/Users/mac/clara-ai/clara-ai/dataconnect\": could not find dataconnect.yaml in `/Users/mac/clara-ai/clara-ai/dataconnect`\n"}}
[debug] [2025-12-02T11:58:20.540Z] E1202 12:58:20.540095   18675 watch.go:31] Failed to load config from "/Users/mac/clara-ai/clara-ai/dataconnect": could not find dataconnect.yaml in `/Users/mac/clara-ai/clara-ai/dataconnect`
 {"metadata":{"emulator":{"name":"dataconnect"},"message":"E1202 12:58:20.540095   18675 watch.go:31] Failed to load config from \"/Users/mac/clara-ai/clara-ai/dataconnect\": could not find dataconnect.yaml in `/Users/mac/clara-ai/clara-ai/dataconnect`\n"}}
[debug] [2025-12-02T11:58:30.540Z] E1202 12:58:30.540387   18675 watch.go:31] Failed to load config from "/Users/mac/clara-ai/clara-ai/dataconnect": could not find dataconnect.yaml in `/Users/mac/clara-ai/clara-ai/dataconnect`
 {"metadata":{"emulator":{"name":"dataconnect"},"message":"E1202 12:58:30.540387   18675 watch.go:31] Failed to load config from \"/Users/mac/clara-ai/clara-ai/dataconnect\": could not find dataconnect.yaml in `/Users/mac/clara-ai/clara-ai/dataconnect`\n"}}
[debug] [2025-12-02T11:58:40.548Z] E1202 12:58:40.548700   18675 watch.go:31] Failed to load config from "/Users/mac/clara-ai/clara-ai/dataconnect": could not find dataconnect.yaml in `/Users/mac/clara-ai/clara-ai/dataconnect`
 {"metadata":{"emulator":{"name":"dataconnect"},"message":"E1202 12:58:40.548700   18675 watch.go:31] Failed to load config from \"/Users/mac/clara-ai/clara-ai/dataconnect\": could not find dataconnect.yaml in `/Users/mac/clara-ai/clara-ai/dataconnect`\n"}}
[debug] [2025-12-02T11:58:50.540Z] E1202 12:58:50.540563   18675 watch.go:31] Failed to load config from "/Users/mac/clara-ai/clara-ai/dataconnect": could not find dataconnect.yaml in `/Users/mac/clara-ai/clara-ai/dataconnect`
 {"metadata":{"emulator":{"name":"dataconnect"},"message":"E1202 12:58:50.540563   18675 watch.go:31] Failed to load config from \"/Users/mac/clara-ai/clara-ai/dataconnect\": could not find dataconnect.yaml in `/Users/mac/clara-ai/clara-ai/dataconnect`\n"}}
[debug] [2025-12-02T11:59:00.542Z] E1202 12:59:00.541508   18675 watch.go:31] Failed to load config from "/Users/mac/clara-ai/clara-ai/dataconnect": could not find dataconnect.yaml in `/Users/mac/clara-ai/clara-ai/dataconnect`
 {"metadata":{"emulator":{"name":"dataconnect"},"message":"E1202 12:59:00.541508   18675 watch.go:31] Failed to load config from \"/Users/mac/clara-ai/clara-ai/dataconnect\": could not find dataconnect.yaml in `/Users/mac/clara-ai/clara-ai/dataconnect`\n"}}
[debug] [2025-12-02T11:59:10.542Z] E1202 12:59:10.541767   18675 watch.go:31] Failed to load config from "/Users/mac/clara-ai/clara-ai/dataconnect": could not find dataconnect.yaml in `/Users/mac/clara-ai/clara-ai/dataconnect`
 {"metadata":{"emulator":{"name":"dataconnect"},"message":"E1202 12:59:10.541767   18675 watch.go:31] Failed to load config from \"/Users/mac/clara-ai/clara-ai/dataconnect\": could not find dataconnect.yaml in `/Users/mac/clara-ai/clara-ai/dataconnect`\n"}}
[debug] [2025-12-02T11:59:20.542Z] E1202 12:59:20.541708   18675 watch.go:31] Failed to load config from "/Users/mac/clara-ai/clara-ai/dataconnect": could not find dataconnect.yaml in `/Users/mac/clara-ai/clara-ai/dataconnect`
 {"metadata":{"emulator":{"name":"dataconnect"},"message":"E1202 12:59:20.541708   18675 watch.go:31] Failed to load config from \"/Users/mac/clara-ai/clara-ai/dataconnect\": could not find dataconnect.yaml in `/Users/mac/clara-ai/clara-ai/dataconnect`\n"}}
[debug] [2025-12-02T11:59:30.541Z] E1202 12:59:30.541456   18675 watch.go:31] Failed to load config from "/Users/mac/clara-ai/clara-ai/dataconnect": could not find dataconnect.yaml in `/Users/mac/clara-ai/clara-ai/dataconnect`
 {"metadata":{"emulator":{"name":"dataconnect"},"message":"E1202 12:59:30.541456   18675 watch.go:31] Failed to load config from \"/Users/mac/clara-ai/clara-ai/dataconnect\": could not find dataconnect.yaml in `/Users/mac/clara-ai/clara-ai/dataconnect`\n"}}
[debug] [2025-12-02T11:59:40.541Z] E1202 12:59:40.541440   18675 watch.go:31] Failed to load config from "/Users/mac/clara-ai/clara-ai/dataconnect": could not find dataconnect.yaml in `/Users/mac/clara-ai/clara-ai/dataconnect`
 {"metadata":{"emulator":{"name":"dataconnect"},"message":"E1202 12:59:40.541440   18675 watch.go:31] Failed to load config from \"/Users/mac/clara-ai/clara-ai/dataconnect\": could not find dataconnect.yaml in `/Users/mac/clara-ai/clara-ai/dataconnect`\n"}}
[debug] [2025-12-02T11:59:50.541Z] E1202 12:59:50.541582   18675 watch.go:102] watchAllDir unable to walk dir `/Users/mac/clara-ai/clara-ai/dataconnect`: lstat /Users/mac/clara-ai/clara-ai/dataconnect: no such file or directory
 {"metadata":{"emulator":{"name":"dataconnect"},"message":"E1202 12:59:50.541582   18675 watch.go:102] watchAllDir unable to walk dir `/Users/mac/clara-ai/clara-ai/dataconnect`: lstat /Users/mac/clara-ai/clara-ai/dataconnect: no such file or directory\n"}}
[debug] [2025-12-02T11:59:50.542Z] E1202 12:59:50.541754   18675 watch.go:31] Failed to load config from "/Users/mac/clara-ai/clara-ai/dataconnect": could not find dataconnect.yaml in `/Users/mac/clara-ai/clara-ai/dataconnect`
 {"metadata":{"emulator":{"name":"dataconnect"},"message":"E1202 12:59:50.541754   18675 watch.go:31] Failed to load config from \"/Users/mac/clara-ai/clara-ai/dataconnect\": could not find dataconnect.yaml in `/Users/mac/clara-ai/clara-ai/dataconnect`\n"}}
[debug] [2025-12-02T12:00:00.542Z] E1202 13:00:00.542381   18675 watch.go:31] Failed to load config from "/Users/mac/clara-ai/clara-ai/dataconnect": could not find dataconnect.yaml in `/Users/mac/clara-ai/clara-ai/dataconnect`
 {"metadata":{"emulator":{"name":"dataconnect"},"message":"E1202 13:00:00.542381   18675 watch.go:31] Failed to load config from \"/Users/mac/clara-ai/clara-ai/dataconnect\": could not find dataconnect.yaml in `/Users/mac/clara-ai/clara-ai/dataconnect`\n"}}
[debug] [2025-12-02T12:00:10.544Z] E1202 13:00:10.542790   18675 watch.go:31] Failed to load config from "/Users/mac/clara-ai/clara-ai/dataconnect": could not find dataconnect.yaml in `/Users/mac/clara-ai/clara-ai/dataconnect`
 {"metadata":{"emulator":{"name":"dataconnect"},"message":"E1202 13:00:10.542790   18675 watch.go:31] Failed to load config from \"/Users/mac/clara-ai/clara-ai/dataconnect\": could not find dataconnect.yaml in `/Users/mac/clara-ai/clara-ai/dataconnect`\n"}}
[debug] [2025-12-02T12:00:20.542Z] E1202 13:00:20.542778   18675 watch.go:31] Failed to load config from "/Users/mac/clara-ai/clara-ai/dataconnect": could not find dataconnect.yaml in `/Users/mac/clara-ai/clara-ai/dataconnect`
 {"metadata":{"emulator":{"name":"dataconnect"},"message":"E1202 13:00:20.542778   18675 watch.go:31] Failed to load config from \"/Users/mac/clara-ai/clara-ai/dataconnect\": could not find dataconnect.yaml in `/Users/mac/clara-ai/clara-ai/dataconnect`\n"}}
[debug] [2025-12-02T12:00:30.575Z] E1202 13:00:30.571668   18675 watch.go:31] Failed to load config from "/Users/mac/clara-ai/clara-ai/dataconnect": could not find dataconnect.yaml in `/Users/mac/clara-ai/clara-ai/dataconnect`
 {"metadata":{"emulator":{"name":"dataconnect"},"message":"E1202 13:00:30.571668   18675 watch.go:31] Failed to load config from \"/Users/mac/clara-ai/clara-ai/dataconnect\": could not find dataconnect.yaml in `/Users/mac/clara-ai/clara-ai/dataconnect`\n"}}
[debug] [2025-12-02T12:00:40.546Z] E1202 13:00:40.546299   18675 watch.go:31] Failed to load config from "/Users/mac/clara-ai/clara-ai/dataconnect": could not find dataconnect.yaml in `/Users/mac/clara-ai/clara-ai/dataconnect`
 {"metadata":{"emulator":{"name":"dataconnect"},"message":"E1202 13:00:40.546299   18675 watch.go:31] Failed to load config from \"/Users/mac/clara-ai/clara-ai/dataconnect\": could not find dataconnect.yaml in `/Users/mac/clara-ai/clara-ai/dataconnect`\n"}}
[debug] [2025-12-02T12:00:50.542Z] E1202 13:00:50.542585   18675 watch.go:31] Failed to load config from "/Users/mac/clara-ai/clara-ai/dataconnect": could not find dataconnect.yaml in `/Users/mac/clara-ai/clara-ai/dataconnect`
 {"metadata":{"emulator":{"name":"dataconnect"},"message":"E1202 13:00:50.542585   18675 watch.go:31] Failed to load config from \"/Users/mac/clara-ai/clara-ai/dataconnect\": could not find dataconnect.yaml in `/Users/mac/clara-ai/clara-ai/dataconnect`\n"}}
[debug] [2025-12-02T12:01:00.544Z] E1202 13:01:00.544622   18675 watch.go:31] Failed to load config from "/Users/mac/clara-ai/clara-ai/dataconnect": could not find dataconnect.yaml in `/Users/mac/clara-ai/clara-ai/dataconnect`
 {"metadata":{"emulator":{"name":"dataconnect"},"message":"E1202 13:01:00.544622   18675 watch.go:31] Failed to load config from \"/Users/mac/clara-ai/clara-ai/dataconnect\": could not find dataconnect.yaml in `/Users/mac/clara-ai/clara-ai/dataconnect`\n"}}
[debug] [2025-12-02T12:01:10.545Z] E1202 13:01:10.545222   18675 watch.go:31] Failed to load config from "/Users/mac/clara-ai/clara-ai/dataconnect": could not find dataconnect.yaml in `/Users/mac/clara-ai/clara-ai/dataconnect`
 {"metadata":{"emulator":{"name":"dataconnect"},"message":"E1202 13:01:10.545222   18675 watch.go:31] Failed to load config from \"/Users/mac/clara-ai/clara-ai/dataconnect\": could not find dataconnect.yaml in `/Users/mac/clara-ai/clara-ai/dataconnect`\n"}}
[debug] [2025-12-02T12:01:20.546Z] E1202 13:01:20.546157   18675 watch.go:31] Failed to load config from "/Users/mac/clara-ai/clara-ai/dataconnect": could not find dataconnect.yaml in `/Users/mac/clara-ai/clara-ai/dataconnect`
 {"metadata":{"emulator":{"name":"dataconnect"},"message":"E1202 13:01:20.546157   18675 watch.go:31] Failed to load config from \"/Users/mac/clara-ai/clara-ai/dataconnect\": could not find dataconnect.yaml in `/Users/mac/clara-ai/clara-ai/dataconnect`\n"}}
[debug] [2025-12-02T12:01:30.584Z] E1202 13:01:30.584391   18675 watch.go:31] Failed to load config from "/Users/mac/clara-ai/clara-ai/dataconnect": could not find dataconnect.yaml in `/Users/mac/clara-ai/clara-ai/dataconnect`
 {"metadata":{"emulator":{"name":"dataconnect"},"message":"E1202 13:01:30.584391   18675 watch.go:31] Failed to load config from \"/Users/mac/clara-ai/clara-ai/dataconnect\": could not find dataconnect.yaml in `/Users/mac/clara-ai/clara-ai/dataconnect`\n"}}
[debug] [2025-12-02T12:01:40.543Z] E1202 13:01:40.543349   18675 watch.go:31] Failed to load config from "/Users/mac/clara-ai/clara-ai/dataconnect": could not find dataconnect.yaml in `/Users/mac/clara-ai/clara-ai/dataconnect`
 {"metadata":{"emulator":{"name":"dataconnect"},"message":"E1202 13:01:40.543349   18675 watch.go:31] Failed to load config from \"/Users/mac/clara-ai/clara-ai/dataconnect\": could not find dataconnect.yaml in `/Users/mac/clara-ai/clara-ai/dataconnect`\n"}}
[debug] [2025-12-02T12:01:50.543Z] E1202 13:01:50.543352   18675 watch.go:102] watchAllDir unable to walk dir `/Users/mac/clara-ai/clara-ai/dataconnect`: lstat /Users/mac/clara-ai/clara-ai/dataconnect: no such file or directory
 {"metadata":{"emulator":{"name":"dataconnect"},"message":"E1202 13:01:50.543352   18675 watch.go:102] watchAllDir unable to walk dir `/Users/mac/clara-ai/clara-ai/dataconnect`: lstat /Users/mac/clara-ai/clara-ai/dataconnect: no such file or directory\n"}}
[debug] [2025-12-02T12:01:50.547Z] E1202 13:01:50.547730   18675 watch.go:31] Failed to load config from "/Users/mac/clara-ai/clara-ai/dataconnect": could not find dataconnect.yaml in `/Users/mac/clara-ai/clara-ai/dataconnect`
 {"metadata":{"emulator":{"name":"dataconnect"},"message":"E1202 13:01:50.547730   18675 watch.go:31] Failed to load config from \"/Users/mac/clara-ai/clara-ai/dataconnect\": could not find dataconnect.yaml in `/Users/mac/clara-ai/clara-ai/dataconnect`\n"}}
[debug] [2025-12-02T12:02:00.544Z] E1202 13:02:00.543991   18675 watch.go:31] Failed to load config from "/Users/mac/clara-ai/clara-ai/dataconnect": could not find dataconnect.yaml in `/Users/mac/clara-ai/clara-ai/dataconnect`
 {"metadata":{"emulator":{"name":"dataconnect"},"message":"E1202 13:02:00.543991   18675 watch.go:31] Failed to load config from \"/Users/mac/clara-ai/clara-ai/dataconnect\": could not find dataconnect.yaml in `/Users/mac/clara-ai/clara-ai/dataconnect`\n"}}
[debug] [2025-12-02T12:02:10.545Z] E1202 13:02:10.544806   18675 watch.go:31] Failed to load config from "/Users/mac/clara-ai/clara-ai/dataconnect": could not find dataconnect.yaml in `/Users/mac/clara-ai/clara-ai/dataconnect`
 {"metadata":{"emulator":{"name":"dataconnect"},"message":"E1202 13:02:10.544806   18675 watch.go:31] Failed to load config from \"/Users/mac/clara-ai/clara-ai/dataconnect\": could not find dataconnect.yaml in `/Users/mac/clara-ai/clara-ai/dataconnect`\n"}}
[debug] [2025-12-02T12:02:20.545Z] E1202 13:02:20.544155   18675 watch.go:31] Failed to load config from "/Users/mac/clara-ai/clara-ai/dataconnect": could not find dataconnect.yaml in `/Users/mac/clara-ai/clara-ai/dataconnect`
 {"metadata":{"emulator":{"name":"dataconnect"},"message":"E1202 13:02:20.544155   18675 watch.go:31] Failed to load config from \"/Users/mac/clara-ai/clara-ai/dataconnect\": could not find dataconnect.yaml in `/Users/mac/clara-ai/clara-ai/dataconnect`\n"}}
[debug] [2025-12-02T12:02:30.668Z] E1202 13:02:30.544840   18675 watch.go:31] Failed to load config from "/Users/mac/clara-ai/clara-ai/dataconnect": could not find dataconnect.yaml in `/Users/mac/clara-ai/clara-ai/dataconnect`
 {"metadata":{"emulator":{"name":"dataconnect"},"message":"E1202 13:02:30.544840   18675 watch.go:31] Failed to load config from \"/Users/mac/clara-ai/clara-ai/dataconnect\": could not find dataconnect.yaml in `/Users/mac/clara-ai/clara-ai/dataconnect`\n"}}
[debug] [2025-12-02T12:02:40.547Z] E1202 13:02:40.545236   18675 watch.go:31] Failed to load config from "/Users/mac/clara-ai/clara-ai/dataconnect": could not find dataconnect.yaml in `/Users/mac/clara-ai/clara-ai/dataconnect`
 {"metadata":{"emulator":{"name":"dataconnect"},"message":"E1202 13:02:40.545236   18675 watch.go:31] Failed to load config from \"/Users/mac/clara-ai/clara-ai/dataconnect\": could not find dataconnect.yaml in `/Users/mac/clara-ai/clara-ai/dataconnect`\n"}}
[debug] [2025-12-02T12:02:50.545Z] E1202 13:02:50.545297   18675 watch.go:31] Failed to load config from "/Users/mac/clara-ai/clara-ai/dataconnect": could not find dataconnect.yaml in `/Users/mac/clara-ai/clara-ai/dataconnect`
 {"metadata":{"emulator":{"name":"dataconnect"},"message":"E1202 13:02:50.545297   18675 watch.go:31] Failed to load config from \"/Users/mac/clara-ai/clara-ai/dataconnect\": could not find dataconnect.yaml in `/Users/mac/clara-ai/clara-ai/dataconnect`\n"}}
[debug] [2025-12-02T12:03:00.545Z] E1202 13:03:00.544613   18675 watch.go:31] Failed to load config from "/Users/mac/clara-ai/clara-ai/dataconnect": could not find dataconnect.yaml in `/Users/mac/clara-ai/clara-ai/dataconnect`
 {"metadata":{"emulator":{"name":"dataconnect"},"message":"E1202 13:03:00.544613   18675 watch.go:31] Failed to load config from \"/Users/mac/clara-ai/clara-ai/dataconnect\": could not find dataconnect.yaml in `/Users/mac/clara-ai/clara-ai/dataconnect`\n"}}
[debug] [2025-12-02T12:03:10.547Z] E1202 13:03:10.545686   18675 watch.go:31] Failed to load config from "/Users/mac/clara-ai/clara-ai/dataconnect": could not find dataconnect.yaml in `/Users/mac/clara-ai/clara-ai/dataconnect`
 {"metadata":{"emulator":{"name":"dataconnect"},"message":"E1202 13:03:10.545686   18675 watch.go:31] Failed to load config from \"/Users/mac/clara-ai/clara-ai/dataconnect\": could not find dataconnect.yaml in `/Users/mac/clara-ai/clara-ai/dataconnect`\n"}}
[debug] [2025-12-02T12:03:20.545Z] E1202 13:03:20.544985   18675 watch.go:31] Failed to load config from "/Users/mac/clara-ai/clara-ai/dataconnect": could not find dataconnect.yaml in `/Users/mac/clara-ai/clara-ai/dataconnect`
 {"metadata":{"emulator":{"name":"dataconnect"},"message":"E1202 13:03:20.544985   18675 watch.go:31] Failed to load config from \"/Users/mac/clara-ai/clara-ai/dataconnect\": could not find dataconnect.yaml in `/Users/mac/clara-ai/clara-ai/dataconnect`\n"}}
[debug] [2025-12-02T12:03:30.651Z] E1202 13:03:30.591294   18675 watch.go:31] Failed to load config from "/Users/mac/clara-ai/clara-ai/dataconnect": could not find dataconnect.yaml in `/Users/mac/clara-ai/clara-ai/dataconnect`
 {"metadata":{"emulator":{"name":"dataconnect"},"message":"E1202 13:03:30.591294   18675 watch.go:31] Failed to load config from \"/Users/mac/clara-ai/clara-ai/dataconnect\": could not find dataconnect.yaml in `/Users/mac/clara-ai/clara-ai/dataconnect`\n"}}
[debug] [2025-12-02T12:03:40.610Z] E1202 13:03:40.609860   18675 watch.go:31] Failed to load config from "/Users/mac/clara-ai/clara-ai/dataconnect": could not find dataconnect.yaml in `/Users/mac/clara-ai/clara-ai/dataconnect`
 {"metadata":{"emulator":{"name":"dataconnect"},"message":"E1202 13:03:40.609860   18675 watch.go:31] Failed to load config from \"/Users/mac/clara-ai/clara-ai/dataconnect\": could not find dataconnect.yaml in `/Users/mac/clara-ai/clara-ai/dataconnect`\n"}}
[debug] [2025-12-02T12:03:50.552Z] E1202 13:03:50.551237   18675 watch.go:31] Failed to load config from "/Users/mac/clara-ai/clara-ai/dataconnect": could not find dataconnect.yaml in `/Users/mac/clara-ai/clara-ai/dataconnect`
E1202 13:03:50.551901   18675 watch.go:102] watchAllDir unable to walk dir `/Users/mac/clara-ai/clara-ai/dataconnect`: lstat /Users/mac/clara-ai/clara-ai/dataconnect: no such file or directory
 {"metadata":{"emulator":{"name":"dataconnect"},"message":"E1202 13:03:50.551237   18675 watch.go:31] Failed to load config from \"/Users/mac/clara-ai/clara-ai/dataconnect\": could not find dataconnect.yaml in `/Users/mac/clara-ai/clara-ai/dataconnect`\nE1202 13:03:50.551901   18675 watch.go:102] watchAllDir unable to walk dir `/Users/mac/clara-ai/clara-ai/dataconnect`: lstat /Users/mac/clara-ai/clara-ai/dataconnect: no such file or directory\n"}}
[debug] [2025-12-02T12:04:00.555Z] E1202 13:04:00.555197   18675 watch.go:31] Failed to load config from "/Users/mac/clara-ai/clara-ai/dataconnect": could not find dataconnect.yaml in `/Users/mac/clara-ai/clara-ai/dataconnect`
 {"metadata":{"emulator":{"name":"dataconnect"},"message":"E1202 13:04:00.555197   18675 watch.go:31] Failed to load config from \"/Users/mac/clara-ai/clara-ai/dataconnect\": could not find dataconnect.yaml in `/Users/mac/clara-ai/clara-ai/dataconnect`\n"}}
[debug] [2025-12-02T12:04:10.558Z] E1202 13:04:10.557898   18675 watch.go:31] Failed to load config from "/Users/mac/clara-ai/clara-ai/dataconnect": could not find dataconnect.yaml in `/Users/mac/clara-ai/clara-ai/dataconnect`
 {"metadata":{"emulator":{"name":"dataconnect"},"message":"E1202 13:04:10.557898   18675 watch.go:31] Failed to load config from \"/Users/mac/clara-ai/clara-ai/dataconnect\": could not find dataconnect.yaml in `/Users/mac/clara-ai/clara-ai/dataconnect`\n"}}
[debug] [2025-12-02T12:04:20.558Z] E1202 13:04:20.558668   18675 watch.go:31] Failed to load config from "/Users/mac/clara-ai/clara-ai/dataconnect": could not find dataconnect.yaml in `/Users/mac/clara-ai/clara-ai/dataconnect`
 {"metadata":{"emulator":{"name":"dataconnect"},"message":"E1202 13:04:20.558668   18675 watch.go:31] Failed to load config from \"/Users/mac/clara-ai/clara-ai/dataconnect\": could not find dataconnect.yaml in `/Users/mac/clara-ai/clara-ai/dataconnect`\n"}}
[debug] [2025-12-02T12:04:30.561Z] E1202 13:04:30.560701   18675 watch.go:31] Failed to load config from "/Users/mac/clara-ai/clara-ai/dataconnect": could not find dataconnect.yaml in `/Users/mac/clara-ai/clara-ai/dataconnect`
 {"metadata":{"emulator":{"name":"dataconnect"},"message":"E1202 13:04:30.560701   18675 watch.go:31] Failed to load config from \"/Users/mac/clara-ai/clara-ai/dataconnect\": could not find dataconnect.yaml in `/Users/mac/clara-ai/clara-ai/dataconnect`\n"}}
[debug] [2025-12-02T12:04:40.561Z] E1202 13:04:40.560825   18675 watch.go:31] Failed to load config from "/Users/mac/clara-ai/clara-ai/dataconnect": could not find dataconnect.yaml in `/Users/mac/clara-ai/clara-ai/dataconnect`
 {"metadata":{"emulator":{"name":"dataconnect"},"message":"E1202 13:04:40.560825   18675 watch.go:31] Failed to load config from \"/Users/mac/clara-ai/clara-ai/dataconnect\": could not find dataconnect.yaml in `/Users/mac/clara-ai/clara-ai/dataconnect`\n"}}
[debug] [2025-12-02T12:04:50.566Z] E1202 13:04:50.565836   18675 watch.go:31] Failed to load config from "/Users/mac/clara-ai/clara-ai/dataconnect": could not find dataconnect.yaml in `/Users/mac/clara-ai/clara-ai/dataconnect`
 {"metadata":{"emulator":{"name":"dataconnect"},"message":"E1202 13:04:50.565836   18675 watch.go:31] Failed to load config from \"/Users/mac/clara-ai/clara-ai/dataconnect\": could not find dataconnect.yaml in `/Users/mac/clara-ai/clara-ai/dataconnect`\n"}}
[debug] [2025-12-02T12:05:00.564Z] E1202 13:05:00.563810   18675 watch.go:31] Failed to load config from "/Users/mac/clara-ai/clara-ai/dataconnect": could not find dataconnect.yaml in `/Users/mac/clara-ai/clara-ai/dataconnect`
 {"metadata":{"emulator":{"name":"dataconnect"},"message":"E1202 13:05:00.563810   18675 watch.go:31] Failed to load config from \"/Users/mac/clara-ai/clara-ai/dataconnect\": could not find dataconnect.yaml in `/Users/mac/clara-ai/clara-ai/dataconnect`\n"}}
[debug] [2025-12-02T12:05:10.561Z] E1202 13:05:10.559581   18675 watch.go:31] Failed to load config from "/Users/mac/clara-ai/clara-ai/dataconnect": could not find dataconnect.yaml in `/Users/mac/clara-ai/clara-ai/dataconnect`
 {"metadata":{"emulator":{"name":"dataconnect"},"message":"E1202 13:05:10.559581   18675 watch.go:31] Failed to load config from \"/Users/mac/clara-ai/clara-ai/dataconnect\": could not find dataconnect.yaml in `/Users/mac/clara-ai/clara-ai/dataconnect`\n"}}
[debug] [2025-12-02T12:05:20.561Z] E1202 13:05:20.560769   18675 watch.go:31] Failed to load config from "/Users/mac/clara-ai/clara-ai/dataconnect": could not find dataconnect.yaml in `/Users/mac/clara-ai/clara-ai/dataconnect`
 {"metadata":{"emulator":{"name":"dataconnect"},"message":"E1202 13:05:20.560769   18675 watch.go:31] Failed to load config from \"/Users/mac/clara-ai/clara-ai/dataconnect\": could not find dataconnect.yaml in `/Users/mac/clara-ai/clara-ai/dataconnect`\n"}}
[debug] [2025-12-02T12:05:30.561Z] E1202 13:05:30.560834   18675 watch.go:31] Failed to load config from "/Users/mac/clara-ai/clara-ai/dataconnect": could not find dataconnect.yaml in `/Users/mac/clara-ai/clara-ai/dataconnect`
 {"metadata":{"emulator":{"name":"dataconnect"},"message":"E1202 13:05:30.560834   18675 watch.go:31] Failed to load config from \"/Users/mac/clara-ai/clara-ai/dataconnect\": could not find dataconnect.yaml in `/Users/mac/clara-ai/clara-ai/dataconnect`\n"}}
[debug] [2025-12-02T12:05:40.563Z] E1202 13:05:40.560456   18675 watch.go:31] Failed to load config from "/Users/mac/clara-ai/clara-ai/dataconnect": could not find dataconnect.yaml in `/Users/mac/clara-ai/clara-ai/dataconnect`
 {"metadata":{"emulator":{"name":"dataconnect"},"message":"E1202 13:05:40.560456   18675 watch.go:31] Failed to load config from \"/Users/mac/clara-ai/clara-ai/dataconnect\": could not find dataconnect.yaml in `/Users/mac/clara-ai/clara-ai/dataconnect`\n"}}
[debug] [2025-12-02T12:05:50.560Z] E1202 13:05:50.560378   18675 watch.go:31] Failed to load config from "/Users/mac/clara-ai/clara-ai/dataconnect": could not find dataconnect.yaml in `/Users/mac/clara-ai/clara-ai/dataconnect`
E1202 13:05:50.560539   18675 watch.go:102] watchAllDir unable to walk dir `/Users/mac/clara-ai/clara-ai/dataconnect`: lstat /Users/mac/clara-ai/clara-ai/dataconnect: no such file or directory
 {"metadata":{"emulator":{"name":"dataconnect"},"message":"E1202 13:05:50.560378   18675 watch.go:31] Failed to load config from \"/Users/mac/clara-ai/clara-ai/dataconnect\": could not find dataconnect.yaml in `/Users/mac/clara-ai/clara-ai/dataconnect`\nE1202 13:05:50.560539   18675 watch.go:102] watchAllDir unable to walk dir `/Users/mac/clara-ai/clara-ai/dataconnect`: lstat /Users/mac/clara-ai/clara-ai/dataconnect: no such file or directory\n"}}
[debug] [2025-12-02T12:06:00.561Z] E1202 13:06:00.561162   18675 watch.go:31] Failed to load config from "/Users/mac/clara-ai/clara-ai/dataconnect": could not find dataconnect.yaml in `/Users/mac/clara-ai/clara-ai/dataconnect`
 {"metadata":{"emulator":{"name":"dataconnect"},"message":"E1202 13:06:00.561162   18675 watch.go:31] Failed to load config from \"/Users/mac/clara-ai/clara-ai/dataconnect\": could not find dataconnect.yaml in `/Users/mac/clara-ai/clara-ai/dataconnect`\n"}}
[debug] [2025-12-02T12:06:10.562Z] E1202 13:06:10.562072   18675 watch.go:31] Failed to load config from "/Users/mac/clara-ai/clara-ai/dataconnect": could not find dataconnect.yaml in `/Users/mac/clara-ai/clara-ai/dataconnect`
 {"metadata":{"emulator":{"name":"dataconnect"},"message":"E1202 13:06:10.562072   18675 watch.go:31] Failed to load config from \"/Users/mac/clara-ai/clara-ai/dataconnect\": could not find dataconnect.yaml in `/Users/mac/clara-ai/clara-ai/dataconnect`\n"}}
[debug] [2025-12-02T12:06:20.561Z] E1202 13:06:20.561226   18675 watch.go:31] Failed to load config from "/Users/mac/clara-ai/clara-ai/dataconnect": could not find dataconnect.yaml in `/Users/mac/clara-ai/clara-ai/dataconnect`
 {"metadata":{"emulator":{"name":"dataconnect"},"message":"E1202 13:06:20.561226   18675 watch.go:31] Failed to load config from \"/Users/mac/clara-ai/clara-ai/dataconnect\": could not find dataconnect.yaml in `/Users/mac/clara-ai/clara-ai/dataconnect`\n"}}
[debug] [2025-12-02T12:06:30.561Z] E1202 13:06:30.561052   18675 watch.go:31] Failed to load config from "/Users/mac/clara-ai/clara-ai/dataconnect": could not find dataconnect.yaml in `/Users/mac/clara-ai/clara-ai/dataconnect`
 {"metadata":{"emulator":{"name":"dataconnect"},"message":"E1202 13:06:30.561052   18675 watch.go:31] Failed to load config from \"/Users/mac/clara-ai/clara-ai/dataconnect\": could not find dataconnect.yaml in `/Users/mac/clara-ai/clara-ai/dataconnect`\n"}}
[debug] [2025-12-02T12:06:40.576Z] E1202 13:06:40.576183   18675 watch.go:31] Failed to load config from "/Users/mac/clara-ai/clara-ai/dataconnect": could not find dataconnect.yaml in `/Users/mac/clara-ai/clara-ai/dataconnect`
 {"metadata":{"emulator":{"name":"dataconnect"},"message":"E1202 13:06:40.576183   18675 watch.go:31] Failed to load config from \"/Users/mac/clara-ai/clara-ai/dataconnect\": could not find dataconnect.yaml in `/Users/mac/clara-ai/clara-ai/dataconnect`\n"}}
[debug] [2025-12-02T12:06:50.561Z] E1202 13:06:50.561411   18675 watch.go:31] Failed to load config from "/Users/mac/clara-ai/clara-ai/dataconnect": could not find dataconnect.yaml in `/Users/mac/clara-ai/clara-ai/dataconnect`
 {"metadata":{"emulator":{"name":"dataconnect"},"message":"E1202 13:06:50.561411   18675 watch.go:31] Failed to load config from \"/Users/mac/clara-ai/clara-ai/dataconnect\": could not find dataconnect.yaml in `/Users/mac/clara-ai/clara-ai/dataconnect`\n"}}
[debug] [2025-12-02T12:07:00.593Z] E1202 13:07:00.593452   18675 watch.go:31] Failed to load config from "/Users/mac/clara-ai/clara-ai/dataconnect": could not find dataconnect.yaml in `/Users/mac/clara-ai/clara-ai/dataconnect`
 {"metadata":{"emulator":{"name":"dataconnect"},"message":"E1202 13:07:00.593452   18675 watch.go:31] Failed to load config from \"/Users/mac/clara-ai/clara-ai/dataconnect\": could not find dataconnect.yaml in `/Users/mac/clara-ai/clara-ai/dataconnect`\n"}}
[debug] [2025-12-02T12:07:10.563Z] E1202 13:07:10.562989   18675 watch.go:31] Failed to load config from "/Users/mac/clara-ai/clara-ai/dataconnect": could not find dataconnect.yaml in `/Users/mac/clara-ai/clara-ai/dataconnect`
 {"metadata":{"emulator":{"name":"dataconnect"},"message":"E1202 13:07:10.562989   18675 watch.go:31] Failed to load config from \"/Users/mac/clara-ai/clara-ai/dataconnect\": could not find dataconnect.yaml in `/Users/mac/clara-ai/clara-ai/dataconnect`\n"}}
[debug] [2025-12-02T12:07:20.562Z] E1202 13:07:20.562511   18675 watch.go:31] Failed to load config from "/Users/mac/clara-ai/clara-ai/dataconnect": could not find dataconnect.yaml in `/Users/mac/clara-ai/clara-ai/dataconnect`
 {"metadata":{"emulator":{"name":"dataconnect"},"message":"E1202 13:07:20.562511   18675 watch.go:31] Failed to load config from \"/Users/mac/clara-ai/clara-ai/dataconnect\": could not find dataconnect.yaml in `/Users/mac/clara-ai/clara-ai/dataconnect`\n"}}
[debug] [2025-12-02T12:07:30.564Z] E1202 13:07:30.563992   18675 watch.go:31] Failed to load config from "/Users/mac/clara-ai/clara-ai/dataconnect": could not find dataconnect.yaml in `/Users/mac/clara-ai/clara-ai/dataconnect`
 {"metadata":{"emulator":{"name":"dataconnect"},"message":"E1202 13:07:30.563992   18675 watch.go:31] Failed to load config from \"/Users/mac/clara-ai/clara-ai/dataconnect\": could not find dataconnect.yaml in `/Users/mac/clara-ai/clara-ai/dataconnect`\n"}}
[debug] [2025-12-02T12:07:40.563Z] E1202 13:07:40.563140   18675 watch.go:31] Failed to load config from "/Users/mac/clara-ai/clara-ai/dataconnect": could not find dataconnect.yaml in `/Users/mac/clara-ai/clara-ai/dataconnect`
 {"metadata":{"emulator":{"name":"dataconnect"},"message":"E1202 13:07:40.563140   18675 watch.go:31] Failed to load config from \"/Users/mac/clara-ai/clara-ai/dataconnect\": could not find dataconnect.yaml in `/Users/mac/clara-ai/clara-ai/dataconnect`\n"}}
[debug] [2025-12-02T12:07:50.563Z] E1202 13:07:50.563334   18675 watch.go:31] Failed to load config from "/Users/mac/clara-ai/clara-ai/dataconnect": could not find dataconnect.yaml in `/Users/mac/clara-ai/clara-ai/dataconnect`
 {"metadata":{"emulator":{"name":"dataconnect"},"message":"E1202 13:07:50.563334   18675 watch.go:31] Failed to load config from \"/Users/mac/clara-ai/clara-ai/dataconnect\": could not find dataconnect.yaml in `/Users/mac/clara-ai/clara-ai/dataconnect`\n"}}
[debug] [2025-12-02T12:07:50.564Z] E1202 13:07:50.563376   18675 watch.go:102] watchAllDir unable to walk dir `/Users/mac/clara-ai/clara-ai/dataconnect`: lstat /Users/mac/clara-ai/clara-ai/dataconnect: no such file or directory
 {"metadata":{"emulator":{"name":"dataconnect"},"message":"E1202 13:07:50.563376   18675 watch.go:102] watchAllDir unable to walk dir `/Users/mac/clara-ai/clara-ai/dataconnect`: lstat /Users/mac/clara-ai/clara-ai/dataconnect: no such file or directory\n"}}
[debug] [2025-12-02T12:08:00.563Z] E1202 13:08:00.563641   18675 watch.go:31] Failed to load config from "/Users/mac/clara-ai/clara-ai/dataconnect": could not find dataconnect.yaml in `/Users/mac/clara-ai/clara-ai/dataconnect`
 {"metadata":{"emulator":{"name":"dataconnect"},"message":"E1202 13:08:00.563641   18675 watch.go:31] Failed to load config from \"/Users/mac/clara-ai/clara-ai/dataconnect\": could not find dataconnect.yaml in `/Users/mac/clara-ai/clara-ai/dataconnect`\n"}}
[debug] [2025-12-02T12:08:10.564Z] E1202 13:08:10.564239   18675 watch.go:31] Failed to load config from "/Users/mac/clara-ai/clara-ai/dataconnect": could not find dataconnect.yaml in `/Users/mac/clara-ai/clara-ai/dataconnect`
 {"metadata":{"emulator":{"name":"dataconnect"},"message":"E1202 13:08:10.564239   18675 watch.go:31] Failed to load config from \"/Users/mac/clara-ai/clara-ai/dataconnect\": could not find dataconnect.yaml in `/Users/mac/clara-ai/clara-ai/dataconnect`\n"}}
[debug] [2025-12-02T12:08:20.563Z] E1202 13:08:20.563564   18675 watch.go:31] Failed to load config from "/Users/mac/clara-ai/clara-ai/dataconnect": could not find dataconnect.yaml in `/Users/mac/clara-ai/clara-ai/dataconnect`
 {"metadata":{"emulator":{"name":"dataconnect"},"message":"E1202 13:08:20.563564   18675 watch.go:31] Failed to load config from \"/Users/mac/clara-ai/clara-ai/dataconnect\": could not find dataconnect.yaml in `/Users/mac/clara-ai/clara-ai/dataconnect`\n"}}
[debug] [2025-12-02T12:08:30.564Z] E1202 13:08:30.564285   18675 watch.go:31] Failed to load config from "/Users/mac/clara-ai/clara-ai/dataconnect": could not find dataconnect.yaml in `/Users/mac/clara-ai/clara-ai/dataconnect`
 {"metadata":{"emulator":{"name":"dataconnect"},"message":"E1202 13:08:30.564285   18675 watch.go:31] Failed to load config from \"/Users/mac/clara-ai/clara-ai/dataconnect\": could not find dataconnect.yaml in `/Users/mac/clara-ai/clara-ai/dataconnect`\n"}}
[debug] [2025-12-02T12:08:40.565Z] E1202 13:08:40.564300   18675 watch.go:31] Failed to load config from "/Users/mac/clara-ai/clara-ai/dataconnect": could not find dataconnect.yaml in `/Users/mac/clara-ai/clara-ai/dataconnect`
 {"metadata":{"emulator":{"name":"dataconnect"},"message":"E1202 13:08:40.564300   18675 watch.go:31] Failed to load config from \"/Users/mac/clara-ai/clara-ai/dataconnect\": could not find dataconnect.yaml in `/Users/mac/clara-ai/clara-ai/dataconnect`\n"}}
[debug] [2025-12-02T12:08:50.565Z] E1202 13:08:50.565058   18675 watch.go:31] Failed to load config from "/Users/mac/clara-ai/clara-ai/dataconnect": could not find dataconnect.yaml in `/Users/mac/clara-ai/clara-ai/dataconnect`
 {"metadata":{"emulator":{"name":"dataconnect"},"message":"E1202 13:08:50.565058   18675 watch.go:31] Failed to load config from \"/Users/mac/clara-ai/clara-ai/dataconnect\": could not find dataconnect.yaml in `/Users/mac/clara-ai/clara-ai/dataconnect`\n"}}
[debug] [2025-12-02T12:09:00.566Z] E1202 13:09:00.564958   18675 watch.go:31] Failed to load config from "/Users/mac/clara-ai/clara-ai/dataconnect": could not find dataconnect.yaml in `/Users/mac/clara-ai/clara-ai/dataconnect`
 {"metadata":{"emulator":{"name":"dataconnect"},"message":"E1202 13:09:00.564958   18675 watch.go:31] Failed to load config from \"/Users/mac/clara-ai/clara-ai/dataconnect\": could not find dataconnect.yaml in `/Users/mac/clara-ai/clara-ai/dataconnect`\n"}}
[debug] [2025-12-02T12:09:10.565Z] E1202 13:09:10.564947   18675 watch.go:31] Failed to load config from "/Users/mac/clara-ai/clara-ai/dataconnect": could not find dataconnect.yaml in `/Users/mac/clara-ai/clara-ai/dataconnect`
 {"metadata":{"emulator":{"name":"dataconnect"},"message":"E1202 13:09:10.564947   18675 watch.go:31] Failed to load config from \"/Users/mac/clara-ai/clara-ai/dataconnect\": could not find dataconnect.yaml in `/Users/mac/clara-ai/clara-ai/dataconnect`\n"}}
[debug] [2025-12-02T12:09:20.564Z] E1202 13:09:20.564744   18675 watch.go:31] Failed to load config from "/Users/mac/clara-ai/clara-ai/dataconnect": could not find dataconnect.yaml in `/Users/mac/clara-ai/clara-ai/dataconnect`
 {"metadata":{"emulator":{"name":"dataconnect"},"message":"E1202 13:09:20.564744   18675 watch.go:31] Failed to load config from \"/Users/mac/clara-ai/clara-ai/dataconnect\": could not find dataconnect.yaml in `/Users/mac/clara-ai/clara-ai/dataconnect`\n"}}
[debug] [2025-12-02T12:09:30.564Z] E1202 13:09:30.564177   18675 watch.go:31] Failed to load config from "/Users/mac/clara-ai/clara-ai/dataconnect": could not find dataconnect.yaml in `/Users/mac/clara-ai/clara-ai/dataconnect`
 {"metadata":{"emulator":{"name":"dataconnect"},"message":"E1202 13:09:30.564177   18675 watch.go:31] Failed to load config from \"/Users/mac/clara-ai/clara-ai/dataconnect\": could not find dataconnect.yaml in `/Users/mac/clara-ai/clara-ai/dataconnect`\n"}}
[debug] [2025-12-02T12:09:40.607Z] E1202 13:09:40.605069   18675 watch.go:31] Failed to load config from "/Users/mac/clara-ai/clara-ai/dataconnect": could not find dataconnect.yaml in `/Users/mac/clara-ai/clara-ai/dataconnect`
 {"metadata":{"emulator":{"name":"dataconnect"},"message":"E1202 13:09:40.605069   18675 watch.go:31] Failed to load config from \"/Users/mac/clara-ai/clara-ai/dataconnect\": could not find dataconnect.yaml in `/Users/mac/clara-ai/clara-ai/dataconnect`\n"}}
[debug] [2025-12-02T12:09:50.565Z] E1202 13:09:50.564974   18675 watch.go:31] Failed to load config from "/Users/mac/clara-ai/clara-ai/dataconnect": could not find dataconnect.yaml in `/Users/mac/clara-ai/clara-ai/dataconnect`
 {"metadata":{"emulator":{"name":"dataconnect"},"message":"E1202 13:09:50.564974   18675 watch.go:31] Failed to load config from \"/Users/mac/clara-ai/clara-ai/dataconnect\": could not find dataconnect.yaml in `/Users/mac/clara-ai/clara-ai/dataconnect`\n"}}
[debug] [2025-12-02T12:09:50.567Z] E1202 13:09:50.565013   18675 watch.go:102] watchAllDir unable to walk dir `/Users/mac/clara-ai/clara-ai/dataconnect`: lstat /Users/mac/clara-ai/clara-ai/dataconnect: no such file or directory
 {"metadata":{"emulator":{"name":"dataconnect"},"message":"E1202 13:09:50.565013   18675 watch.go:102] watchAllDir unable to walk dir `/Users/mac/clara-ai/clara-ai/dataconnect`: lstat /Users/mac/clara-ai/clara-ai/dataconnect: no such file or directory\n"}}
[debug] [2025-12-02T12:10:00.565Z] E1202 13:10:00.565044   18675 watch.go:31] Failed to load config from "/Users/mac/clara-ai/clara-ai/dataconnect": could not find dataconnect.yaml in `/Users/mac/clara-ai/clara-ai/dataconnect`
 {"metadata":{"emulator":{"name":"dataconnect"},"message":"E1202 13:10:00.565044   18675 watch.go:31] Failed to load config from \"/Users/mac/clara-ai/clara-ai/dataconnect\": could not find dataconnect.yaml in `/Users/mac/clara-ai/clara-ai/dataconnect`\n"}}
[debug] [2025-12-02T12:10:10.566Z] E1202 13:10:10.565562   18675 watch.go:31] Failed to load config from "/Users/mac/clara-ai/clara-ai/dataconnect": could not find dataconnect.yaml in `/Users/mac/clara-ai/clara-ai/dataconnect`
 {"metadata":{"emulator":{"name":"dataconnect"},"message":"E1202 13:10:10.565562   18675 watch.go:31] Failed to load config from \"/Users/mac/clara-ai/clara-ai/dataconnect\": could not find dataconnect.yaml in `/Users/mac/clara-ai/clara-ai/dataconnect`\n"}}
[debug] [2025-12-02T12:10:20.566Z] E1202 13:10:20.565881   18675 watch.go:31] Failed to load config from "/Users/mac/clara-ai/clara-ai/dataconnect": could not find dataconnect.yaml in `/Users/mac/clara-ai/clara-ai/dataconnect`
 {"metadata":{"emulator":{"name":"dataconnect"},"message":"E1202 13:10:20.565881   18675 watch.go:31] Failed to load config from \"/Users/mac/clara-ai/clara-ai/dataconnect\": could not find dataconnect.yaml in `/Users/mac/clara-ai/clara-ai/dataconnect`\n"}}
[debug] [2025-12-02T12:10:30.571Z] E1202 13:10:30.571079   18675 watch.go:31] Failed to load config from "/Users/mac/clara-ai/clara-ai/dataconnect": could not find dataconnect.yaml in `/Users/mac/clara-ai/clara-ai/dataconnect`
 {"metadata":{"emulator":{"name":"dataconnect"},"message":"E1202 13:10:30.571079   18675 watch.go:31] Failed to load config from \"/Users/mac/clara-ai/clara-ai/dataconnect\": could not find dataconnect.yaml in `/Users/mac/clara-ai/clara-ai/dataconnect`\n"}}
[debug] [2025-12-02T12:10:40.579Z] E1202 13:10:40.578907   18675 watch.go:31] Failed to load config from "/Users/mac/clara-ai/clara-ai/dataconnect": could not find dataconnect.yaml in `/Users/mac/clara-ai/clara-ai/dataconnect`
 {"metadata":{"emulator":{"name":"dataconnect"},"message":"E1202 13:10:40.578907   18675 watch.go:31] Failed to load config from \"/Users/mac/clara-ai/clara-ai/dataconnect\": could not find dataconnect.yaml in `/Users/mac/clara-ai/clara-ai/dataconnect`\n"}}
[debug] [2025-12-02T12:10:50.571Z] E1202 13:10:50.570254   18675 watch.go:31] Failed to load config from "/Users/mac/clara-ai/clara-ai/dataconnect": could not find dataconnect.yaml in `/Users/mac/clara-ai/clara-ai/dataconnect`
 {"metadata":{"emulator":{"name":"dataconnect"},"message":"E1202 13:10:50.570254   18675 watch.go:31] Failed to load config from \"/Users/mac/clara-ai/clara-ai/dataconnect\": could not find dataconnect.yaml in `/Users/mac/clara-ai/clara-ai/dataconnect`\n"}}
[debug] [2025-12-02T12:11:00.846Z] E1202 13:11:00.567149   18675 watch.go:31] Failed to load config from "/Users/mac/clara-ai/clara-ai/dataconnect": could not find dataconnect.yaml in `/Users/mac/clara-ai/clara-ai/dataconnect`
 {"metadata":{"emulator":{"name":"dataconnect"},"message":"E1202 13:11:00.567149   18675 watch.go:31] Failed to load config from \"/Users/mac/clara-ai/clara-ai/dataconnect\": could not find dataconnect.yaml in `/Users/mac/clara-ai/clara-ai/dataconnect`\n"}}
[debug] [2025-12-02T12:11:10.596Z] E1202 13:11:10.566237   18675 watch.go:31] Failed to load config from "/Users/mac/clara-ai/clara-ai/dataconnect": could not find dataconnect.yaml in `/Users/mac/clara-ai/clara-ai/dataconnect`
 {"metadata":{"emulator":{"name":"dataconnect"},"message":"E1202 13:11:10.566237   18675 watch.go:31] Failed to load config from \"/Users/mac/clara-ai/clara-ai/dataconnect\": could not find dataconnect.yaml in `/Users/mac/clara-ai/clara-ai/dataconnect`\n"}}
[debug] [2025-12-02T12:11:20.568Z] E1202 13:11:20.567662   18675 watch.go:31] Failed to load config from "/Users/mac/clara-ai/clara-ai/dataconnect": could not find dataconnect.yaml in `/Users/mac/clara-ai/clara-ai/dataconnect`
 {"metadata":{"emulator":{"name":"dataconnect"},"message":"E1202 13:11:20.567662   18675 watch.go:31] Failed to load config from \"/Users/mac/clara-ai/clara-ai/dataconnect\": could not find dataconnect.yaml in `/Users/mac/clara-ai/clara-ai/dataconnect`\n"}}
[debug] [2025-12-02T12:11:30.567Z] E1202 13:11:30.566566   18675 watch.go:31] Failed to load config from "/Users/mac/clara-ai/clara-ai/dataconnect": could not find dataconnect.yaml in `/Users/mac/clara-ai/clara-ai/dataconnect`
 {"metadata":{"emulator":{"name":"dataconnect"},"message":"E1202 13:11:30.566566   18675 watch.go:31] Failed to load config from \"/Users/mac/clara-ai/clara-ai/dataconnect\": could not find dataconnect.yaml in `/Users/mac/clara-ai/clara-ai/dataconnect`\n"}}
[debug] [2025-12-02T12:11:40.578Z] E1202 13:11:40.577966   18675 watch.go:31] Failed to load config from "/Users/mac/clara-ai/clara-ai/dataconnect": could not find dataconnect.yaml in `/Users/mac/clara-ai/clara-ai/dataconnect`
 {"metadata":{"emulator":{"name":"dataconnect"},"message":"E1202 13:11:40.577966   18675 watch.go:31] Failed to load config from \"/Users/mac/clara-ai/clara-ai/dataconnect\": could not find dataconnect.yaml in `/Users/mac/clara-ai/clara-ai/dataconnect`\n"}}
[debug] [2025-12-02T12:11:50.568Z] E1202 13:11:50.567954   18675 watch.go:31] Failed to load config from "/Users/mac/clara-ai/clara-ai/dataconnect": could not find dataconnect.yaml in `/Users/mac/clara-ai/clara-ai/dataconnect`
E1202 13:11:50.568027   18675 watch.go:102] watchAllDir unable to walk dir `/Users/mac/clara-ai/clara-ai/dataconnect`: lstat /Users/mac/clara-ai/clara-ai/dataconnect: no such file or directory
 {"metadata":{"emulator":{"name":"dataconnect"},"message":"E1202 13:11:50.567954   18675 watch.go:31] Failed to load config from \"/Users/mac/clara-ai/clara-ai/dataconnect\": could not find dataconnect.yaml in `/Users/mac/clara-ai/clara-ai/dataconnect`\nE1202 13:11:50.568027   18675 watch.go:102] watchAllDir unable to walk dir `/Users/mac/clara-ai/clara-ai/dataconnect`: lstat /Users/mac/clara-ai/clara-ai/dataconnect: no such file or directory\n"}}
[debug] [2025-12-02T12:12:00.570Z] E1202 13:12:00.569998   18675 watch.go:31] Failed to load config from "/Users/mac/clara-ai/clara-ai/dataconnect": could not find dataconnect.yaml in `/Users/mac/clara-ai/clara-ai/dataconnect`
 {"metadata":{"emulator":{"name":"dataconnect"},"message":"E1202 13:12:00.569998   18675 watch.go:31] Failed to load config from \"/Users/mac/clara-ai/clara-ai/dataconnect\": could not find dataconnect.yaml in `/Users/mac/clara-ai/clara-ai/dataconnect`\n"}}
[debug] [2025-12-02T12:12:10.569Z] E1202 13:12:10.568840   18675 watch.go:31] Failed to load config from "/Users/mac/clara-ai/clara-ai/dataconnect": could not find dataconnect.yaml in `/Users/mac/clara-ai/clara-ai/dataconnect`
 {"metadata":{"emulator":{"name":"dataconnect"},"message":"E1202 13:12:10.568840   18675 watch.go:31] Failed to load config from \"/Users/mac/clara-ai/clara-ai/dataconnect\": could not find dataconnect.yaml in `/Users/mac/clara-ai/clara-ai/dataconnect`\n"}}
[debug] [2025-12-02T12:12:20.568Z] E1202 13:12:20.568149   18675 watch.go:31] Failed to load config from "/Users/mac/clara-ai/clara-ai/dataconnect": could not find dataconnect.yaml in `/Users/mac/clara-ai/clara-ai/dataconnect`
 {"metadata":{"emulator":{"name":"dataconnect"},"message":"E1202 13:12:20.568149   18675 watch.go:31] Failed to load config from \"/Users/mac/clara-ai/clara-ai/dataconnect\": could not find dataconnect.yaml in `/Users/mac/clara-ai/clara-ai/dataconnect`\n"}}
[debug] [2025-12-02T12:12:30.568Z] E1202 13:12:30.567943   18675 watch.go:31] Failed to load config from "/Users/mac/clara-ai/clara-ai/dataconnect": could not find dataconnect.yaml in `/Users/mac/clara-ai/clara-ai/dataconnect`
 {"metadata":{"emulator":{"name":"dataconnect"},"message":"E1202 13:12:30.567943   18675 watch.go:31] Failed to load config from \"/Users/mac/clara-ai/clara-ai/dataconnect\": could not find dataconnect.yaml in `/Users/mac/clara-ai/clara-ai/dataconnect`\n"}}
[debug] [2025-12-02T12:12:40.568Z] E1202 13:12:40.567901   18675 watch.go:31] Failed to load config from "/Users/mac/clara-ai/clara-ai/dataconnect": could not find dataconnect.yaml in `/Users/mac/clara-ai/clara-ai/dataconnect`
 {"metadata":{"emulator":{"name":"dataconnect"},"message":"E1202 13:12:40.567901   18675 watch.go:31] Failed to load config from \"/Users/mac/clara-ai/clara-ai/dataconnect\": could not find dataconnect.yaml in `/Users/mac/clara-ai/clara-ai/dataconnect`\n"}}
[debug] [2025-12-02T12:12:50.572Z] E1202 13:12:50.569149   18675 watch.go:31] Failed to load config from "/Users/mac/clara-ai/clara-ai/dataconnect": could not find dataconnect.yaml in `/Users/mac/clara-ai/clara-ai/dataconnect`
 {"metadata":{"emulator":{"name":"dataconnect"},"message":"E1202 13:12:50.569149   18675 watch.go:31] Failed to load config from \"/Users/mac/clara-ai/clara-ai/dataconnect\": could not find dataconnect.yaml in `/Users/mac/clara-ai/clara-ai/dataconnect`\n"}}
[debug] [2025-12-02T12:13:00.573Z] E1202 13:13:00.568884   18675 watch.go:31] Failed to load config from "/Users/mac/clara-ai/clara-ai/dataconnect": could not find dataconnect.yaml in `/Users/mac/clara-ai/clara-ai/dataconnect`
 {"metadata":{"emulator":{"name":"dataconnect"},"message":"E1202 13:13:00.568884   18675 watch.go:31] Failed to load config from \"/Users/mac/clara-ai/clara-ai/dataconnect\": could not find dataconnect.yaml in `/Users/mac/clara-ai/clara-ai/dataconnect`\n"}}
[debug] [2025-12-02T12:13:10.568Z] E1202 13:13:10.568780   18675 watch.go:31] Failed to load config from "/Users/mac/clara-ai/clara-ai/dataconnect": could not find dataconnect.yaml in `/Users/mac/clara-ai/clara-ai/dataconnect`
 {"metadata":{"emulator":{"name":"dataconnect"},"message":"E1202 13:13:10.568780   18675 watch.go:31] Failed to load config from \"/Users/mac/clara-ai/clara-ai/dataconnect\": could not find dataconnect.yaml in `/Users/mac/clara-ai/clara-ai/dataconnect`\n"}}
[debug] [2025-12-02T12:13:20.590Z] E1202 13:13:20.587401   18675 watch.go:31] Failed to load config from "/Users/mac/clara-ai/clara-ai/dataconnect": could not find dataconnect.yaml in `/Users/mac/clara-ai/clara-ai/dataconnect`
 {"metadata":{"emulator":{"name":"dataconnect"},"message":"E1202 13:13:20.587401   18675 watch.go:31] Failed to load config from \"/Users/mac/clara-ai/clara-ai/dataconnect\": could not find dataconnect.yaml in `/Users/mac/clara-ai/clara-ai/dataconnect`\n"}}
[debug] [2025-12-02T12:13:30.573Z] E1202 13:13:30.573437   18675 watch.go:31] Failed to load config from "/Users/mac/clara-ai/clara-ai/dataconnect": could not find dataconnect.yaml in `/Users/mac/clara-ai/clara-ai/dataconnect`
 {"metadata":{"emulator":{"name":"dataconnect"},"message":"E1202 13:13:30.573437   18675 watch.go:31] Failed to load config from \"/Users/mac/clara-ai/clara-ai/dataconnect\": could not find dataconnect.yaml in `/Users/mac/clara-ai/clara-ai/dataconnect`\n"}}
[debug] [2025-12-02T12:13:40.571Z] E1202 13:13:40.570488   18675 watch.go:31] Failed to load config from "/Users/mac/clara-ai/clara-ai/dataconnect": could not find dataconnect.yaml in `/Users/mac/clara-ai/clara-ai/dataconnect`
 {"metadata":{"emulator":{"name":"dataconnect"},"message":"E1202 13:13:40.570488   18675 watch.go:31] Failed to load config from \"/Users/mac/clara-ai/clara-ai/dataconnect\": could not find dataconnect.yaml in `/Users/mac/clara-ai/clara-ai/dataconnect`\n"}}
[debug] [2025-12-02T12:13:50.569Z] E1202 13:13:50.569306   18675 watch.go:31] Failed to load config from "/Users/mac/clara-ai/clara-ai/dataconnect": could not find dataconnect.yaml in `/Users/mac/clara-ai/clara-ai/dataconnect`
 {"metadata":{"emulator":{"name":"dataconnect"},"message":"E1202 13:13:50.569306   18675 watch.go:31] Failed to load config from \"/Users/mac/clara-ai/clara-ai/dataconnect\": could not find dataconnect.yaml in `/Users/mac/clara-ai/clara-ai/dataconnect`\n"}}
[debug] [2025-12-02T12:13:50.570Z] E1202 13:13:50.569401   18675 watch.go:102] watchAllDir unable to walk dir `/Users/mac/clara-ai/clara-ai/dataconnect`: lstat /Users/mac/clara-ai/clara-ai/dataconnect: no such file or directory
 {"metadata":{"emulator":{"name":"dataconnect"},"message":"E1202 13:13:50.569401   18675 watch.go:102] watchAllDir unable to walk dir `/Users/mac/clara-ai/clara-ai/dataconnect`: lstat /Users/mac/clara-ai/clara-ai/dataconnect: no such file or directory\n"}}
[debug] [2025-12-02T12:14:00.569Z] E1202 13:14:00.569485   18675 watch.go:31] Failed to load config from "/Users/mac/clara-ai/clara-ai/dataconnect": could not find dataconnect.yaml in `/Users/mac/clara-ai/clara-ai/dataconnect`
 {"metadata":{"emulator":{"name":"dataconnect"},"message":"E1202 13:14:00.569485   18675 watch.go:31] Failed to load config from \"/Users/mac/clara-ai/clara-ai/dataconnect\": could not find dataconnect.yaml in `/Users/mac/clara-ai/clara-ai/dataconnect`\n"}}
[debug] [2025-12-02T12:14:10.576Z] E1202 13:14:10.572304   18675 watch.go:31] Failed to load config from "/Users/mac/clara-ai/clara-ai/dataconnect": could not find dataconnect.yaml in `/Users/mac/clara-ai/clara-ai/dataconnect`
 {"metadata":{"emulator":{"name":"dataconnect"},"message":"E1202 13:14:10.572304   18675 watch.go:31] Failed to load config from \"/Users/mac/clara-ai/clara-ai/dataconnect\": could not find dataconnect.yaml in `/Users/mac/clara-ai/clara-ai/dataconnect`\n"}}
[debug] [2025-12-02T12:14:20.570Z] E1202 13:14:20.569711   18675 watch.go:31] Failed to load config from "/Users/mac/clara-ai/clara-ai/dataconnect": could not find dataconnect.yaml in `/Users/mac/clara-ai/clara-ai/dataconnect`
 {"metadata":{"emulator":{"name":"dataconnect"},"message":"E1202 13:14:20.569711   18675 watch.go:31] Failed to load config from \"/Users/mac/clara-ai/clara-ai/dataconnect\": could not find dataconnect.yaml in `/Users/mac/clara-ai/clara-ai/dataconnect`\n"}}
[debug] [2025-12-02T12:14:30.572Z] E1202 13:14:30.571597   18675 watch.go:31] Failed to load config from "/Users/mac/clara-ai/clara-ai/dataconnect": could not find dataconnect.yaml in `/Users/mac/clara-ai/clara-ai/dataconnect`
 {"metadata":{"emulator":{"name":"dataconnect"},"message":"E1202 13:14:30.571597   18675 watch.go:31] Failed to load config from \"/Users/mac/clara-ai/clara-ai/dataconnect\": could not find dataconnect.yaml in `/Users/mac/clara-ai/clara-ai/dataconnect`\n"}}
[debug] [2025-12-02T12:14:40.570Z] E1202 13:14:40.569956   18675 watch.go:31] Failed to load config from "/Users/mac/clara-ai/clara-ai/dataconnect": could not find dataconnect.yaml in `/Users/mac/clara-ai/clara-ai/dataconnect`
 {"metadata":{"emulator":{"name":"dataconnect"},"message":"E1202 13:14:40.569956   18675 watch.go:31] Failed to load config from \"/Users/mac/clara-ai/clara-ai/dataconnect\": could not find dataconnect.yaml in `/Users/mac/clara-ai/clara-ai/dataconnect`\n"}}
[debug] [2025-12-02T12:14:50.575Z] E1202 13:14:50.574099   18675 watch.go:31] Failed to load config from "/Users/mac/clara-ai/clara-ai/dataconnect": could not find dataconnect.yaml in `/Users/mac/clara-ai/clara-ai/dataconnect`
 {"metadata":{"emulator":{"name":"dataconnect"},"message":"E1202 13:14:50.574099   18675 watch.go:31] Failed to load config from \"/Users/mac/clara-ai/clara-ai/dataconnect\": could not find dataconnect.yaml in `/Users/mac/clara-ai/clara-ai/dataconnect`\n"}}
[debug] [2025-12-02T12:15:00.598Z] E1202 13:15:00.589618   18675 watch.go:31] Failed to load config from "/Users/mac/clara-ai/clara-ai/dataconnect": could not find dataconnect.yaml in `/Users/mac/clara-ai/clara-ai/dataconnect`
 {"metadata":{"emulator":{"name":"dataconnect"},"message":"E1202 13:15:00.589618   18675 watch.go:31] Failed to load config from \"/Users/mac/clara-ai/clara-ai/dataconnect\": could not find dataconnect.yaml in `/Users/mac/clara-ai/clara-ai/dataconnect`\n"}}
[debug] [2025-12-02T12:15:10.652Z] E1202 13:15:10.642264   18675 watch.go:31] Failed to load config from "/Users/mac/clara-ai/clara-ai/dataconnect": could not find dataconnect.yaml in `/Users/mac/clara-ai/clara-ai/dataconnect`
 {"metadata":{"emulator":{"name":"dataconnect"},"message":"E1202 13:15:10.642264   18675 watch.go:31] Failed to load config from \"/Users/mac/clara-ai/clara-ai/dataconnect\": could not find dataconnect.yaml in `/Users/mac/clara-ai/clara-ai/dataconnect`\n"}}
[debug] [2025-12-02T12:15:20.571Z] E1202 13:15:20.571299   18675 watch.go:31] Failed to load config from "/Users/mac/clara-ai/clara-ai/dataconnect": could not find dataconnect.yaml in `/Users/mac/clara-ai/clara-ai/dataconnect`
 {"metadata":{"emulator":{"name":"dataconnect"},"message":"E1202 13:15:20.571299   18675 watch.go:31] Failed to load config from \"/Users/mac/clara-ai/clara-ai/dataconnect\": could not find dataconnect.yaml in `/Users/mac/clara-ai/clara-ai/dataconnect`\n"}}
[debug] [2025-12-02T12:15:30.571Z] E1202 13:15:30.570973   18675 watch.go:31] Failed to load config from "/Users/mac/clara-ai/clara-ai/dataconnect": could not find dataconnect.yaml in `/Users/mac/clara-ai/clara-ai/dataconnect`
 {"metadata":{"emulator":{"name":"dataconnect"},"message":"E1202 13:15:30.570973   18675 watch.go:31] Failed to load config from \"/Users/mac/clara-ai/clara-ai/dataconnect\": could not find dataconnect.yaml in `/Users/mac/clara-ai/clara-ai/dataconnect`\n"}}
[debug] [2025-12-02T12:15:40.572Z] E1202 13:15:40.572129   18675 watch.go:31] Failed to load config from "/Users/mac/clara-ai/clara-ai/dataconnect": could not find dataconnect.yaml in `/Users/mac/clara-ai/clara-ai/dataconnect`
 {"metadata":{"emulator":{"name":"dataconnect"},"message":"E1202 13:15:40.572129   18675 watch.go:31] Failed to load config from \"/Users/mac/clara-ai/clara-ai/dataconnect\": could not find dataconnect.yaml in `/Users/mac/clara-ai/clara-ai/dataconnect`\n"}}
[debug] [2025-12-02T12:15:50.571Z] E1202 13:15:50.571356   18675 watch.go:31] Failed to load config from "/Users/mac/clara-ai/clara-ai/dataconnect": could not find dataconnect.yaml in `/Users/mac/clara-ai/clara-ai/dataconnect`
E1202 13:15:50.571400   18675 watch.go:102] watchAllDir unable to walk dir `/Users/mac/clara-ai/clara-ai/dataconnect`: lstat /Users/mac/clara-ai/clara-ai/dataconnect: no such file or directory
 {"metadata":{"emulator":{"name":"dataconnect"},"message":"E1202 13:15:50.571356   18675 watch.go:31] Failed to load config from \"/Users/mac/clara-ai/clara-ai/dataconnect\": could not find dataconnect.yaml in `/Users/mac/clara-ai/clara-ai/dataconnect`\nE1202 13:15:50.571400   18675 watch.go:102] watchAllDir unable to walk dir `/Users/mac/clara-ai/clara-ai/dataconnect`: lstat /Users/mac/clara-ai/clara-ai/dataconnect: no such file or directory\n"}}
[debug] [2025-12-02T12:16:00.572Z] E1202 13:16:00.572325   18675 watch.go:31] Failed to load config from "/Users/mac/clara-ai/clara-ai/dataconnect": could not find dataconnect.yaml in `/Users/mac/clara-ai/clara-ai/dataconnect`
 {"metadata":{"emulator":{"name":"dataconnect"},"message":"E1202 13:16:00.572325   18675 watch.go:31] Failed to load config from \"/Users/mac/clara-ai/clara-ai/dataconnect\": could not find dataconnect.yaml in `/Users/mac/clara-ai/clara-ai/dataconnect`\n"}}
[debug] [2025-12-02T12:16:10.572Z] E1202 13:16:10.572011   18675 watch.go:31] Failed to load config from "/Users/mac/clara-ai/clara-ai/dataconnect": could not find dataconnect.yaml in `/Users/mac/clara-ai/clara-ai/dataconnect`
 {"metadata":{"emulator":{"name":"dataconnect"},"message":"E1202 13:16:10.572011   18675 watch.go:31] Failed to load config from \"/Users/mac/clara-ai/clara-ai/dataconnect\": could not find dataconnect.yaml in `/Users/mac/clara-ai/clara-ai/dataconnect`\n"}}
[debug] [2025-12-02T12:16:20.575Z] E1202 13:16:20.574710   18675 watch.go:31] Failed to load config from "/Users/mac/clara-ai/clara-ai/dataconnect": could not find dataconnect.yaml in `/Users/mac/clara-ai/clara-ai/dataconnect`
 {"metadata":{"emulator":{"name":"dataconnect"},"message":"E1202 13:16:20.574710   18675 watch.go:31] Failed to load config from \"/Users/mac/clara-ai/clara-ai/dataconnect\": could not find dataconnect.yaml in `/Users/mac/clara-ai/clara-ai/dataconnect`\n"}}
[debug] [2025-12-02T12:16:30.636Z] E1202 13:16:30.636372   18675 watch.go:31] Failed to load config from "/Users/mac/clara-ai/clara-ai/dataconnect": could not find dataconnect.yaml in `/Users/mac/clara-ai/clara-ai/dataconnect`
 {"metadata":{"emulator":{"name":"dataconnect"},"message":"E1202 13:16:30.636372   18675 watch.go:31] Failed to load config from \"/Users/mac/clara-ai/clara-ai/dataconnect\": could not find dataconnect.yaml in `/Users/mac/clara-ai/clara-ai/dataconnect`\n"}}
[debug] [2025-12-02T12:16:40.574Z] E1202 13:16:40.573955   18675 watch.go:31] Failed to load config from "/Users/mac/clara-ai/clara-ai/dataconnect": could not find dataconnect.yaml in `/Users/mac/clara-ai/clara-ai/dataconnect`
 {"metadata":{"emulator":{"name":"dataconnect"},"message":"E1202 13:16:40.573955   18675 watch.go:31] Failed to load config from \"/Users/mac/clara-ai/clara-ai/dataconnect\": could not find dataconnect.yaml in `/Users/mac/clara-ai/clara-ai/dataconnect`\n"}}
[debug] [2025-12-02T12:16:50.576Z] E1202 13:16:50.576256   18675 watch.go:31] Failed to load config from "/Users/mac/clara-ai/clara-ai/dataconnect": could not find dataconnect.yaml in `/Users/mac/clara-ai/clara-ai/dataconnect`
 {"metadata":{"emulator":{"name":"dataconnect"},"message":"E1202 13:16:50.576256   18675 watch.go:31] Failed to load config from \"/Users/mac/clara-ai/clara-ai/dataconnect\": could not find dataconnect.yaml in `/Users/mac/clara-ai/clara-ai/dataconnect`\n"}}
[debug] [2025-12-02T12:17:00.578Z] E1202 13:17:00.578095   18675 watch.go:31] Failed to load config from "/Users/mac/clara-ai/clara-ai/dataconnect": could not find dataconnect.yaml in `/Users/mac/clara-ai/clara-ai/dataconnect`
 {"metadata":{"emulator":{"name":"dataconnect"},"message":"E1202 13:17:00.578095   18675 watch.go:31] Failed to load config from \"/Users/mac/clara-ai/clara-ai/dataconnect\": could not find dataconnect.yaml in `/Users/mac/clara-ai/clara-ai/dataconnect`\n"}}
[debug] [2025-12-02T12:17:10.582Z] E1202 13:17:10.582009   18675 watch.go:31] Failed to load config from "/Users/mac/clara-ai/clara-ai/dataconnect": could not find dataconnect.yaml in `/Users/mac/clara-ai/clara-ai/dataconnect`
 {"metadata":{"emulator":{"name":"dataconnect"},"message":"E1202 13:17:10.582009   18675 watch.go:31] Failed to load config from \"/Users/mac/clara-ai/clara-ai/dataconnect\": could not find dataconnect.yaml in `/Users/mac/clara-ai/clara-ai/dataconnect`\n"}}
[debug] [2025-12-02T12:17:20.573Z] E1202 13:17:20.573010   18675 watch.go:31] Failed to load config from "/Users/mac/clara-ai/clara-ai/dataconnect": could not find dataconnect.yaml in `/Users/mac/clara-ai/clara-ai/dataconnect`
 {"metadata":{"emulator":{"name":"dataconnect"},"message":"E1202 13:17:20.573010   18675 watch.go:31] Failed to load config from \"/Users/mac/clara-ai/clara-ai/dataconnect\": could not find dataconnect.yaml in `/Users/mac/clara-ai/clara-ai/dataconnect`\n"}}
[debug] [2025-12-02T12:17:30.574Z] E1202 13:17:30.574206   18675 watch.go:31] Failed to load config from "/Users/mac/clara-ai/clara-ai/dataconnect": could not find dataconnect.yaml in `/Users/mac/clara-ai/clara-ai/dataconnect`
 {"metadata":{"emulator":{"name":"dataconnect"},"message":"E1202 13:17:30.574206   18675 watch.go:31] Failed to load config from \"/Users/mac/clara-ai/clara-ai/dataconnect\": could not find dataconnect.yaml in `/Users/mac/clara-ai/clara-ai/dataconnect`\n"}}
[debug] [2025-12-02T12:17:40.576Z] E1202 13:17:40.576233   18675 watch.go:31] Failed to load config from "/Users/mac/clara-ai/clara-ai/dataconnect": could not find dataconnect.yaml in `/Users/mac/clara-ai/clara-ai/dataconnect`
 {"metadata":{"emulator":{"name":"dataconnect"},"message":"E1202 13:17:40.576233   18675 watch.go:31] Failed to load config from \"/Users/mac/clara-ai/clara-ai/dataconnect\": could not find dataconnect.yaml in `/Users/mac/clara-ai/clara-ai/dataconnect`\n"}}
[debug] [2025-12-02T12:17:50.577Z] E1202 13:17:50.575577   18675 watch.go:31] Failed to load config from "/Users/mac/clara-ai/clara-ai/dataconnect": could not find dataconnect.yaml in `/Users/mac/clara-ai/clara-ai/dataconnect`
E1202 13:17:50.576850   18675 watch.go:102] watchAllDir unable to walk dir `/Users/mac/clara-ai/clara-ai/dataconnect`: lstat /Users/mac/clara-ai/clara-ai/dataconnect: no such file or directory
 {"metadata":{"emulator":{"name":"dataconnect"},"message":"E1202 13:17:50.575577   18675 watch.go:31] Failed to load config from \"/Users/mac/clara-ai/clara-ai/dataconnect\": could not find dataconnect.yaml in `/Users/mac/clara-ai/clara-ai/dataconnect`\nE1202 13:17:50.576850   18675 watch.go:102] watchAllDir unable to walk dir `/Users/mac/clara-ai/clara-ai/dataconnect`: lstat /Users/mac/clara-ai/clara-ai/dataconnect: no such file or directory\n"}}
[debug] [2025-12-02T12:18:00.577Z] E1202 13:18:00.576694   18675 watch.go:31] Failed to load config from "/Users/mac/clara-ai/clara-ai/dataconnect": could not find dataconnect.yaml in `/Users/mac/clara-ai/clara-ai/dataconnect`
 {"metadata":{"emulator":{"name":"dataconnect"},"message":"E1202 13:18:00.576694   18675 watch.go:31] Failed to load config from \"/Users/mac/clara-ai/clara-ai/dataconnect\": could not find dataconnect.yaml in `/Users/mac/clara-ai/clara-ai/dataconnect`\n"}}
[debug] [2025-12-02T12:18:10.575Z] E1202 13:18:10.574233   18675 watch.go:31] Failed to load config from "/Users/mac/clara-ai/clara-ai/dataconnect": could not find dataconnect.yaml in `/Users/mac/clara-ai/clara-ai/dataconnect`
 {"metadata":{"emulator":{"name":"dataconnect"},"message":"E1202 13:18:10.574233   18675 watch.go:31] Failed to load config from \"/Users/mac/clara-ai/clara-ai/dataconnect\": could not find dataconnect.yaml in `/Users/mac/clara-ai/clara-ai/dataconnect`\n"}}
[debug] [2025-12-02T12:18:20.584Z] E1202 13:18:20.584468   18675 watch.go:31] Failed to load config from "/Users/mac/clara-ai/clara-ai/dataconnect": could not find dataconnect.yaml in `/Users/mac/clara-ai/clara-ai/dataconnect`
 {"metadata":{"emulator":{"name":"dataconnect"},"message":"E1202 13:18:20.584468   18675 watch.go:31] Failed to load config from \"/Users/mac/clara-ai/clara-ai/dataconnect\": could not find dataconnect.yaml in `/Users/mac/clara-ai/clara-ai/dataconnect`\n"}}
[debug] [2025-12-02T12:18:30.581Z] E1202 13:18:30.580379   18675 watch.go:31] Failed to load config from "/Users/mac/clara-ai/clara-ai/dataconnect": could not find dataconnect.yaml in `/Users/mac/clara-ai/clara-ai/dataconnect`
 {"metadata":{"emulator":{"name":"dataconnect"},"message":"E1202 13:18:30.580379   18675 watch.go:31] Failed to load config from \"/Users/mac/clara-ai/clara-ai/dataconnect\": could not find dataconnect.yaml in `/Users/mac/clara-ai/clara-ai/dataconnect`\n"}}
[debug] [2025-12-02T12:18:40.603Z] E1202 13:18:40.582754   18675 watch.go:31] Failed to load config from "/Users/mac/clara-ai/clara-ai/dataconnect": could not find dataconnect.yaml in `/Users/mac/clara-ai/clara-ai/dataconnect`
 {"metadata":{"emulator":{"name":"dataconnect"},"message":"E1202 13:18:40.582754   18675 watch.go:31] Failed to load config from \"/Users/mac/clara-ai/clara-ai/dataconnect\": could not find dataconnect.yaml in `/Users/mac/clara-ai/clara-ai/dataconnect`\n"}}
[debug] [2025-12-02T12:18:50.575Z] E1202 13:18:50.575600   18675 watch.go:31] Failed to load config from "/Users/mac/clara-ai/clara-ai/dataconnect": could not find dataconnect.yaml in `/Users/mac/clara-ai/clara-ai/dataconnect`
 {"metadata":{"emulator":{"name":"dataconnect"},"message":"E1202 13:18:50.575600   18675 watch.go:31] Failed to load config from \"/Users/mac/clara-ai/clara-ai/dataconnect\": could not find dataconnect.yaml in `/Users/mac/clara-ai/clara-ai/dataconnect`\n"}}
[debug] [2025-12-02T12:19:00.575Z] E1202 13:19:00.575530   18675 watch.go:31] Failed to load config from "/Users/mac/clara-ai/clara-ai/dataconnect": could not find dataconnect.yaml in `/Users/mac/clara-ai/clara-ai/dataconnect`
 {"metadata":{"emulator":{"name":"dataconnect"},"message":"E1202 13:19:00.575530   18675 watch.go:31] Failed to load config from \"/Users/mac/clara-ai/clara-ai/dataconnect\": could not find dataconnect.yaml in `/Users/mac/clara-ai/clara-ai/dataconnect`\n"}}
[debug] [2025-12-02T12:19:10.575Z] E1202 13:19:10.575245   18675 watch.go:31] Failed to load config from "/Users/mac/clara-ai/clara-ai/dataconnect": could not find dataconnect.yaml in `/Users/mac/clara-ai/clara-ai/dataconnect`
 {"metadata":{"emulator":{"name":"dataconnect"},"message":"E1202 13:19:10.575245   18675 watch.go:31] Failed to load config from \"/Users/mac/clara-ai/clara-ai/dataconnect\": could not find dataconnect.yaml in `/Users/mac/clara-ai/clara-ai/dataconnect`\n"}}
[debug] [2025-12-02T12:19:20.575Z] E1202 13:19:20.575317   18675 watch.go:31] Failed to load config from "/Users/mac/clara-ai/clara-ai/dataconnect": could not find dataconnect.yaml in `/Users/mac/clara-ai/clara-ai/dataconnect`
 {"metadata":{"emulator":{"name":"dataconnect"},"message":"E1202 13:19:20.575317   18675 watch.go:31] Failed to load config from \"/Users/mac/clara-ai/clara-ai/dataconnect\": could not find dataconnect.yaml in `/Users/mac/clara-ai/clara-ai/dataconnect`\n"}}
[debug] [2025-12-02T12:19:30.577Z] E1202 13:19:30.577379   18675 watch.go:31] Failed to load config from "/Users/mac/clara-ai/clara-ai/dataconnect": could not find dataconnect.yaml in `/Users/mac/clara-ai/clara-ai/dataconnect`
 {"metadata":{"emulator":{"name":"dataconnect"},"message":"E1202 13:19:30.577379   18675 watch.go:31] Failed to load config from \"/Users/mac/clara-ai/clara-ai/dataconnect\": could not find dataconnect.yaml in `/Users/mac/clara-ai/clara-ai/dataconnect`\n"}}
[debug] [2025-12-02T12:19:40.576Z] E1202 13:19:40.576227   18675 watch.go:31] Failed to load config from "/Users/mac/clara-ai/clara-ai/dataconnect": could not find dataconnect.yaml in `/Users/mac/clara-ai/clara-ai/dataconnect`
 {"metadata":{"emulator":{"name":"dataconnect"},"message":"E1202 13:19:40.576227   18675 watch.go:31] Failed to load config from \"/Users/mac/clara-ai/clara-ai/dataconnect\": could not find dataconnect.yaml in `/Users/mac/clara-ai/clara-ai/dataconnect`\n"}}
[debug] [2025-12-02T12:19:50.577Z] E1202 13:19:50.577098   18675 watch.go:31] Failed to load config from "/Users/mac/clara-ai/clara-ai/dataconnect": could not find dataconnect.yaml in `/Users/mac/clara-ai/clara-ai/dataconnect`
 {"metadata":{"emulator":{"name":"dataconnect"},"message":"E1202 13:19:50.577098   18675 watch.go:31] Failed to load config from \"/Users/mac/clara-ai/clara-ai/dataconnect\": could not find dataconnect.yaml in `/Users/mac/clara-ai/clara-ai/dataconnect`\n"}}
[debug] [2025-12-02T12:19:50.580Z] E1202 13:19:50.577237   18675 watch.go:102] watchAllDir unable to walk dir `/Users/mac/clara-ai/clara-ai/dataconnect`: lstat /Users/mac/clara-ai/clara-ai/dataconnect: no such file or directory
 {"metadata":{"emulator":{"name":"dataconnect"},"message":"E1202 13:19:50.577237   18675 watch.go:102] watchAllDir unable to walk dir `/Users/mac/clara-ai/clara-ai/dataconnect`: lstat /Users/mac/clara-ai/clara-ai/dataconnect: no such file or directory\n"}}
[debug] [2025-12-02T12:20:00.602Z] E1202 13:20:00.590774   18675 watch.go:31] Failed to load config from "/Users/mac/clara-ai/clara-ai/dataconnect": could not find dataconnect.yaml in `/Users/mac/clara-ai/clara-ai/dataconnect`
 {"metadata":{"emulator":{"name":"dataconnect"},"message":"E1202 13:20:00.590774   18675 watch.go:31] Failed to load config from \"/Users/mac/clara-ai/clara-ai/dataconnect\": could not find dataconnect.yaml in `/Users/mac/clara-ai/clara-ai/dataconnect`\n"}}
[debug] [2025-12-02T12:20:10.595Z] E1202 13:20:10.595762   18675 watch.go:31] Failed to load config from "/Users/mac/clara-ai/clara-ai/dataconnect": could not find dataconnect.yaml in `/Users/mac/clara-ai/clara-ai/dataconnect`
 {"metadata":{"emulator":{"name":"dataconnect"},"message":"E1202 13:20:10.595762   18675 watch.go:31] Failed to load config from \"/Users/mac/clara-ai/clara-ai/dataconnect\": could not find dataconnect.yaml in `/Users/mac/clara-ai/clara-ai/dataconnect`\n"}}
[debug] [2025-12-02T12:20:20.577Z] E1202 13:20:20.576283   18675 watch.go:31] Failed to load config from "/Users/mac/clara-ai/clara-ai/dataconnect": could not find dataconnect.yaml in `/Users/mac/clara-ai/clara-ai/dataconnect`
 {"metadata":{"emulator":{"name":"dataconnect"},"message":"E1202 13:20:20.576283   18675 watch.go:31] Failed to load config from \"/Users/mac/clara-ai/clara-ai/dataconnect\": could not find dataconnect.yaml in `/Users/mac/clara-ai/clara-ai/dataconnect`\n"}}
[debug] [2025-12-02T12:20:30.576Z] E1202 13:20:30.576554   18675 watch.go:31] Failed to load config from "/Users/mac/clara-ai/clara-ai/dataconnect": could not find dataconnect.yaml in `/Users/mac/clara-ai/clara-ai/dataconnect`
 {"metadata":{"emulator":{"name":"dataconnect"},"message":"E1202 13:20:30.576554   18675 watch.go:31] Failed to load config from \"/Users/mac/clara-ai/clara-ai/dataconnect\": could not find dataconnect.yaml in `/Users/mac/clara-ai/clara-ai/dataconnect`\n"}}
[debug] [2025-12-02T12:20:40.576Z] E1202 13:20:40.576353   18675 watch.go:31] Failed to load config from "/Users/mac/clara-ai/clara-ai/dataconnect": could not find dataconnect.yaml in `/Users/mac/clara-ai/clara-ai/dataconnect`
 {"metadata":{"emulator":{"name":"dataconnect"},"message":"E1202 13:20:40.576353   18675 watch.go:31] Failed to load config from \"/Users/mac/clara-ai/clara-ai/dataconnect\": could not find dataconnect.yaml in `/Users/mac/clara-ai/clara-ai/dataconnect`\n"}}
[debug] [2025-12-02T12:20:50.578Z] E1202 13:20:50.577811   18675 watch.go:31] Failed to load config from "/Users/mac/clara-ai/clara-ai/dataconnect": could not find dataconnect.yaml in `/Users/mac/clara-ai/clara-ai/dataconnect`
 {"metadata":{"emulator":{"name":"dataconnect"},"message":"E1202 13:20:50.577811   18675 watch.go:31] Failed to load config from \"/Users/mac/clara-ai/clara-ai/dataconnect\": could not find dataconnect.yaml in `/Users/mac/clara-ai/clara-ai/dataconnect`\n"}}
[debug] [2025-12-02T12:21:00.577Z] E1202 13:21:00.577582   18675 watch.go:31] Failed to load config from "/Users/mac/clara-ai/clara-ai/dataconnect": could not find dataconnect.yaml in `/Users/mac/clara-ai/clara-ai/dataconnect`
 {"metadata":{"emulator":{"name":"dataconnect"},"message":"E1202 13:21:00.577582   18675 watch.go:31] Failed to load config from \"/Users/mac/clara-ai/clara-ai/dataconnect\": could not find dataconnect.yaml in `/Users/mac/clara-ai/clara-ai/dataconnect`\n"}}
[debug] [2025-12-02T12:21:10.578Z] E1202 13:21:10.577869   18675 watch.go:31] Failed to load config from "/Users/mac/clara-ai/clara-ai/dataconnect": could not find dataconnect.yaml in `/Users/mac/clara-ai/clara-ai/dataconnect`
 {"metadata":{"emulator":{"name":"dataconnect"},"message":"E1202 13:21:10.577869   18675 watch.go:31] Failed to load config from \"/Users/mac/clara-ai/clara-ai/dataconnect\": could not find dataconnect.yaml in `/Users/mac/clara-ai/clara-ai/dataconnect`\n"}}
[debug] [2025-12-02T12:21:20.719Z] E1202 13:21:20.578872   18675 watch.go:31] Failed to load config from "/Users/mac/clara-ai/clara-ai/dataconnect": could not find dataconnect.yaml in `/Users/mac/clara-ai/clara-ai/dataconnect`
 {"metadata":{"emulator":{"name":"dataconnect"},"message":"E1202 13:21:20.578872   18675 watch.go:31] Failed to load config from \"/Users/mac/clara-ai/clara-ai/dataconnect\": could not find dataconnect.yaml in `/Users/mac/clara-ai/clara-ai/dataconnect`\n"}}
[debug] [2025-12-02T12:21:30.584Z] E1202 13:21:30.583455   18675 watch.go:31] Failed to load config from "/Users/mac/clara-ai/clara-ai/dataconnect": could not find dataconnect.yaml in `/Users/mac/clara-ai/clara-ai/dataconnect`
 {"metadata":{"emulator":{"name":"dataconnect"},"message":"E1202 13:21:30.583455   18675 watch.go:31] Failed to load config from \"/Users/mac/clara-ai/clara-ai/dataconnect\": could not find dataconnect.yaml in `/Users/mac/clara-ai/clara-ai/dataconnect`\n"}}
[debug] [2025-12-02T12:21:40.580Z] E1202 13:21:40.579254   18675 watch.go:31] Failed to load config from "/Users/mac/clara-ai/clara-ai/dataconnect": could not find dataconnect.yaml in `/Users/mac/clara-ai/clara-ai/dataconnect`
 {"metadata":{"emulator":{"name":"dataconnect"},"message":"E1202 13:21:40.579254   18675 watch.go:31] Failed to load config from \"/Users/mac/clara-ai/clara-ai/dataconnect\": could not find dataconnect.yaml in `/Users/mac/clara-ai/clara-ai/dataconnect`\n"}}
[debug] [2025-12-02T12:21:50.608Z] E1202 13:21:50.608129   18675 watch.go:31] Failed to load config from "/Users/mac/clara-ai/clara-ai/dataconnect": could not find dataconnect.yaml in `/Users/mac/clara-ai/clara-ai/dataconnect`
E1202 13:21:50.608197   18675 watch.go:102] watchAllDir unable to walk dir `/Users/mac/clara-ai/clara-ai/dataconnect`: lstat /Users/mac/clara-ai/clara-ai/dataconnect: no such file or directory
 {"metadata":{"emulator":{"name":"dataconnect"},"message":"E1202 13:21:50.608129   18675 watch.go:31] Failed to load config from \"/Users/mac/clara-ai/clara-ai/dataconnect\": could not find dataconnect.yaml in `/Users/mac/clara-ai/clara-ai/dataconnect`\nE1202 13:21:50.608197   18675 watch.go:102] watchAllDir unable to walk dir `/Users/mac/clara-ai/clara-ai/dataconnect`: lstat /Users/mac/clara-ai/clara-ai/dataconnect: no such file or directory\n"}}
[debug] [2025-12-02T12:22:00.581Z] E1202 13:22:00.580626   18675 watch.go:31] Failed to load config from "/Users/mac/clara-ai/clara-ai/dataconnect": could not find dataconnect.yaml in `/Users/mac/clara-ai/clara-ai/dataconnect`
 {"metadata":{"emulator":{"name":"dataconnect"},"message":"E1202 13:22:00.580626   18675 watch.go:31] Failed to load config from \"/Users/mac/clara-ai/clara-ai/dataconnect\": could not find dataconnect.yaml in `/Users/mac/clara-ai/clara-ai/dataconnect`\n"}}
[debug] [2025-12-02T12:22:10.585Z] E1202 13:22:10.585248   18675 watch.go:31] Failed to load config from "/Users/mac/clara-ai/clara-ai/dataconnect": could not find dataconnect.yaml in `/Users/mac/clara-ai/clara-ai/dataconnect`
 {"metadata":{"emulator":{"name":"dataconnect"},"message":"E1202 13:22:10.585248   18675 watch.go:31] Failed to load config from \"/Users/mac/clara-ai/clara-ai/dataconnect\": could not find dataconnect.yaml in `/Users/mac/clara-ai/clara-ai/dataconnect`\n"}}
[debug] [2025-12-02T12:22:20.580Z] E1202 13:22:20.579528   18675 watch.go:31] Failed to load config from "/Users/mac/clara-ai/clara-ai/dataconnect": could not find dataconnect.yaml in `/Users/mac/clara-ai/clara-ai/dataconnect`
 {"metadata":{"emulator":{"name":"dataconnect"},"message":"E1202 13:22:20.579528   18675 watch.go:31] Failed to load config from \"/Users/mac/clara-ai/clara-ai/dataconnect\": could not find dataconnect.yaml in `/Users/mac/clara-ai/clara-ai/dataconnect`\n"}}
[debug] [2025-12-02T12:22:30.583Z] E1202 13:22:30.580247   18675 watch.go:31] Failed to load config from "/Users/mac/clara-ai/clara-ai/dataconnect": could not find dataconnect.yaml in `/Users/mac/clara-ai/clara-ai/dataconnect`
 {"metadata":{"emulator":{"name":"dataconnect"},"message":"E1202 13:22:30.580247   18675 watch.go:31] Failed to load config from \"/Users/mac/clara-ai/clara-ai/dataconnect\": could not find dataconnect.yaml in `/Users/mac/clara-ai/clara-ai/dataconnect`\n"}}
[debug] [2025-12-02T12:22:40.583Z] E1202 13:22:40.581250   18675 watch.go:31] Failed to load config from "/Users/mac/clara-ai/clara-ai/dataconnect": could not find dataconnect.yaml in `/Users/mac/clara-ai/clara-ai/dataconnect`
 {"metadata":{"emulator":{"name":"dataconnect"},"message":"E1202 13:22:40.581250   18675 watch.go:31] Failed to load config from \"/Users/mac/clara-ai/clara-ai/dataconnect\": could not find dataconnect.yaml in `/Users/mac/clara-ai/clara-ai/dataconnect`\n"}}
[debug] [2025-12-02T12:22:50.580Z] E1202 13:22:50.579777   18675 watch.go:31] Failed to load config from "/Users/mac/clara-ai/clara-ai/dataconnect": could not find dataconnect.yaml in `/Users/mac/clara-ai/clara-ai/dataconnect`
 {"metadata":{"emulator":{"name":"dataconnect"},"message":"E1202 13:22:50.579777   18675 watch.go:31] Failed to load config from \"/Users/mac/clara-ai/clara-ai/dataconnect\": could not find dataconnect.yaml in `/Users/mac/clara-ai/clara-ai/dataconnect`\n"}}
[debug] [2025-12-02T12:23:00.580Z] E1202 13:23:00.580274   18675 watch.go:31] Failed to load config from "/Users/mac/clara-ai/clara-ai/dataconnect": could not find dataconnect.yaml in `/Users/mac/clara-ai/clara-ai/dataconnect`
 {"metadata":{"emulator":{"name":"dataconnect"},"message":"E1202 13:23:00.580274   18675 watch.go:31] Failed to load config from \"/Users/mac/clara-ai/clara-ai/dataconnect\": could not find dataconnect.yaml in `/Users/mac/clara-ai/clara-ai/dataconnect`\n"}}
[debug] [2025-12-02T12:23:10.581Z] E1202 13:23:10.580985   18675 watch.go:31] Failed to load config from "/Users/mac/clara-ai/clara-ai/dataconnect": could not find dataconnect.yaml in `/Users/mac/clara-ai/clara-ai/dataconnect`
 {"metadata":{"emulator":{"name":"dataconnect"},"message":"E1202 13:23:10.580985   18675 watch.go:31] Failed to load config from \"/Users/mac/clara-ai/clara-ai/dataconnect\": could not find dataconnect.yaml in `/Users/mac/clara-ai/clara-ai/dataconnect`\n"}}
[debug] [2025-12-02T12:23:20.581Z] E1202 13:23:20.581451   18675 watch.go:31] Failed to load config from "/Users/mac/clara-ai/clara-ai/dataconnect": could not find dataconnect.yaml in `/Users/mac/clara-ai/clara-ai/dataconnect`
 {"metadata":{"emulator":{"name":"dataconnect"},"message":"E1202 13:23:20.581451   18675 watch.go:31] Failed to load config from \"/Users/mac/clara-ai/clara-ai/dataconnect\": could not find dataconnect.yaml in `/Users/mac/clara-ai/clara-ai/dataconnect`\n"}}
[debug] [2025-12-02T12:23:30.580Z] E1202 13:23:30.580600   18675 watch.go:31] Failed to load config from "/Users/mac/clara-ai/clara-ai/dataconnect": could not find dataconnect.yaml in `/Users/mac/clara-ai/clara-ai/dataconnect`
 {"metadata":{"emulator":{"name":"dataconnect"},"message":"E1202 13:23:30.580600   18675 watch.go:31] Failed to load config from \"/Users/mac/clara-ai/clara-ai/dataconnect\": could not find dataconnect.yaml in `/Users/mac/clara-ai/clara-ai/dataconnect`\n"}}
[debug] [2025-12-02T12:23:40.584Z] E1202 13:23:40.583428   18675 watch.go:31] Failed to load config from "/Users/mac/clara-ai/clara-ai/dataconnect": could not find dataconnect.yaml in `/Users/mac/clara-ai/clara-ai/dataconnect`
 {"metadata":{"emulator":{"name":"dataconnect"},"message":"E1202 13:23:40.583428   18675 watch.go:31] Failed to load config from \"/Users/mac/clara-ai/clara-ai/dataconnect\": could not find dataconnect.yaml in `/Users/mac/clara-ai/clara-ai/dataconnect`\n"}}
[debug] [2025-12-02T12:23:50.580Z] E1202 13:23:50.580753   18675 watch.go:31] Failed to load config from "/Users/mac/clara-ai/clara-ai/dataconnect": could not find dataconnect.yaml in `/Users/mac/clara-ai/clara-ai/dataconnect`
E1202 13:23:50.580792   18675 watch.go:102] watchAllDir unable to walk dir `/Users/mac/clara-ai/clara-ai/dataconnect`: lstat /Users/mac/clara-ai/clara-ai/dataconnect: no such file or directory
 {"metadata":{"emulator":{"name":"dataconnect"},"message":"E1202 13:23:50.580753   18675 watch.go:31] Failed to load config from \"/Users/mac/clara-ai/clara-ai/dataconnect\": could not find dataconnect.yaml in `/Users/mac/clara-ai/clara-ai/dataconnect`\nE1202 13:23:50.580792   18675 watch.go:102] watchAllDir unable to walk dir `/Users/mac/clara-ai/clara-ai/dataconnect`: lstat /Users/mac/clara-ai/clara-ai/dataconnect: no such file or directory\n"}}
[debug] [2025-12-02T12:24:00.580Z] E1202 13:24:00.580558   18675 watch.go:31] Failed to load config from "/Users/mac/clara-ai/clara-ai/dataconnect": could not find dataconnect.yaml in `/Users/mac/clara-ai/clara-ai/dataconnect`
 {"metadata":{"emulator":{"name":"dataconnect"},"message":"E1202 13:24:00.580558   18675 watch.go:31] Failed to load config from \"/Users/mac/clara-ai/clara-ai/dataconnect\": could not find dataconnect.yaml in `/Users/mac/clara-ai/clara-ai/dataconnect`\n"}}
[debug] [2025-12-02T12:24:10.581Z] E1202 13:24:10.580694   18675 watch.go:31] Failed to load config from "/Users/mac/clara-ai/clara-ai/dataconnect": could not find dataconnect.yaml in `/Users/mac/clara-ai/clara-ai/dataconnect`
 {"metadata":{"emulator":{"name":"dataconnect"},"message":"E1202 13:24:10.580694   18675 watch.go:31] Failed to load config from \"/Users/mac/clara-ai/clara-ai/dataconnect\": could not find dataconnect.yaml in `/Users/mac/clara-ai/clara-ai/dataconnect`\n"}}
[debug] [2025-12-02T12:24:20.580Z] E1202 13:24:20.580477   18675 watch.go:31] Failed to load config from "/Users/mac/clara-ai/clara-ai/dataconnect": could not find dataconnect.yaml in `/Users/mac/clara-ai/clara-ai/dataconnect`
 {"metadata":{"emulator":{"name":"dataconnect"},"message":"E1202 13:24:20.580477   18675 watch.go:31] Failed to load config from \"/Users/mac/clara-ai/clara-ai/dataconnect\": could not find dataconnect.yaml in `/Users/mac/clara-ai/clara-ai/dataconnect`\n"}}
[debug] [2025-12-02T12:24:30.581Z] E1202 13:24:30.581572   18675 watch.go:31] Failed to load config from "/Users/mac/clara-ai/clara-ai/dataconnect": could not find dataconnect.yaml in `/Users/mac/clara-ai/clara-ai/dataconnect`
 {"metadata":{"emulator":{"name":"dataconnect"},"message":"E1202 13:24:30.581572   18675 watch.go:31] Failed to load config from \"/Users/mac/clara-ai/clara-ai/dataconnect\": could not find dataconnect.yaml in `/Users/mac/clara-ai/clara-ai/dataconnect`\n"}}
[debug] [2025-12-02T12:24:40.581Z] E1202 13:24:40.581779   18675 watch.go:31] Failed to load config from "/Users/mac/clara-ai/clara-ai/dataconnect": could not find dataconnect.yaml in `/Users/mac/clara-ai/clara-ai/dataconnect`
 {"metadata":{"emulator":{"name":"dataconnect"},"message":"E1202 13:24:40.581779   18675 watch.go:31] Failed to load config from \"/Users/mac/clara-ai/clara-ai/dataconnect\": could not find dataconnect.yaml in `/Users/mac/clara-ai/clara-ai/dataconnect`\n"}}
[debug] [2025-12-02T12:24:50.584Z] E1202 13:24:50.582160   18675 watch.go:31] Failed to load config from "/Users/mac/clara-ai/clara-ai/dataconnect": could not find dataconnect.yaml in `/Users/mac/clara-ai/clara-ai/dataconnect`
 {"metadata":{"emulator":{"name":"dataconnect"},"message":"E1202 13:24:50.582160   18675 watch.go:31] Failed to load config from \"/Users/mac/clara-ai/clara-ai/dataconnect\": could not find dataconnect.yaml in `/Users/mac/clara-ai/clara-ai/dataconnect`\n"}}
[debug] [2025-12-02T12:25:00.582Z] E1202 13:25:00.581879   18675 watch.go:31] Failed to load config from "/Users/mac/clara-ai/clara-ai/dataconnect": could not find dataconnect.yaml in `/Users/mac/clara-ai/clara-ai/dataconnect`
 {"metadata":{"emulator":{"name":"dataconnect"},"message":"E1202 13:25:00.581879   18675 watch.go:31] Failed to load config from \"/Users/mac/clara-ai/clara-ai/dataconnect\": could not find dataconnect.yaml in `/Users/mac/clara-ai/clara-ai/dataconnect`\n"}}
[debug] [2025-12-02T12:25:10.582Z] E1202 13:25:10.581605   18675 watch.go:31] Failed to load config from "/Users/mac/clara-ai/clara-ai/dataconnect": could not find dataconnect.yaml in `/Users/mac/clara-ai/clara-ai/dataconnect`
 {"metadata":{"emulator":{"name":"dataconnect"},"message":"E1202 13:25:10.581605   18675 watch.go:31] Failed to load config from \"/Users/mac/clara-ai/clara-ai/dataconnect\": could not find dataconnect.yaml in `/Users/mac/clara-ai/clara-ai/dataconnect`\n"}}
[debug] [2025-12-02T12:25:20.582Z] E1202 13:25:20.582412   18675 watch.go:31] Failed to load config from "/Users/mac/clara-ai/clara-ai/dataconnect": could not find dataconnect.yaml in `/Users/mac/clara-ai/clara-ai/dataconnect`
 {"metadata":{"emulator":{"name":"dataconnect"},"message":"E1202 13:25:20.582412   18675 watch.go:31] Failed to load config from \"/Users/mac/clara-ai/clara-ai/dataconnect\": could not find dataconnect.yaml in `/Users/mac/clara-ai/clara-ai/dataconnect`\n"}}
[debug] [2025-12-02T12:25:30.582Z] E1202 13:25:30.582098   18675 watch.go:31] Failed to load config from "/Users/mac/clara-ai/clara-ai/dataconnect": could not find dataconnect.yaml in `/Users/mac/clara-ai/clara-ai/dataconnect`
 {"metadata":{"emulator":{"name":"dataconnect"},"message":"E1202 13:25:30.582098   18675 watch.go:31] Failed to load config from \"/Users/mac/clara-ai/clara-ai/dataconnect\": could not find dataconnect.yaml in `/Users/mac/clara-ai/clara-ai/dataconnect`\n"}}
[debug] [2025-12-02T12:25:40.586Z] E1202 13:25:40.584039   18675 watch.go:31] Failed to load config from "/Users/mac/clara-ai/clara-ai/dataconnect": could not find dataconnect.yaml in `/Users/mac/clara-ai/clara-ai/dataconnect`
 {"metadata":{"emulator":{"name":"dataconnect"},"message":"E1202 13:25:40.584039   18675 watch.go:31] Failed to load config from \"/Users/mac/clara-ai/clara-ai/dataconnect\": could not find dataconnect.yaml in `/Users/mac/clara-ai/clara-ai/dataconnect`\n"}}
[debug] [2025-12-02T12:25:50.585Z] E1202 13:25:50.584499   18675 watch.go:31] Failed to load config from "/Users/mac/clara-ai/clara-ai/dataconnect": could not find dataconnect.yaml in `/Users/mac/clara-ai/clara-ai/dataconnect`
E1202 13:25:50.584584   18675 watch.go:102] watchAllDir unable to walk dir `/Users/mac/clara-ai/clara-ai/dataconnect`: lstat /Users/mac/clara-ai/clara-ai/dataconnect: no such file or directory
 {"metadata":{"emulator":{"name":"dataconnect"},"message":"E1202 13:25:50.584499   18675 watch.go:31] Failed to load config from \"/Users/mac/clara-ai/clara-ai/dataconnect\": could not find dataconnect.yaml in `/Users/mac/clara-ai/clara-ai/dataconnect`\nE1202 13:25:50.584584   18675 watch.go:102] watchAllDir unable to walk dir `/Users/mac/clara-ai/clara-ai/dataconnect`: lstat /Users/mac/clara-ai/clara-ai/dataconnect: no such file or directory\n"}}
[debug] [2025-12-02T12:26:00.589Z] E1202 13:26:00.587604   18675 watch.go:31] Failed to load config from "/Users/mac/clara-ai/clara-ai/dataconnect": could not find dataconnect.yaml in `/Users/mac/clara-ai/clara-ai/dataconnect`
 {"metadata":{"emulator":{"name":"dataconnect"},"message":"E1202 13:26:00.587604   18675 watch.go:31] Failed to load config from \"/Users/mac/clara-ai/clara-ai/dataconnect\": could not find dataconnect.yaml in `/Users/mac/clara-ai/clara-ai/dataconnect`\n"}}
[debug] [2025-12-02T12:26:10.588Z] E1202 13:26:10.588071   18675 watch.go:31] Failed to load config from "/Users/mac/clara-ai/clara-ai/dataconnect": could not find dataconnect.yaml in `/Users/mac/clara-ai/clara-ai/dataconnect`
 {"metadata":{"emulator":{"name":"dataconnect"},"message":"E1202 13:26:10.588071   18675 watch.go:31] Failed to load config from \"/Users/mac/clara-ai/clara-ai/dataconnect\": could not find dataconnect.yaml in `/Users/mac/clara-ai/clara-ai/dataconnect`\n"}}
[debug] [2025-12-02T12:26:20.586Z] E1202 13:26:20.586412   18675 watch.go:31] Failed to load config from "/Users/mac/clara-ai/clara-ai/dataconnect": could not find dataconnect.yaml in `/Users/mac/clara-ai/clara-ai/dataconnect`
 {"metadata":{"emulator":{"name":"dataconnect"},"message":"E1202 13:26:20.586412   18675 watch.go:31] Failed to load config from \"/Users/mac/clara-ai/clara-ai/dataconnect\": could not find dataconnect.yaml in `/Users/mac/clara-ai/clara-ai/dataconnect`\n"}}
[debug] [2025-12-02T12:26:30.587Z] E1202 13:26:30.586182   18675 watch.go:31] Failed to load config from "/Users/mac/clara-ai/clara-ai/dataconnect": could not find dataconnect.yaml in `/Users/mac/clara-ai/clara-ai/dataconnect`
 {"metadata":{"emulator":{"name":"dataconnect"},"message":"E1202 13:26:30.586182   18675 watch.go:31] Failed to load config from \"/Users/mac/clara-ai/clara-ai/dataconnect\": could not find dataconnect.yaml in `/Users/mac/clara-ai/clara-ai/dataconnect`\n"}}
[debug] [2025-12-02T12:26:40.586Z] E1202 13:26:40.585470   18675 watch.go:31] Failed to load config from "/Users/mac/clara-ai/clara-ai/dataconnect": could not find dataconnect.yaml in `/Users/mac/clara-ai/clara-ai/dataconnect`
 {"metadata":{"emulator":{"name":"dataconnect"},"message":"E1202 13:26:40.585470   18675 watch.go:31] Failed to load config from \"/Users/mac/clara-ai/clara-ai/dataconnect\": could not find dataconnect.yaml in `/Users/mac/clara-ai/clara-ai/dataconnect`\n"}}
[debug] [2025-12-02T12:26:50.598Z] E1202 13:26:50.597839   18675 watch.go:31] Failed to load config from "/Users/mac/clara-ai/clara-ai/dataconnect": could not find dataconnect.yaml in `/Users/mac/clara-ai/clara-ai/dataconnect`
 {"metadata":{"emulator":{"name":"dataconnect"},"message":"E1202 13:26:50.597839   18675 watch.go:31] Failed to load config from \"/Users/mac/clara-ai/clara-ai/dataconnect\": could not find dataconnect.yaml in `/Users/mac/clara-ai/clara-ai/dataconnect`\n"}}
[debug] [2025-12-02T12:27:00.584Z] E1202 13:27:00.584226   18675 watch.go:31] Failed to load config from "/Users/mac/clara-ai/clara-ai/dataconnect": could not find dataconnect.yaml in `/Users/mac/clara-ai/clara-ai/dataconnect`
 {"metadata":{"emulator":{"name":"dataconnect"},"message":"E1202 13:27:00.584226   18675 watch.go:31] Failed to load config from \"/Users/mac/clara-ai/clara-ai/dataconnect\": could not find dataconnect.yaml in `/Users/mac/clara-ai/clara-ai/dataconnect`\n"}}
[debug] [2025-12-02T12:27:10.591Z] E1202 13:27:10.591084   18675 watch.go:31] Failed to load config from "/Users/mac/clara-ai/clara-ai/dataconnect": could not find dataconnect.yaml in `/Users/mac/clara-ai/clara-ai/dataconnect`
 {"metadata":{"emulator":{"name":"dataconnect"},"message":"E1202 13:27:10.591084   18675 watch.go:31] Failed to load config from \"/Users/mac/clara-ai/clara-ai/dataconnect\": could not find dataconnect.yaml in `/Users/mac/clara-ai/clara-ai/dataconnect`\n"}}
[debug] [2025-12-02T12:27:20.583Z] E1202 13:27:20.583705   18675 watch.go:31] Failed to load config from "/Users/mac/clara-ai/clara-ai/dataconnect": could not find dataconnect.yaml in `/Users/mac/clara-ai/clara-ai/dataconnect`
 {"metadata":{"emulator":{"name":"dataconnect"},"message":"E1202 13:27:20.583705   18675 watch.go:31] Failed to load config from \"/Users/mac/clara-ai/clara-ai/dataconnect\": could not find dataconnect.yaml in `/Users/mac/clara-ai/clara-ai/dataconnect`\n"}}
[debug] [2025-12-02T12:27:30.585Z] E1202 13:27:30.584785   18675 watch.go:31] Failed to load config from "/Users/mac/clara-ai/clara-ai/dataconnect": could not find dataconnect.yaml in `/Users/mac/clara-ai/clara-ai/dataconnect`
 {"metadata":{"emulator":{"name":"dataconnect"},"message":"E1202 13:27:30.584785   18675 watch.go:31] Failed to load config from \"/Users/mac/clara-ai/clara-ai/dataconnect\": could not find dataconnect.yaml in `/Users/mac/clara-ai/clara-ai/dataconnect`\n"}}
[debug] [2025-12-02T12:27:40.584Z] E1202 13:27:40.583963   18675 watch.go:31] Failed to load config from "/Users/mac/clara-ai/clara-ai/dataconnect": could not find dataconnect.yaml in `/Users/mac/clara-ai/clara-ai/dataconnect`
 {"metadata":{"emulator":{"name":"dataconnect"},"message":"E1202 13:27:40.583963   18675 watch.go:31] Failed to load config from \"/Users/mac/clara-ai/clara-ai/dataconnect\": could not find dataconnect.yaml in `/Users/mac/clara-ai/clara-ai/dataconnect`\n"}}
[debug] [2025-12-02T12:27:50.587Z] E1202 13:27:50.587401   18675 watch.go:31] Failed to load config from "/Users/mac/clara-ai/clara-ai/dataconnect": could not find dataconnect.yaml in `/Users/mac/clara-ai/clara-ai/dataconnect`
 {"metadata":{"emulator":{"name":"dataconnect"},"message":"E1202 13:27:50.587401   18675 watch.go:31] Failed to load config from \"/Users/mac/clara-ai/clara-ai/dataconnect\": could not find dataconnect.yaml in `/Users/mac/clara-ai/clara-ai/dataconnect`\n"}}
[debug] [2025-12-02T12:27:50.589Z] E1202 13:27:50.587458   18675 watch.go:102] watchAllDir unable to walk dir `/Users/mac/clara-ai/clara-ai/dataconnect`: lstat /Users/mac/clara-ai/clara-ai/dataconnect: no such file or directory
 {"metadata":{"emulator":{"name":"dataconnect"},"message":"E1202 13:27:50.587458   18675 watch.go:102] watchAllDir unable to walk dir `/Users/mac/clara-ai/clara-ai/dataconnect`: lstat /Users/mac/clara-ai/clara-ai/dataconnect: no such file or directory\n"}}
[debug] [2025-12-02T12:28:00.585Z] E1202 13:28:00.585348   18675 watch.go:31] Failed to load config from "/Users/mac/clara-ai/clara-ai/dataconnect": could not find dataconnect.yaml in `/Users/mac/clara-ai/clara-ai/dataconnect`
 {"metadata":{"emulator":{"name":"dataconnect"},"message":"E1202 13:28:00.585348   18675 watch.go:31] Failed to load config from \"/Users/mac/clara-ai/clara-ai/dataconnect\": could not find dataconnect.yaml in `/Users/mac/clara-ai/clara-ai/dataconnect`\n"}}
[debug] [2025-12-02T12:28:10.589Z] E1202 13:28:10.589290   18675 watch.go:31] Failed to load config from "/Users/mac/clara-ai/clara-ai/dataconnect": could not find dataconnect.yaml in `/Users/mac/clara-ai/clara-ai/dataconnect`
 {"metadata":{"emulator":{"name":"dataconnect"},"message":"E1202 13:28:10.589290   18675 watch.go:31] Failed to load config from \"/Users/mac/clara-ai/clara-ai/dataconnect\": could not find dataconnect.yaml in `/Users/mac/clara-ai/clara-ai/dataconnect`\n"}}
[debug] [2025-12-02T12:28:20.585Z] E1202 13:28:20.585789   18675 watch.go:31] Failed to load config from "/Users/mac/clara-ai/clara-ai/dataconnect": could not find dataconnect.yaml in `/Users/mac/clara-ai/clara-ai/dataconnect`
 {"metadata":{"emulator":{"name":"dataconnect"},"message":"E1202 13:28:20.585789   18675 watch.go:31] Failed to load config from \"/Users/mac/clara-ai/clara-ai/dataconnect\": could not find dataconnect.yaml in `/Users/mac/clara-ai/clara-ai/dataconnect`\n"}}
[debug] [2025-12-02T12:28:30.585Z] E1202 13:28:30.585351   18675 watch.go:31] Failed to load config from "/Users/mac/clara-ai/clara-ai/dataconnect": could not find dataconnect.yaml in `/Users/mac/clara-ai/clara-ai/dataconnect`
 {"metadata":{"emulator":{"name":"dataconnect"},"message":"E1202 13:28:30.585351   18675 watch.go:31] Failed to load config from \"/Users/mac/clara-ai/clara-ai/dataconnect\": could not find dataconnect.yaml in `/Users/mac/clara-ai/clara-ai/dataconnect`\n"}}
[debug] [2025-12-02T12:28:40.586Z] E1202 13:28:40.586257   18675 watch.go:31] Failed to load config from "/Users/mac/clara-ai/clara-ai/dataconnect": could not find dataconnect.yaml in `/Users/mac/clara-ai/clara-ai/dataconnect`
 {"metadata":{"emulator":{"name":"dataconnect"},"message":"E1202 13:28:40.586257   18675 watch.go:31] Failed to load config from \"/Users/mac/clara-ai/clara-ai/dataconnect\": could not find dataconnect.yaml in `/Users/mac/clara-ai/clara-ai/dataconnect`\n"}}
[debug] [2025-12-02T12:28:50.586Z] E1202 13:28:50.586429   18675 watch.go:31] Failed to load config from "/Users/mac/clara-ai/clara-ai/dataconnect": could not find dataconnect.yaml in `/Users/mac/clara-ai/clara-ai/dataconnect`
 {"metadata":{"emulator":{"name":"dataconnect"},"message":"E1202 13:28:50.586429   18675 watch.go:31] Failed to load config from \"/Users/mac/clara-ai/clara-ai/dataconnect\": could not find dataconnect.yaml in `/Users/mac/clara-ai/clara-ai/dataconnect`\n"}}
[debug] [2025-12-02T12:29:00.586Z] E1202 13:29:00.586083   18675 watch.go:31] Failed to load config from "/Users/mac/clara-ai/clara-ai/dataconnect": could not find dataconnect.yaml in `/Users/mac/clara-ai/clara-ai/dataconnect`
 {"metadata":{"emulator":{"name":"dataconnect"},"message":"E1202 13:29:00.586083   18675 watch.go:31] Failed to load config from \"/Users/mac/clara-ai/clara-ai/dataconnect\": could not find dataconnect.yaml in `/Users/mac/clara-ai/clara-ai/dataconnect`\n"}}
[debug] [2025-12-02T12:29:10.586Z] E1202 13:29:10.586554   18675 watch.go:31] Failed to load config from "/Users/mac/clara-ai/clara-ai/dataconnect": could not find dataconnect.yaml in `/Users/mac/clara-ai/clara-ai/dataconnect`
 {"metadata":{"emulator":{"name":"dataconnect"},"message":"E1202 13:29:10.586554   18675 watch.go:31] Failed to load config from \"/Users/mac/clara-ai/clara-ai/dataconnect\": could not find dataconnect.yaml in `/Users/mac/clara-ai/clara-ai/dataconnect`\n"}}
[debug] [2025-12-02T12:29:20.586Z] E1202 13:29:20.586069   18675 watch.go:31] Failed to load config from "/Users/mac/clara-ai/clara-ai/dataconnect": could not find dataconnect.yaml in `/Users/mac/clara-ai/clara-ai/dataconnect`
 {"metadata":{"emulator":{"name":"dataconnect"},"message":"E1202 13:29:20.586069   18675 watch.go:31] Failed to load config from \"/Users/mac/clara-ai/clara-ai/dataconnect\": could not find dataconnect.yaml in `/Users/mac/clara-ai/clara-ai/dataconnect`\n"}}
[debug] [2025-12-02T12:29:30.587Z] E1202 13:29:30.587378   18675 watch.go:31] Failed to load config from "/Users/mac/clara-ai/clara-ai/dataconnect": could not find dataconnect.yaml in `/Users/mac/clara-ai/clara-ai/dataconnect`
 {"metadata":{"emulator":{"name":"dataconnect"},"message":"E1202 13:29:30.587378   18675 watch.go:31] Failed to load config from \"/Users/mac/clara-ai/clara-ai/dataconnect\": could not find dataconnect.yaml in `/Users/mac/clara-ai/clara-ai/dataconnect`\n"}}
[debug] [2025-12-02T12:29:40.589Z] E1202 13:29:40.589582   18675 watch.go:31] Failed to load config from "/Users/mac/clara-ai/clara-ai/dataconnect": could not find dataconnect.yaml in `/Users/mac/clara-ai/clara-ai/dataconnect`
 {"metadata":{"emulator":{"name":"dataconnect"},"message":"E1202 13:29:40.589582   18675 watch.go:31] Failed to load config from \"/Users/mac/clara-ai/clara-ai/dataconnect\": could not find dataconnect.yaml in `/Users/mac/clara-ai/clara-ai/dataconnect`\n"}}
[debug] [2025-12-02T12:29:50.586Z] E1202 13:29:50.586520   18675 watch.go:31] Failed to load config from "/Users/mac/clara-ai/clara-ai/dataconnect": could not find dataconnect.yaml in `/Users/mac/clara-ai/clara-ai/dataconnect`
 {"metadata":{"emulator":{"name":"dataconnect"},"message":"E1202 13:29:50.586520   18675 watch.go:31] Failed to load config from \"/Users/mac/clara-ai/clara-ai/dataconnect\": could not find dataconnect.yaml in `/Users/mac/clara-ai/clara-ai/dataconnect`\n"}}
[debug] [2025-12-02T12:29:50.587Z] E1202 13:29:50.586566   18675 watch.go:102] watchAllDir unable to walk dir `/Users/mac/clara-ai/clara-ai/dataconnect`: lstat /Users/mac/clara-ai/clara-ai/dataconnect: no such file or directory
 {"metadata":{"emulator":{"name":"dataconnect"},"message":"E1202 13:29:50.586566   18675 watch.go:102] watchAllDir unable to walk dir `/Users/mac/clara-ai/clara-ai/dataconnect`: lstat /Users/mac/clara-ai/clara-ai/dataconnect: no such file or directory\n"}}
[debug] [2025-12-02T12:30:00.710Z] E1202 13:30:00.708981   18675 watch.go:31] Failed to load config from "/Users/mac/clara-ai/clara-ai/dataconnect": could not find dataconnect.yaml in `/Users/mac/clara-ai/clara-ai/dataconnect`
 {"metadata":{"emulator":{"name":"dataconnect"},"message":"E1202 13:30:00.708981   18675 watch.go:31] Failed to load config from \"/Users/mac/clara-ai/clara-ai/dataconnect\": could not find dataconnect.yaml in `/Users/mac/clara-ai/clara-ai/dataconnect`\n"}}
[debug] [2025-12-02T12:30:10.590Z] E1202 13:30:10.587766   18675 watch.go:31] Failed to load config from "/Users/mac/clara-ai/clara-ai/dataconnect": could not find dataconnect.yaml in `/Users/mac/clara-ai/clara-ai/dataconnect`
 {"metadata":{"emulator":{"name":"dataconnect"},"message":"E1202 13:30:10.587766   18675 watch.go:31] Failed to load config from \"/Users/mac/clara-ai/clara-ai/dataconnect\": could not find dataconnect.yaml in `/Users/mac/clara-ai/clara-ai/dataconnect`\n"}}
[debug] [2025-12-02T12:30:20.589Z] E1202 13:30:20.587133   18675 watch.go:31] Failed to load config from "/Users/mac/clara-ai/clara-ai/dataconnect": could not find dataconnect.yaml in `/Users/mac/clara-ai/clara-ai/dataconnect`
 {"metadata":{"emulator":{"name":"dataconnect"},"message":"E1202 13:30:20.587133   18675 watch.go:31] Failed to load config from \"/Users/mac/clara-ai/clara-ai/dataconnect\": could not find dataconnect.yaml in `/Users/mac/clara-ai/clara-ai/dataconnect`\n"}}
[debug] [2025-12-02T12:30:30.587Z] E1202 13:30:30.587662   18675 watch.go:31] Failed to load config from "/Users/mac/clara-ai/clara-ai/dataconnect": could not find dataconnect.yaml in `/Users/mac/clara-ai/clara-ai/dataconnect`
 {"metadata":{"emulator":{"name":"dataconnect"},"message":"E1202 13:30:30.587662   18675 watch.go:31] Failed to load config from \"/Users/mac/clara-ai/clara-ai/dataconnect\": could not find dataconnect.yaml in `/Users/mac/clara-ai/clara-ai/dataconnect`\n"}}
[debug] [2025-12-02T12:30:40.590Z] E1202 13:30:40.589857   18675 watch.go:31] Failed to load config from "/Users/mac/clara-ai/clara-ai/dataconnect": could not find dataconnect.yaml in `/Users/mac/clara-ai/clara-ai/dataconnect`
 {"metadata":{"emulator":{"name":"dataconnect"},"message":"E1202 13:30:40.589857   18675 watch.go:31] Failed to load config from \"/Users/mac/clara-ai/clara-ai/dataconnect\": could not find dataconnect.yaml in `/Users/mac/clara-ai/clara-ai/dataconnect`\n"}}
[debug] [2025-12-02T12:30:50.593Z] E1202 13:30:50.592947   18675 watch.go:31] Failed to load config from "/Users/mac/clara-ai/clara-ai/dataconnect": could not find dataconnect.yaml in `/Users/mac/clara-ai/clara-ai/dataconnect`
 {"metadata":{"emulator":{"name":"dataconnect"},"message":"E1202 13:30:50.592947   18675 watch.go:31] Failed to load config from \"/Users/mac/clara-ai/clara-ai/dataconnect\": could not find dataconnect.yaml in `/Users/mac/clara-ai/clara-ai/dataconnect`\n"}}
[debug] [2025-12-02T12:31:00.834Z] E1202 13:31:00.589411   18675 watch.go:31] Failed to load config from "/Users/mac/clara-ai/clara-ai/dataconnect": could not find dataconnect.yaml in `/Users/mac/clara-ai/clara-ai/dataconnect`
 {"metadata":{"emulator":{"name":"dataconnect"},"message":"E1202 13:31:00.589411   18675 watch.go:31] Failed to load config from \"/Users/mac/clara-ai/clara-ai/dataconnect\": could not find dataconnect.yaml in `/Users/mac/clara-ai/clara-ai/dataconnect`\n"}}
[debug] [2025-12-02T12:31:10.588Z] E1202 13:31:10.588479   18675 watch.go:31] Failed to load config from "/Users/mac/clara-ai/clara-ai/dataconnect": could not find dataconnect.yaml in `/Users/mac/clara-ai/clara-ai/dataconnect`
 {"metadata":{"emulator":{"name":"dataconnect"},"message":"E1202 13:31:10.588479   18675 watch.go:31] Failed to load config from \"/Users/mac/clara-ai/clara-ai/dataconnect\": could not find dataconnect.yaml in `/Users/mac/clara-ai/clara-ai/dataconnect`\n"}}
[debug] [2025-12-02T12:31:20.588Z] E1202 13:31:20.588348   18675 watch.go:31] Failed to load config from "/Users/mac/clara-ai/clara-ai/dataconnect": could not find dataconnect.yaml in `/Users/mac/clara-ai/clara-ai/dataconnect`
 {"metadata":{"emulator":{"name":"dataconnect"},"message":"E1202 13:31:20.588348   18675 watch.go:31] Failed to load config from \"/Users/mac/clara-ai/clara-ai/dataconnect\": could not find dataconnect.yaml in `/Users/mac/clara-ai/clara-ai/dataconnect`\n"}}
[debug] [2025-12-02T12:31:30.589Z] E1202 13:31:30.588875   18675 watch.go:31] Failed to load config from "/Users/mac/clara-ai/clara-ai/dataconnect": could not find dataconnect.yaml in `/Users/mac/clara-ai/clara-ai/dataconnect`
 {"metadata":{"emulator":{"name":"dataconnect"},"message":"E1202 13:31:30.588875   18675 watch.go:31] Failed to load config from \"/Users/mac/clara-ai/clara-ai/dataconnect\": could not find dataconnect.yaml in `/Users/mac/clara-ai/clara-ai/dataconnect`\n"}}
[debug] [2025-12-02T12:31:40.588Z] E1202 13:31:40.588354   18675 watch.go:31] Failed to load config from "/Users/mac/clara-ai/clara-ai/dataconnect": could not find dataconnect.yaml in `/Users/mac/clara-ai/clara-ai/dataconnect`
 {"metadata":{"emulator":{"name":"dataconnect"},"message":"E1202 13:31:40.588354   18675 watch.go:31] Failed to load config from \"/Users/mac/clara-ai/clara-ai/dataconnect\": could not find dataconnect.yaml in `/Users/mac/clara-ai/clara-ai/dataconnect`\n"}}
[debug] [2025-12-02T12:31:50.588Z] E1202 13:31:50.588715   18675 watch.go:31] Failed to load config from "/Users/mac/clara-ai/clara-ai/dataconnect": could not find dataconnect.yaml in `/Users/mac/clara-ai/clara-ai/dataconnect`
 {"metadata":{"emulator":{"name":"dataconnect"},"message":"E1202 13:31:50.588715   18675 watch.go:31] Failed to load config from \"/Users/mac/clara-ai/clara-ai/dataconnect\": could not find dataconnect.yaml in `/Users/mac/clara-ai/clara-ai/dataconnect`\n"}}
[debug] [2025-12-02T12:31:50.593Z] E1202 13:31:50.588770   18675 watch.go:102] watchAllDir unable to walk dir `/Users/mac/clara-ai/clara-ai/dataconnect`: lstat /Users/mac/clara-ai/clara-ai/dataconnect: no such file or directory
 {"metadata":{"emulator":{"name":"dataconnect"},"message":"E1202 13:31:50.588770   18675 watch.go:102] watchAllDir unable to walk dir `/Users/mac/clara-ai/clara-ai/dataconnect`: lstat /Users/mac/clara-ai/clara-ai/dataconnect: no such file or directory\n"}}
[debug] [2025-12-02T12:32:00.589Z] E1202 13:32:00.589743   18675 watch.go:31] Failed to load config from "/Users/mac/clara-ai/clara-ai/dataconnect": could not find dataconnect.yaml in `/Users/mac/clara-ai/clara-ai/dataconnect`
 {"metadata":{"emulator":{"name":"dataconnect"},"message":"E1202 13:32:00.589743   18675 watch.go:31] Failed to load config from \"/Users/mac/clara-ai/clara-ai/dataconnect\": could not find dataconnect.yaml in `/Users/mac/clara-ai/clara-ai/dataconnect`\n"}}
[debug] [2025-12-02T12:32:10.590Z] E1202 13:32:10.590255   18675 watch.go:31] Failed to load config from "/Users/mac/clara-ai/clara-ai/dataconnect": could not find dataconnect.yaml in `/Users/mac/clara-ai/clara-ai/dataconnect`
 {"metadata":{"emulator":{"name":"dataconnect"},"message":"E1202 13:32:10.590255   18675 watch.go:31] Failed to load config from \"/Users/mac/clara-ai/clara-ai/dataconnect\": could not find dataconnect.yaml in `/Users/mac/clara-ai/clara-ai/dataconnect`\n"}}
[debug] [2025-12-02T12:32:20.589Z] E1202 13:32:20.589286   18675 watch.go:31] Failed to load config from "/Users/mac/clara-ai/clara-ai/dataconnect": could not find dataconnect.yaml in `/Users/mac/clara-ai/clara-ai/dataconnect`
 {"metadata":{"emulator":{"name":"dataconnect"},"message":"E1202 13:32:20.589286   18675 watch.go:31] Failed to load config from \"/Users/mac/clara-ai/clara-ai/dataconnect\": could not find dataconnect.yaml in `/Users/mac/clara-ai/clara-ai/dataconnect`\n"}}
[debug] [2025-12-02T12:32:30.591Z] E1202 13:32:30.590255   18675 watch.go:31] Failed to load config from "/Users/mac/clara-ai/clara-ai/dataconnect": could not find dataconnect.yaml in `/Users/mac/clara-ai/clara-ai/dataconnect`
 {"metadata":{"emulator":{"name":"dataconnect"},"message":"E1202 13:32:30.590255   18675 watch.go:31] Failed to load config from \"/Users/mac/clara-ai/clara-ai/dataconnect\": could not find dataconnect.yaml in `/Users/mac/clara-ai/clara-ai/dataconnect`\n"}}
[debug] [2025-12-02T12:32:40.590Z] E1202 13:32:40.589947   18675 watch.go:31] Failed to load config from "/Users/mac/clara-ai/clara-ai/dataconnect": could not find dataconnect.yaml in `/Users/mac/clara-ai/clara-ai/dataconnect`
 {"metadata":{"emulator":{"name":"dataconnect"},"message":"E1202 13:32:40.589947   18675 watch.go:31] Failed to load config from \"/Users/mac/clara-ai/clara-ai/dataconnect\": could not find dataconnect.yaml in `/Users/mac/clara-ai/clara-ai/dataconnect`\n"}}
[debug] [2025-12-02T12:32:50.590Z] E1202 13:32:50.590130   18675 watch.go:31] Failed to load config from "/Users/mac/clara-ai/clara-ai/dataconnect": could not find dataconnect.yaml in `/Users/mac/clara-ai/clara-ai/dataconnect`
 {"metadata":{"emulator":{"name":"dataconnect"},"message":"E1202 13:32:50.590130   18675 watch.go:31] Failed to load config from \"/Users/mac/clara-ai/clara-ai/dataconnect\": could not find dataconnect.yaml in `/Users/mac/clara-ai/clara-ai/dataconnect`\n"}}
[debug] [2025-12-02T12:33:00.589Z] E1202 13:33:00.589774   18675 watch.go:31] Failed to load config from "/Users/mac/clara-ai/clara-ai/dataconnect": could not find dataconnect.yaml in `/Users/mac/clara-ai/clara-ai/dataconnect`
 {"metadata":{"emulator":{"name":"dataconnect"},"message":"E1202 13:33:00.589774   18675 watch.go:31] Failed to load config from \"/Users/mac/clara-ai/clara-ai/dataconnect\": could not find dataconnect.yaml in `/Users/mac/clara-ai/clara-ai/dataconnect`\n"}}
[debug] [2025-12-02T12:33:10.590Z] E1202 13:33:10.590414   18675 watch.go:31] Failed to load config from "/Users/mac/clara-ai/clara-ai/dataconnect": could not find dataconnect.yaml in `/Users/mac/clara-ai/clara-ai/dataconnect`
 {"metadata":{"emulator":{"name":"dataconnect"},"message":"E1202 13:33:10.590414   18675 watch.go:31] Failed to load config from \"/Users/mac/clara-ai/clara-ai/dataconnect\": could not find dataconnect.yaml in `/Users/mac/clara-ai/clara-ai/dataconnect`\n"}}
[debug] [2025-12-02T12:33:20.591Z] E1202 13:33:20.591148   18675 watch.go:31] Failed to load config from "/Users/mac/clara-ai/clara-ai/dataconnect": could not find dataconnect.yaml in `/Users/mac/clara-ai/clara-ai/dataconnect`
 {"metadata":{"emulator":{"name":"dataconnect"},"message":"E1202 13:33:20.591148   18675 watch.go:31] Failed to load config from \"/Users/mac/clara-ai/clara-ai/dataconnect\": could not find dataconnect.yaml in `/Users/mac/clara-ai/clara-ai/dataconnect`\n"}}
[debug] [2025-12-02T12:33:30.591Z] E1202 13:33:30.591301   18675 watch.go:31] Failed to load config from "/Users/mac/clara-ai/clara-ai/dataconnect": could not find dataconnect.yaml in `/Users/mac/clara-ai/clara-ai/dataconnect`
 {"metadata":{"emulator":{"name":"dataconnect"},"message":"E1202 13:33:30.591301   18675 watch.go:31] Failed to load config from \"/Users/mac/clara-ai/clara-ai/dataconnect\": could not find dataconnect.yaml in `/Users/mac/clara-ai/clara-ai/dataconnect`\n"}}
[debug] [2025-12-02T12:33:40.591Z] E1202 13:33:40.591577   18675 watch.go:31] Failed to load config from "/Users/mac/clara-ai/clara-ai/dataconnect": could not find dataconnect.yaml in `/Users/mac/clara-ai/clara-ai/dataconnect`
 {"metadata":{"emulator":{"name":"dataconnect"},"message":"E1202 13:33:40.591577   18675 watch.go:31] Failed to load config from \"/Users/mac/clara-ai/clara-ai/dataconnect\": could not find dataconnect.yaml in `/Users/mac/clara-ai/clara-ai/dataconnect`\n"}}
[debug] [2025-12-02T12:33:50.591Z] E1202 13:33:50.591096   18675 watch.go:31] Failed to load config from "/Users/mac/clara-ai/clara-ai/dataconnect": could not find dataconnect.yaml in `/Users/mac/clara-ai/clara-ai/dataconnect`
E1202 13:33:50.591183   18675 watch.go:102] watchAllDir unable to walk dir `/Users/mac/clara-ai/clara-ai/dataconnect`: lstat /Users/mac/clara-ai/clara-ai/dataconnect: no such file or directory
 {"metadata":{"emulator":{"name":"dataconnect"},"message":"E1202 13:33:50.591096   18675 watch.go:31] Failed to load config from \"/Users/mac/clara-ai/clara-ai/dataconnect\": could not find dataconnect.yaml in `/Users/mac/clara-ai/clara-ai/dataconnect`\nE1202 13:33:50.591183   18675 watch.go:102] watchAllDir unable to walk dir `/Users/mac/clara-ai/clara-ai/dataconnect`: lstat /Users/mac/clara-ai/clara-ai/dataconnect: no such file or directory\n"}}
[debug] [2025-12-02T12:34:00.618Z] E1202 13:34:00.617283   18675 watch.go:31] Failed to load config from "/Users/mac/clara-ai/clara-ai/dataconnect": could not find dataconnect.yaml in `/Users/mac/clara-ai/clara-ai/dataconnect`
 {"metadata":{"emulator":{"name":"dataconnect"},"message":"E1202 13:34:00.617283   18675 watch.go:31] Failed to load config from \"/Users/mac/clara-ai/clara-ai/dataconnect\": could not find dataconnect.yaml in `/Users/mac/clara-ai/clara-ai/dataconnect`\n"}}
[debug] [2025-12-02T12:34:10.592Z] E1202 13:34:10.592629   18675 watch.go:31] Failed to load config from "/Users/mac/clara-ai/clara-ai/dataconnect": could not find dataconnect.yaml in `/Users/mac/clara-ai/clara-ai/dataconnect`
 {"metadata":{"emulator":{"name":"dataconnect"},"message":"E1202 13:34:10.592629   18675 watch.go:31] Failed to load config from \"/Users/mac/clara-ai/clara-ai/dataconnect\": could not find dataconnect.yaml in `/Users/mac/clara-ai/clara-ai/dataconnect`\n"}}
[debug] [2025-12-02T12:34:20.594Z] E1202 13:34:20.592101   18675 watch.go:31] Failed to load config from "/Users/mac/clara-ai/clara-ai/dataconnect": could not find dataconnect.yaml in `/Users/mac/clara-ai/clara-ai/dataconnect`
 {"metadata":{"emulator":{"name":"dataconnect"},"message":"E1202 13:34:20.592101   18675 watch.go:31] Failed to load config from \"/Users/mac/clara-ai/clara-ai/dataconnect\": could not find dataconnect.yaml in `/Users/mac/clara-ai/clara-ai/dataconnect`\n"}}
[debug] [2025-12-02T12:34:30.605Z] E1202 13:34:30.599725   18675 watch.go:31] Failed to load config from "/Users/mac/clara-ai/clara-ai/dataconnect": could not find dataconnect.yaml in `/Users/mac/clara-ai/clara-ai/dataconnect`
 {"metadata":{"emulator":{"name":"dataconnect"},"message":"E1202 13:34:30.599725   18675 watch.go:31] Failed to load config from \"/Users/mac/clara-ai/clara-ai/dataconnect\": could not find dataconnect.yaml in `/Users/mac/clara-ai/clara-ai/dataconnect`\n"}}
[debug] [2025-12-02T12:34:40.598Z] E1202 13:34:40.598038   18675 watch.go:31] Failed to load config from "/Users/mac/clara-ai/clara-ai/dataconnect": could not find dataconnect.yaml in `/Users/mac/clara-ai/clara-ai/dataconnect`
 {"metadata":{"emulator":{"name":"dataconnect"},"message":"E1202 13:34:40.598038   18675 watch.go:31] Failed to load config from \"/Users/mac/clara-ai/clara-ai/dataconnect\": could not find dataconnect.yaml in `/Users/mac/clara-ai/clara-ai/dataconnect`\n"}}
[debug] [2025-12-02T12:34:50.592Z] E1202 13:34:50.592016   18675 watch.go:31] Failed to load config from "/Users/mac/clara-ai/clara-ai/dataconnect": could not find dataconnect.yaml in `/Users/mac/clara-ai/clara-ai/dataconnect`
 {"metadata":{"emulator":{"name":"dataconnect"},"message":"E1202 13:34:50.592016   18675 watch.go:31] Failed to load config from \"/Users/mac/clara-ai/clara-ai/dataconnect\": could not find dataconnect.yaml in `/Users/mac/clara-ai/clara-ai/dataconnect`\n"}}
[debug] [2025-12-02T12:35:00.592Z] E1202 13:35:00.591937   18675 watch.go:31] Failed to load config from "/Users/mac/clara-ai/clara-ai/dataconnect": could not find dataconnect.yaml in `/Users/mac/clara-ai/clara-ai/dataconnect`
 {"metadata":{"emulator":{"name":"dataconnect"},"message":"E1202 13:35:00.591937   18675 watch.go:31] Failed to load config from \"/Users/mac/clara-ai/clara-ai/dataconnect\": could not find dataconnect.yaml in `/Users/mac/clara-ai/clara-ai/dataconnect`\n"}}
[debug] [2025-12-02T12:35:10.593Z] E1202 13:35:10.593225   18675 watch.go:31] Failed to load config from "/Users/mac/clara-ai/clara-ai/dataconnect": could not find dataconnect.yaml in `/Users/mac/clara-ai/clara-ai/dataconnect`
 {"metadata":{"emulator":{"name":"dataconnect"},"message":"E1202 13:35:10.593225   18675 watch.go:31] Failed to load config from \"/Users/mac/clara-ai/clara-ai/dataconnect\": could not find dataconnect.yaml in `/Users/mac/clara-ai/clara-ai/dataconnect`\n"}}
[debug] [2025-12-02T12:35:20.593Z] E1202 13:35:20.593190   18675 watch.go:31] Failed to load config from "/Users/mac/clara-ai/clara-ai/dataconnect": could not find dataconnect.yaml in `/Users/mac/clara-ai/clara-ai/dataconnect`
 {"metadata":{"emulator":{"name":"dataconnect"},"message":"E1202 13:35:20.593190   18675 watch.go:31] Failed to load config from \"/Users/mac/clara-ai/clara-ai/dataconnect\": could not find dataconnect.yaml in `/Users/mac/clara-ai/clara-ai/dataconnect`\n"}}
[debug] [2025-12-02T12:35:30.593Z] E1202 13:35:30.593036   18675 watch.go:31] Failed to load config from "/Users/mac/clara-ai/clara-ai/dataconnect": could not find dataconnect.yaml in `/Users/mac/clara-ai/clara-ai/dataconnect`
 {"metadata":{"emulator":{"name":"dataconnect"},"message":"E1202 13:35:30.593036   18675 watch.go:31] Failed to load config from \"/Users/mac/clara-ai/clara-ai/dataconnect\": could not find dataconnect.yaml in `/Users/mac/clara-ai/clara-ai/dataconnect`\n"}}
[debug] [2025-12-02T12:35:40.594Z] E1202 13:35:40.593710   18675 watch.go:31] Failed to load config from "/Users/mac/clara-ai/clara-ai/dataconnect": could not find dataconnect.yaml in `/Users/mac/clara-ai/clara-ai/dataconnect`
 {"metadata":{"emulator":{"name":"dataconnect"},"message":"E1202 13:35:40.593710   18675 watch.go:31] Failed to load config from \"/Users/mac/clara-ai/clara-ai/dataconnect\": could not find dataconnect.yaml in `/Users/mac/clara-ai/clara-ai/dataconnect`\n"}}
[debug] [2025-12-02T12:35:50.594Z] E1202 13:35:50.594519   18675 watch.go:31] Failed to load config from "/Users/mac/clara-ai/clara-ai/dataconnect": could not find dataconnect.yaml in `/Users/mac/clara-ai/clara-ai/dataconnect`
 {"metadata":{"emulator":{"name":"dataconnect"},"message":"E1202 13:35:50.594519   18675 watch.go:31] Failed to load config from \"/Users/mac/clara-ai/clara-ai/dataconnect\": could not find dataconnect.yaml in `/Users/mac/clara-ai/clara-ai/dataconnect`\n"}}
[debug] [2025-12-02T12:35:50.598Z] E1202 13:35:50.594948   18675 watch.go:102] watchAllDir unable to walk dir `/Users/mac/clara-ai/clara-ai/dataconnect`: lstat /Users/mac/clara-ai/clara-ai/dataconnect: no such file or directory
 {"metadata":{"emulator":{"name":"dataconnect"},"message":"E1202 13:35:50.594948   18675 watch.go:102] watchAllDir unable to walk dir `/Users/mac/clara-ai/clara-ai/dataconnect`: lstat /Users/mac/clara-ai/clara-ai/dataconnect: no such file or directory\n"}}
[debug] [2025-12-02T12:36:00.599Z] E1202 13:36:00.598869   18675 watch.go:31] Failed to load config from "/Users/mac/clara-ai/clara-ai/dataconnect": could not find dataconnect.yaml in `/Users/mac/clara-ai/clara-ai/dataconnect`
 {"metadata":{"emulator":{"name":"dataconnect"},"message":"E1202 13:36:00.598869   18675 watch.go:31] Failed to load config from \"/Users/mac/clara-ai/clara-ai/dataconnect\": could not find dataconnect.yaml in `/Users/mac/clara-ai/clara-ai/dataconnect`\n"}}
[debug] [2025-12-02T12:36:10.595Z] E1202 13:36:10.595344   18675 watch.go:31] Failed to load config from "/Users/mac/clara-ai/clara-ai/dataconnect": could not find dataconnect.yaml in `/Users/mac/clara-ai/clara-ai/dataconnect`
 {"metadata":{"emulator":{"name":"dataconnect"},"message":"E1202 13:36:10.595344   18675 watch.go:31] Failed to load config from \"/Users/mac/clara-ai/clara-ai/dataconnect\": could not find dataconnect.yaml in `/Users/mac/clara-ai/clara-ai/dataconnect`\n"}}
[debug] [2025-12-02T12:36:20.604Z] E1202 13:36:20.599598   18675 watch.go:31] Failed to load config from "/Users/mac/clara-ai/clara-ai/dataconnect": could not find dataconnect.yaml in `/Users/mac/clara-ai/clara-ai/dataconnect`
 {"metadata":{"emulator":{"name":"dataconnect"},"message":"E1202 13:36:20.599598   18675 watch.go:31] Failed to load config from \"/Users/mac/clara-ai/clara-ai/dataconnect\": could not find dataconnect.yaml in `/Users/mac/clara-ai/clara-ai/dataconnect`\n"}}
[debug] [2025-12-02T12:36:30.596Z] E1202 13:36:30.596433   18675 watch.go:31] Failed to load config from "/Users/mac/clara-ai/clara-ai/dataconnect": could not find dataconnect.yaml in `/Users/mac/clara-ai/clara-ai/dataconnect`
 {"metadata":{"emulator":{"name":"dataconnect"},"message":"E1202 13:36:30.596433   18675 watch.go:31] Failed to load config from \"/Users/mac/clara-ai/clara-ai/dataconnect\": could not find dataconnect.yaml in `/Users/mac/clara-ai/clara-ai/dataconnect`\n"}}
[debug] [2025-12-02T12:36:40.600Z] E1202 13:36:40.598863   18675 watch.go:31] Failed to load config from "/Users/mac/clara-ai/clara-ai/dataconnect": could not find dataconnect.yaml in `/Users/mac/clara-ai/clara-ai/dataconnect`
 {"metadata":{"emulator":{"name":"dataconnect"},"message":"E1202 13:36:40.598863   18675 watch.go:31] Failed to load config from \"/Users/mac/clara-ai/clara-ai/dataconnect\": could not find dataconnect.yaml in `/Users/mac/clara-ai/clara-ai/dataconnect`\n"}}
[debug] [2025-12-02T12:36:50.636Z] E1202 13:36:50.594948   18675 watch.go:31] Failed to load config from "/Users/mac/clara-ai/clara-ai/dataconnect": could not find dataconnect.yaml in `/Users/mac/clara-ai/clara-ai/dataconnect`
 {"metadata":{"emulator":{"name":"dataconnect"},"message":"E1202 13:36:50.594948   18675 watch.go:31] Failed to load config from \"/Users/mac/clara-ai/clara-ai/dataconnect\": could not find dataconnect.yaml in `/Users/mac/clara-ai/clara-ai/dataconnect`\n"}}
[debug] [2025-12-02T12:37:00.594Z] E1202 13:37:00.594601   18675 watch.go:31] Failed to load config from "/Users/mac/clara-ai/clara-ai/dataconnect": could not find dataconnect.yaml in `/Users/mac/clara-ai/clara-ai/dataconnect`
 {"metadata":{"emulator":{"name":"dataconnect"},"message":"E1202 13:37:00.594601   18675 watch.go:31] Failed to load config from \"/Users/mac/clara-ai/clara-ai/dataconnect\": could not find dataconnect.yaml in `/Users/mac/clara-ai/clara-ai/dataconnect`\n"}}
[debug] [2025-12-02T12:37:10.617Z] E1202 13:37:10.595395   18675 watch.go:31] Failed to load config from "/Users/mac/clara-ai/clara-ai/dataconnect": could not find dataconnect.yaml in `/Users/mac/clara-ai/clara-ai/dataconnect`
 {"metadata":{"emulator":{"name":"dataconnect"},"message":"E1202 13:37:10.595395   18675 watch.go:31] Failed to load config from \"/Users/mac/clara-ai/clara-ai/dataconnect\": could not find dataconnect.yaml in `/Users/mac/clara-ai/clara-ai/dataconnect`\n"}}
[debug] [2025-12-02T12:37:20.595Z] E1202 13:37:20.595616   18675 watch.go:31] Failed to load config from "/Users/mac/clara-ai/clara-ai/dataconnect": could not find dataconnect.yaml in `/Users/mac/clara-ai/clara-ai/dataconnect`
 {"metadata":{"emulator":{"name":"dataconnect"},"message":"E1202 13:37:20.595616   18675 watch.go:31] Failed to load config from \"/Users/mac/clara-ai/clara-ai/dataconnect\": could not find dataconnect.yaml in `/Users/mac/clara-ai/clara-ai/dataconnect`\n"}}
[debug] [2025-12-02T12:37:30.595Z] E1202 13:37:30.595097   18675 watch.go:31] Failed to load config from "/Users/mac/clara-ai/clara-ai/dataconnect": could not find dataconnect.yaml in `/Users/mac/clara-ai/clara-ai/dataconnect`
 {"metadata":{"emulator":{"name":"dataconnect"},"message":"E1202 13:37:30.595097   18675 watch.go:31] Failed to load config from \"/Users/mac/clara-ai/clara-ai/dataconnect\": could not find dataconnect.yaml in `/Users/mac/clara-ai/clara-ai/dataconnect`\n"}}
[debug] [2025-12-02T12:37:40.595Z] E1202 13:37:40.595468   18675 watch.go:31] Failed to load config from "/Users/mac/clara-ai/clara-ai/dataconnect": could not find dataconnect.yaml in `/Users/mac/clara-ai/clara-ai/dataconnect`
 {"metadata":{"emulator":{"name":"dataconnect"},"message":"E1202 13:37:40.595468   18675 watch.go:31] Failed to load config from \"/Users/mac/clara-ai/clara-ai/dataconnect\": could not find dataconnect.yaml in `/Users/mac/clara-ai/clara-ai/dataconnect`\n"}}
[debug] [2025-12-02T12:37:50.598Z] E1202 13:37:50.597477   18675 watch.go:31] Failed to load config from "/Users/mac/clara-ai/clara-ai/dataconnect": could not find dataconnect.yaml in `/Users/mac/clara-ai/clara-ai/dataconnect`
 {"metadata":{"emulator":{"name":"dataconnect"},"message":"E1202 13:37:50.597477   18675 watch.go:31] Failed to load config from \"/Users/mac/clara-ai/clara-ai/dataconnect\": could not find dataconnect.yaml in `/Users/mac/clara-ai/clara-ai/dataconnect`\n"}}
[debug] [2025-12-02T12:37:50.604Z] E1202 13:37:50.597537   18675 watch.go:102] watchAllDir unable to walk dir `/Users/mac/clara-ai/clara-ai/dataconnect`: lstat /Users/mac/clara-ai/clara-ai/dataconnect: no such file or directory
 {"metadata":{"emulator":{"name":"dataconnect"},"message":"E1202 13:37:50.597537   18675 watch.go:102] watchAllDir unable to walk dir `/Users/mac/clara-ai/clara-ai/dataconnect`: lstat /Users/mac/clara-ai/clara-ai/dataconnect: no such file or directory\n"}}
[debug] [2025-12-02T12:38:00.597Z] E1202 13:38:00.596315   18675 watch.go:31] Failed to load config from "/Users/mac/clara-ai/clara-ai/dataconnect": could not find dataconnect.yaml in `/Users/mac/clara-ai/clara-ai/dataconnect`
 {"metadata":{"emulator":{"name":"dataconnect"},"message":"E1202 13:38:00.596315   18675 watch.go:31] Failed to load config from \"/Users/mac/clara-ai/clara-ai/dataconnect\": could not find dataconnect.yaml in `/Users/mac/clara-ai/clara-ai/dataconnect`\n"}}
[debug] [2025-12-02T12:38:10.604Z] E1202 13:38:10.601142   18675 watch.go:31] Failed to load config from "/Users/mac/clara-ai/clara-ai/dataconnect": could not find dataconnect.yaml in `/Users/mac/clara-ai/clara-ai/dataconnect`
 {"metadata":{"emulator":{"name":"dataconnect"},"message":"E1202 13:38:10.601142   18675 watch.go:31] Failed to load config from \"/Users/mac/clara-ai/clara-ai/dataconnect\": could not find dataconnect.yaml in `/Users/mac/clara-ai/clara-ai/dataconnect`\n"}}
[debug] [2025-12-02T12:38:20.602Z] E1202 13:38:20.602508   18675 watch.go:31] Failed to load config from "/Users/mac/clara-ai/clara-ai/dataconnect": could not find dataconnect.yaml in `/Users/mac/clara-ai/clara-ai/dataconnect`
 {"metadata":{"emulator":{"name":"dataconnect"},"message":"E1202 13:38:20.602508   18675 watch.go:31] Failed to load config from \"/Users/mac/clara-ai/clara-ai/dataconnect\": could not find dataconnect.yaml in `/Users/mac/clara-ai/clara-ai/dataconnect`\n"}}
[debug] [2025-12-02T12:38:30.600Z] E1202 13:38:30.599699   18675 watch.go:31] Failed to load config from "/Users/mac/clara-ai/clara-ai/dataconnect": could not find dataconnect.yaml in `/Users/mac/clara-ai/clara-ai/dataconnect`
 {"metadata":{"emulator":{"name":"dataconnect"},"message":"E1202 13:38:30.599699   18675 watch.go:31] Failed to load config from \"/Users/mac/clara-ai/clara-ai/dataconnect\": could not find dataconnect.yaml in `/Users/mac/clara-ai/clara-ai/dataconnect`\n"}}
[debug] [2025-12-02T12:38:40.626Z] E1202 13:38:40.604333   18675 watch.go:31] Failed to load config from "/Users/mac/clara-ai/clara-ai/dataconnect": could not find dataconnect.yaml in `/Users/mac/clara-ai/clara-ai/dataconnect`
 {"metadata":{"emulator":{"name":"dataconnect"},"message":"E1202 13:38:40.604333   18675 watch.go:31] Failed to load config from \"/Users/mac/clara-ai/clara-ai/dataconnect\": could not find dataconnect.yaml in `/Users/mac/clara-ai/clara-ai/dataconnect`\n"}}
[debug] [2025-12-02T12:38:50.597Z] E1202 13:38:50.597226   18675 watch.go:31] Failed to load config from "/Users/mac/clara-ai/clara-ai/dataconnect": could not find dataconnect.yaml in `/Users/mac/clara-ai/clara-ai/dataconnect`
 {"metadata":{"emulator":{"name":"dataconnect"},"message":"E1202 13:38:50.597226   18675 watch.go:31] Failed to load config from \"/Users/mac/clara-ai/clara-ai/dataconnect\": could not find dataconnect.yaml in `/Users/mac/clara-ai/clara-ai/dataconnect`\n"}}
[debug] [2025-12-02T12:39:00.597Z] E1202 13:39:00.597406   18675 watch.go:31] Failed to load config from "/Users/mac/clara-ai/clara-ai/dataconnect": could not find dataconnect.yaml in `/Users/mac/clara-ai/clara-ai/dataconnect`
 {"metadata":{"emulator":{"name":"dataconnect"},"message":"E1202 13:39:00.597406   18675 watch.go:31] Failed to load config from \"/Users/mac/clara-ai/clara-ai/dataconnect\": could not find dataconnect.yaml in `/Users/mac/clara-ai/clara-ai/dataconnect`\n"}}
[debug] [2025-12-02T12:39:10.597Z] E1202 13:39:10.596796   18675 watch.go:31] Failed to load config from "/Users/mac/clara-ai/clara-ai/dataconnect": could not find dataconnect.yaml in `/Users/mac/clara-ai/clara-ai/dataconnect`
 {"metadata":{"emulator":{"name":"dataconnect"},"message":"E1202 13:39:10.596796   18675 watch.go:31] Failed to load config from \"/Users/mac/clara-ai/clara-ai/dataconnect\": could not find dataconnect.yaml in `/Users/mac/clara-ai/clara-ai/dataconnect`\n"}}
[debug] [2025-12-02T12:39:20.636Z] E1202 13:39:20.636338   18675 watch.go:31] Failed to load config from "/Users/mac/clara-ai/clara-ai/dataconnect": could not find dataconnect.yaml in `/Users/mac/clara-ai/clara-ai/dataconnect`
 {"metadata":{"emulator":{"name":"dataconnect"},"message":"E1202 13:39:20.636338   18675 watch.go:31] Failed to load config from \"/Users/mac/clara-ai/clara-ai/dataconnect\": could not find dataconnect.yaml in `/Users/mac/clara-ai/clara-ai/dataconnect`\n"}}
[debug] [2025-12-02T12:39:30.597Z] E1202 13:39:30.597102   18675 watch.go:31] Failed to load config from "/Users/mac/clara-ai/clara-ai/dataconnect": could not find dataconnect.yaml in `/Users/mac/clara-ai/clara-ai/dataconnect`
 {"metadata":{"emulator":{"name":"dataconnect"},"message":"E1202 13:39:30.597102   18675 watch.go:31] Failed to load config from \"/Users/mac/clara-ai/clara-ai/dataconnect\": could not find dataconnect.yaml in `/Users/mac/clara-ai/clara-ai/dataconnect`\n"}}
[debug] [2025-12-02T12:39:40.598Z] E1202 13:39:40.598138   18675 watch.go:31] Failed to load config from "/Users/mac/clara-ai/clara-ai/dataconnect": could not find dataconnect.yaml in `/Users/mac/clara-ai/clara-ai/dataconnect`
 {"metadata":{"emulator":{"name":"dataconnect"},"message":"E1202 13:39:40.598138   18675 watch.go:31] Failed to load config from \"/Users/mac/clara-ai/clara-ai/dataconnect\": could not find dataconnect.yaml in `/Users/mac/clara-ai/clara-ai/dataconnect`\n"}}
[debug] [2025-12-02T12:39:50.598Z] E1202 13:39:50.598210   18675 watch.go:31] Failed to load config from "/Users/mac/clara-ai/clara-ai/dataconnect": could not find dataconnect.yaml in `/Users/mac/clara-ai/clara-ai/dataconnect`
 {"metadata":{"emulator":{"name":"dataconnect"},"message":"E1202 13:39:50.598210   18675 watch.go:31] Failed to load config from \"/Users/mac/clara-ai/clara-ai/dataconnect\": could not find dataconnect.yaml in `/Users/mac/clara-ai/clara-ai/dataconnect`\n"}}
[debug] [2025-12-02T12:39:50.599Z] E1202 13:39:50.598677   18675 watch.go:102] watchAllDir unable to walk dir `/Users/mac/clara-ai/clara-ai/dataconnect`: lstat /Users/mac/clara-ai/clara-ai/dataconnect: no such file or directory
 {"metadata":{"emulator":{"name":"dataconnect"},"message":"E1202 13:39:50.598677   18675 watch.go:102] watchAllDir unable to walk dir `/Users/mac/clara-ai/clara-ai/dataconnect`: lstat /Users/mac/clara-ai/clara-ai/dataconnect: no such file or directory\n"}}
[debug] [2025-12-02T12:40:00.598Z] E1202 13:40:00.598484   18675 watch.go:31] Failed to load config from "/Users/mac/clara-ai/clara-ai/dataconnect": could not find dataconnect.yaml in `/Users/mac/clara-ai/clara-ai/dataconnect`
 {"metadata":{"emulator":{"name":"dataconnect"},"message":"E1202 13:40:00.598484   18675 watch.go:31] Failed to load config from \"/Users/mac/clara-ai/clara-ai/dataconnect\": could not find dataconnect.yaml in `/Users/mac/clara-ai/clara-ai/dataconnect`\n"}}
[debug] [2025-12-02T12:40:10.609Z] E1202 13:40:10.608963   18675 watch.go:31] Failed to load config from "/Users/mac/clara-ai/clara-ai/dataconnect": could not find dataconnect.yaml in `/Users/mac/clara-ai/clara-ai/dataconnect`
 {"metadata":{"emulator":{"name":"dataconnect"},"message":"E1202 13:40:10.608963   18675 watch.go:31] Failed to load config from \"/Users/mac/clara-ai/clara-ai/dataconnect\": could not find dataconnect.yaml in `/Users/mac/clara-ai/clara-ai/dataconnect`\n"}}
[debug] [2025-12-02T12:40:20.598Z] E1202 13:40:20.598764   18675 watch.go:31] Failed to load config from "/Users/mac/clara-ai/clara-ai/dataconnect": could not find dataconnect.yaml in `/Users/mac/clara-ai/clara-ai/dataconnect`
 {"metadata":{"emulator":{"name":"dataconnect"},"message":"E1202 13:40:20.598764   18675 watch.go:31] Failed to load config from \"/Users/mac/clara-ai/clara-ai/dataconnect\": could not find dataconnect.yaml in `/Users/mac/clara-ai/clara-ai/dataconnect`\n"}}
[debug] [2025-12-02T12:40:30.599Z] E1202 13:40:30.599064   18675 watch.go:31] Failed to load config from "/Users/mac/clara-ai/clara-ai/dataconnect": could not find dataconnect.yaml in `/Users/mac/clara-ai/clara-ai/dataconnect`
 {"metadata":{"emulator":{"name":"dataconnect"},"message":"E1202 13:40:30.599064   18675 watch.go:31] Failed to load config from \"/Users/mac/clara-ai/clara-ai/dataconnect\": could not find dataconnect.yaml in `/Users/mac/clara-ai/clara-ai/dataconnect`\n"}}
[debug] [2025-12-02T12:40:40.599Z] E1202 13:40:40.598849   18675 watch.go:31] Failed to load config from "/Users/mac/clara-ai/clara-ai/dataconnect": could not find dataconnect.yaml in `/Users/mac/clara-ai/clara-ai/dataconnect`
 {"metadata":{"emulator":{"name":"dataconnect"},"message":"E1202 13:40:40.598849   18675 watch.go:31] Failed to load config from \"/Users/mac/clara-ai/clara-ai/dataconnect\": could not find dataconnect.yaml in `/Users/mac/clara-ai/clara-ai/dataconnect`\n"}}
[debug] [2025-12-02T12:40:50.599Z] E1202 13:40:50.599320   18675 watch.go:31] Failed to load config from "/Users/mac/clara-ai/clara-ai/dataconnect": could not find dataconnect.yaml in `/Users/mac/clara-ai/clara-ai/dataconnect`
 {"metadata":{"emulator":{"name":"dataconnect"},"message":"E1202 13:40:50.599320   18675 watch.go:31] Failed to load config from \"/Users/mac/clara-ai/clara-ai/dataconnect\": could not find dataconnect.yaml in `/Users/mac/clara-ai/clara-ai/dataconnect`\n"}}
[debug] [2025-12-02T12:41:00.599Z] E1202 13:41:00.599496   18675 watch.go:31] Failed to load config from "/Users/mac/clara-ai/clara-ai/dataconnect": could not find dataconnect.yaml in `/Users/mac/clara-ai/clara-ai/dataconnect`
 {"metadata":{"emulator":{"name":"dataconnect"},"message":"E1202 13:41:00.599496   18675 watch.go:31] Failed to load config from \"/Users/mac/clara-ai/clara-ai/dataconnect\": could not find dataconnect.yaml in `/Users/mac/clara-ai/clara-ai/dataconnect`\n"}}
[debug] [2025-12-02T12:41:10.602Z] E1202 13:41:10.602096   18675 watch.go:31] Failed to load config from "/Users/mac/clara-ai/clara-ai/dataconnect": could not find dataconnect.yaml in `/Users/mac/clara-ai/clara-ai/dataconnect`
 {"metadata":{"emulator":{"name":"dataconnect"},"message":"E1202 13:41:10.602096   18675 watch.go:31] Failed to load config from \"/Users/mac/clara-ai/clara-ai/dataconnect\": could not find dataconnect.yaml in `/Users/mac/clara-ai/clara-ai/dataconnect`\n"}}
[debug] [2025-12-02T12:41:20.599Z] E1202 13:41:20.599035   18675 watch.go:31] Failed to load config from "/Users/mac/clara-ai/clara-ai/dataconnect": could not find dataconnect.yaml in `/Users/mac/clara-ai/clara-ai/dataconnect`
 {"metadata":{"emulator":{"name":"dataconnect"},"message":"E1202 13:41:20.599035   18675 watch.go:31] Failed to load config from \"/Users/mac/clara-ai/clara-ai/dataconnect\": could not find dataconnect.yaml in `/Users/mac/clara-ai/clara-ai/dataconnect`\n"}}
[debug] [2025-12-02T12:41:30.600Z] E1202 13:41:30.599864   18675 watch.go:31] Failed to load config from "/Users/mac/clara-ai/clara-ai/dataconnect": could not find dataconnect.yaml in `/Users/mac/clara-ai/clara-ai/dataconnect`
 {"metadata":{"emulator":{"name":"dataconnect"},"message":"E1202 13:41:30.599864   18675 watch.go:31] Failed to load config from \"/Users/mac/clara-ai/clara-ai/dataconnect\": could not find dataconnect.yaml in `/Users/mac/clara-ai/clara-ai/dataconnect`\n"}}
[debug] [2025-12-02T12:41:40.600Z] E1202 13:41:40.600080   18675 watch.go:31] Failed to load config from "/Users/mac/clara-ai/clara-ai/dataconnect": could not find dataconnect.yaml in `/Users/mac/clara-ai/clara-ai/dataconnect`
 {"metadata":{"emulator":{"name":"dataconnect"},"message":"E1202 13:41:40.600080   18675 watch.go:31] Failed to load config from \"/Users/mac/clara-ai/clara-ai/dataconnect\": could not find dataconnect.yaml in `/Users/mac/clara-ai/clara-ai/dataconnect`\n"}}
[debug] [2025-12-02T12:41:50.601Z] E1202 13:41:50.601623   18675 watch.go:31] Failed to load config from "/Users/mac/clara-ai/clara-ai/dataconnect": could not find dataconnect.yaml in `/Users/mac/clara-ai/clara-ai/dataconnect`
E1202 13:41:50.601692   18675 watch.go:102] watchAllDir unable to walk dir `/Users/mac/clara-ai/clara-ai/dataconnect`: lstat /Users/mac/clara-ai/clara-ai/dataconnect: no such file or directory
 {"metadata":{"emulator":{"name":"dataconnect"},"message":"E1202 13:41:50.601623   18675 watch.go:31] Failed to load config from \"/Users/mac/clara-ai/clara-ai/dataconnect\": could not find dataconnect.yaml in `/Users/mac/clara-ai/clara-ai/dataconnect`\nE1202 13:41:50.601692   18675 watch.go:102] watchAllDir unable to walk dir `/Users/mac/clara-ai/clara-ai/dataconnect`: lstat /Users/mac/clara-ai/clara-ai/dataconnect: no such file or directory\n"}}
[debug] [2025-12-02T12:42:00.601Z] E1202 13:42:00.600872   18675 watch.go:31] Failed to load config from "/Users/mac/clara-ai/clara-ai/dataconnect": could not find dataconnect.yaml in `/Users/mac/clara-ai/clara-ai/dataconnect`
 {"metadata":{"emulator":{"name":"dataconnect"},"message":"E1202 13:42:00.600872   18675 watch.go:31] Failed to load config from \"/Users/mac/clara-ai/clara-ai/dataconnect\": could not find dataconnect.yaml in `/Users/mac/clara-ai/clara-ai/dataconnect`\n"}}
[debug] [2025-12-02T12:42:10.618Z] E1202 13:42:10.607194   18675 watch.go:31] Failed to load config from "/Users/mac/clara-ai/clara-ai/dataconnect": could not find dataconnect.yaml in `/Users/mac/clara-ai/clara-ai/dataconnect`
 {"metadata":{"emulator":{"name":"dataconnect"},"message":"E1202 13:42:10.607194   18675 watch.go:31] Failed to load config from \"/Users/mac/clara-ai/clara-ai/dataconnect\": could not find dataconnect.yaml in `/Users/mac/clara-ai/clara-ai/dataconnect`\n"}}
[debug] [2025-12-02T12:42:20.601Z] E1202 13:42:20.601062   18675 watch.go:31] Failed to load config from "/Users/mac/clara-ai/clara-ai/dataconnect": could not find dataconnect.yaml in `/Users/mac/clara-ai/clara-ai/dataconnect`
 {"metadata":{"emulator":{"name":"dataconnect"},"message":"E1202 13:42:20.601062   18675 watch.go:31] Failed to load config from \"/Users/mac/clara-ai/clara-ai/dataconnect\": could not find dataconnect.yaml in `/Users/mac/clara-ai/clara-ai/dataconnect`\n"}}
[debug] [2025-12-02T12:42:30.603Z] E1202 13:42:30.603145   18675 watch.go:31] Failed to load config from "/Users/mac/clara-ai/clara-ai/dataconnect": could not find dataconnect.yaml in `/Users/mac/clara-ai/clara-ai/dataconnect`
 {"metadata":{"emulator":{"name":"dataconnect"},"message":"E1202 13:42:30.603145   18675 watch.go:31] Failed to load config from \"/Users/mac/clara-ai/clara-ai/dataconnect\": could not find dataconnect.yaml in `/Users/mac/clara-ai/clara-ai/dataconnect`\n"}}
[debug] [2025-12-02T12:42:40.603Z] E1202 13:42:40.603256   18675 watch.go:31] Failed to load config from "/Users/mac/clara-ai/clara-ai/dataconnect": could not find dataconnect.yaml in `/Users/mac/clara-ai/clara-ai/dataconnect`
 {"metadata":{"emulator":{"name":"dataconnect"},"message":"E1202 13:42:40.603256   18675 watch.go:31] Failed to load config from \"/Users/mac/clara-ai/clara-ai/dataconnect\": could not find dataconnect.yaml in `/Users/mac/clara-ai/clara-ai/dataconnect`\n"}}
[debug] [2025-12-02T12:42:50.601Z] E1202 13:42:50.601365   18675 watch.go:31] Failed to load config from "/Users/mac/clara-ai/clara-ai/dataconnect": could not find dataconnect.yaml in `/Users/mac/clara-ai/clara-ai/dataconnect`
 {"metadata":{"emulator":{"name":"dataconnect"},"message":"E1202 13:42:50.601365   18675 watch.go:31] Failed to load config from \"/Users/mac/clara-ai/clara-ai/dataconnect\": could not find dataconnect.yaml in `/Users/mac/clara-ai/clara-ai/dataconnect`\n"}}
[debug] [2025-12-02T12:43:00.601Z] E1202 13:43:00.601622   18675 watch.go:31] Failed to load config from "/Users/mac/clara-ai/clara-ai/dataconnect": could not find dataconnect.yaml in `/Users/mac/clara-ai/clara-ai/dataconnect`
 {"metadata":{"emulator":{"name":"dataconnect"},"message":"E1202 13:43:00.601622   18675 watch.go:31] Failed to load config from \"/Users/mac/clara-ai/clara-ai/dataconnect\": could not find dataconnect.yaml in `/Users/mac/clara-ai/clara-ai/dataconnect`\n"}}
[debug] [2025-12-02T12:43:10.602Z] E1202 13:43:10.601500   18675 watch.go:31] Failed to load config from "/Users/mac/clara-ai/clara-ai/dataconnect": could not find dataconnect.yaml in `/Users/mac/clara-ai/clara-ai/dataconnect`
 {"metadata":{"emulator":{"name":"dataconnect"},"message":"E1202 13:43:10.601500   18675 watch.go:31] Failed to load config from \"/Users/mac/clara-ai/clara-ai/dataconnect\": could not find dataconnect.yaml in `/Users/mac/clara-ai/clara-ai/dataconnect`\n"}}
[debug] [2025-12-02T12:43:20.603Z] E1202 13:43:20.603182   18675 watch.go:31] Failed to load config from "/Users/mac/clara-ai/clara-ai/dataconnect": could not find dataconnect.yaml in `/Users/mac/clara-ai/clara-ai/dataconnect`
 {"metadata":{"emulator":{"name":"dataconnect"},"message":"E1202 13:43:20.603182   18675 watch.go:31] Failed to load config from \"/Users/mac/clara-ai/clara-ai/dataconnect\": could not find dataconnect.yaml in `/Users/mac/clara-ai/clara-ai/dataconnect`\n"}}
[debug] [2025-12-02T12:43:30.602Z] E1202 13:43:30.601913   18675 watch.go:31] Failed to load config from "/Users/mac/clara-ai/clara-ai/dataconnect": could not find dataconnect.yaml in `/Users/mac/clara-ai/clara-ai/dataconnect`
 {"metadata":{"emulator":{"name":"dataconnect"},"message":"E1202 13:43:30.601913   18675 watch.go:31] Failed to load config from \"/Users/mac/clara-ai/clara-ai/dataconnect\": could not find dataconnect.yaml in `/Users/mac/clara-ai/clara-ai/dataconnect`\n"}}
[debug] [2025-12-02T12:43:40.602Z] E1202 13:43:40.602593   18675 watch.go:31] Failed to load config from "/Users/mac/clara-ai/clara-ai/dataconnect": could not find dataconnect.yaml in `/Users/mac/clara-ai/clara-ai/dataconnect`
 {"metadata":{"emulator":{"name":"dataconnect"},"message":"E1202 13:43:40.602593   18675 watch.go:31] Failed to load config from \"/Users/mac/clara-ai/clara-ai/dataconnect\": could not find dataconnect.yaml in `/Users/mac/clara-ai/clara-ai/dataconnect`\n"}}
[debug] [2025-12-02T12:43:50.602Z] E1202 13:43:50.602680   18675 watch.go:31] Failed to load config from "/Users/mac/clara-ai/clara-ai/dataconnect": could not find dataconnect.yaml in `/Users/mac/clara-ai/clara-ai/dataconnect`
E1202 13:43:50.602720   18675 watch.go:102] watchAllDir unable to walk dir `/Users/mac/clara-ai/clara-ai/dataconnect`: lstat /Users/mac/clara-ai/clara-ai/dataconnect: no such file or directory
 {"metadata":{"emulator":{"name":"dataconnect"},"message":"E1202 13:43:50.602680   18675 watch.go:31] Failed to load config from \"/Users/mac/clara-ai/clara-ai/dataconnect\": could not find dataconnect.yaml in `/Users/mac/clara-ai/clara-ai/dataconnect`\nE1202 13:43:50.602720   18675 watch.go:102] watchAllDir unable to walk dir `/Users/mac/clara-ai/clara-ai/dataconnect`: lstat /Users/mac/clara-ai/clara-ai/dataconnect: no such file or directory\n"}}
[debug] [2025-12-02T12:44:00.602Z] E1202 13:44:00.602071   18675 watch.go:31] Failed to load config from "/Users/mac/clara-ai/clara-ai/dataconnect": could not find dataconnect.yaml in `/Users/mac/clara-ai/clara-ai/dataconnect`
 {"metadata":{"emulator":{"name":"dataconnect"},"message":"E1202 13:44:00.602071   18675 watch.go:31] Failed to load config from \"/Users/mac/clara-ai/clara-ai/dataconnect\": could not find dataconnect.yaml in `/Users/mac/clara-ai/clara-ai/dataconnect`\n"}}
[debug] [2025-12-02T12:44:10.603Z] E1202 13:44:10.602934   18675 watch.go:31] Failed to load config from "/Users/mac/clara-ai/clara-ai/dataconnect": could not find dataconnect.yaml in `/Users/mac/clara-ai/clara-ai/dataconnect`
 {"metadata":{"emulator":{"name":"dataconnect"},"message":"E1202 13:44:10.602934   18675 watch.go:31] Failed to load config from \"/Users/mac/clara-ai/clara-ai/dataconnect\": could not find dataconnect.yaml in `/Users/mac/clara-ai/clara-ai/dataconnect`\n"}}
[debug] [2025-12-02T12:44:20.606Z] E1202 13:44:20.603244   18675 watch.go:31] Failed to load config from "/Users/mac/clara-ai/clara-ai/dataconnect": could not find dataconnect.yaml in `/Users/mac/clara-ai/clara-ai/dataconnect`
 {"metadata":{"emulator":{"name":"dataconnect"},"message":"E1202 13:44:20.603244   18675 watch.go:31] Failed to load config from \"/Users/mac/clara-ai/clara-ai/dataconnect\": could not find dataconnect.yaml in `/Users/mac/clara-ai/clara-ai/dataconnect`\n"}}
[debug] [2025-12-02T12:44:30.607Z] E1202 13:44:30.607003   18675 watch.go:31] Failed to load config from "/Users/mac/clara-ai/clara-ai/dataconnect": could not find dataconnect.yaml in `/Users/mac/clara-ai/clara-ai/dataconnect`
 {"metadata":{"emulator":{"name":"dataconnect"},"message":"E1202 13:44:30.607003   18675 watch.go:31] Failed to load config from \"/Users/mac/clara-ai/clara-ai/dataconnect\": could not find dataconnect.yaml in `/Users/mac/clara-ai/clara-ai/dataconnect`\n"}}
[debug] [2025-12-02T12:44:40.602Z] E1202 13:44:40.602620   18675 watch.go:31] Failed to load config from "/Users/mac/clara-ai/clara-ai/dataconnect": could not find dataconnect.yaml in `/Users/mac/clara-ai/clara-ai/dataconnect`
 {"metadata":{"emulator":{"name":"dataconnect"},"message":"E1202 13:44:40.602620   18675 watch.go:31] Failed to load config from \"/Users/mac/clara-ai/clara-ai/dataconnect\": could not find dataconnect.yaml in `/Users/mac/clara-ai/clara-ai/dataconnect`\n"}}
[debug] [2025-12-02T12:44:50.606Z] E1202 13:44:50.605526   18675 watch.go:31] Failed to load config from "/Users/mac/clara-ai/clara-ai/dataconnect": could not find dataconnect.yaml in `/Users/mac/clara-ai/clara-ai/dataconnect`
 {"metadata":{"emulator":{"name":"dataconnect"},"message":"E1202 13:44:50.605526   18675 watch.go:31] Failed to load config from \"/Users/mac/clara-ai/clara-ai/dataconnect\": could not find dataconnect.yaml in `/Users/mac/clara-ai/clara-ai/dataconnect`\n"}}
[debug] [2025-12-02T12:45:00.632Z] E1202 13:45:00.626954   18675 watch.go:31] Failed to load config from "/Users/mac/clara-ai/clara-ai/dataconnect": could not find dataconnect.yaml in `/Users/mac/clara-ai/clara-ai/dataconnect`
 {"metadata":{"emulator":{"name":"dataconnect"},"message":"E1202 13:45:00.626954   18675 watch.go:31] Failed to load config from \"/Users/mac/clara-ai/clara-ai/dataconnect\": could not find dataconnect.yaml in `/Users/mac/clara-ai/clara-ai/dataconnect`\n"}}
[debug] [2025-12-02T12:45:10.605Z] E1202 13:45:10.604834   18675 watch.go:31] Failed to load config from "/Users/mac/clara-ai/clara-ai/dataconnect": could not find dataconnect.yaml in `/Users/mac/clara-ai/clara-ai/dataconnect`
 {"metadata":{"emulator":{"name":"dataconnect"},"message":"E1202 13:45:10.604834   18675 watch.go:31] Failed to load config from \"/Users/mac/clara-ai/clara-ai/dataconnect\": could not find dataconnect.yaml in `/Users/mac/clara-ai/clara-ai/dataconnect`\n"}}
[debug] [2025-12-02T12:45:20.627Z] E1202 13:45:20.623129   18675 watch.go:31] Failed to load config from "/Users/mac/clara-ai/clara-ai/dataconnect": could not find dataconnect.yaml in `/Users/mac/clara-ai/clara-ai/dataconnect`
 {"metadata":{"emulator":{"name":"dataconnect"},"message":"E1202 13:45:20.623129   18675 watch.go:31] Failed to load config from \"/Users/mac/clara-ai/clara-ai/dataconnect\": could not find dataconnect.yaml in `/Users/mac/clara-ai/clara-ai/dataconnect`\n"}}
[debug] [2025-12-02T12:45:30.614Z] E1202 13:45:30.613724   18675 watch.go:31] Failed to load config from "/Users/mac/clara-ai/clara-ai/dataconnect": could not find dataconnect.yaml in `/Users/mac/clara-ai/clara-ai/dataconnect`
 {"metadata":{"emulator":{"name":"dataconnect"},"message":"E1202 13:45:30.613724   18675 watch.go:31] Failed to load config from \"/Users/mac/clara-ai/clara-ai/dataconnect\": could not find dataconnect.yaml in `/Users/mac/clara-ai/clara-ai/dataconnect`\n"}}
[debug] [2025-12-02T12:45:40.609Z] E1202 13:45:40.609131   18675 watch.go:31] Failed to load config from "/Users/mac/clara-ai/clara-ai/dataconnect": could not find dataconnect.yaml in `/Users/mac/clara-ai/clara-ai/dataconnect`
 {"metadata":{"emulator":{"name":"dataconnect"},"message":"E1202 13:45:40.609131   18675 watch.go:31] Failed to load config from \"/Users/mac/clara-ai/clara-ai/dataconnect\": could not find dataconnect.yaml in `/Users/mac/clara-ai/clara-ai/dataconnect`\n"}}
[debug] [2025-12-02T12:45:50.605Z] E1202 13:45:50.605567   18675 watch.go:31] Failed to load config from "/Users/mac/clara-ai/clara-ai/dataconnect": could not find dataconnect.yaml in `/Users/mac/clara-ai/clara-ai/dataconnect`
E1202 13:45:50.605609   18675 watch.go:102] watchAllDir unable to walk dir `/Users/mac/clara-ai/clara-ai/dataconnect`: lstat /Users/mac/clara-ai/clara-ai/dataconnect: no such file or directory
 {"metadata":{"emulator":{"name":"dataconnect"},"message":"E1202 13:45:50.605567   18675 watch.go:31] Failed to load config from \"/Users/mac/clara-ai/clara-ai/dataconnect\": could not find dataconnect.yaml in `/Users/mac/clara-ai/clara-ai/dataconnect`\nE1202 13:45:50.605609   18675 watch.go:102] watchAllDir unable to walk dir `/Users/mac/clara-ai/clara-ai/dataconnect`: lstat /Users/mac/clara-ai/clara-ai/dataconnect: no such file or directory\n"}}
[debug] [2025-12-02T12:46:00.606Z] E1202 13:46:00.606311   18675 watch.go:31] Failed to load config from "/Users/mac/clara-ai/clara-ai/dataconnect": could not find dataconnect.yaml in `/Users/mac/clara-ai/clara-ai/dataconnect`
 {"metadata":{"emulator":{"name":"dataconnect"},"message":"E1202 13:46:00.606311   18675 watch.go:31] Failed to load config from \"/Users/mac/clara-ai/clara-ai/dataconnect\": could not find dataconnect.yaml in `/Users/mac/clara-ai/clara-ai/dataconnect`\n"}}
[debug] [2025-12-02T12:46:10.612Z] E1202 13:46:10.610691   18675 watch.go:31] Failed to load config from "/Users/mac/clara-ai/clara-ai/dataconnect": could not find dataconnect.yaml in `/Users/mac/clara-ai/clara-ai/dataconnect`
 {"metadata":{"emulator":{"name":"dataconnect"},"message":"E1202 13:46:10.610691   18675 watch.go:31] Failed to load config from \"/Users/mac/clara-ai/clara-ai/dataconnect\": could not find dataconnect.yaml in `/Users/mac/clara-ai/clara-ai/dataconnect`\n"}}
[debug] [2025-12-02T12:46:20.609Z] E1202 13:46:20.609154   18675 watch.go:31] Failed to load config from "/Users/mac/clara-ai/clara-ai/dataconnect": could not find dataconnect.yaml in `/Users/mac/clara-ai/clara-ai/dataconnect`
 {"metadata":{"emulator":{"name":"dataconnect"},"message":"E1202 13:46:20.609154   18675 watch.go:31] Failed to load config from \"/Users/mac/clara-ai/clara-ai/dataconnect\": could not find dataconnect.yaml in `/Users/mac/clara-ai/clara-ai/dataconnect`\n"}}
[debug] [2025-12-02T12:46:30.610Z] E1202 13:46:30.610426   18675 watch.go:31] Failed to load config from "/Users/mac/clara-ai/clara-ai/dataconnect": could not find dataconnect.yaml in `/Users/mac/clara-ai/clara-ai/dataconnect`
 {"metadata":{"emulator":{"name":"dataconnect"},"message":"E1202 13:46:30.610426   18675 watch.go:31] Failed to load config from \"/Users/mac/clara-ai/clara-ai/dataconnect\": could not find dataconnect.yaml in `/Users/mac/clara-ai/clara-ai/dataconnect`\n"}}
[debug] [2025-12-02T12:46:40.611Z] E1202 13:46:40.611196   18675 watch.go:31] Failed to load config from "/Users/mac/clara-ai/clara-ai/dataconnect": could not find dataconnect.yaml in `/Users/mac/clara-ai/clara-ai/dataconnect`
 {"metadata":{"emulator":{"name":"dataconnect"},"message":"E1202 13:46:40.611196   18675 watch.go:31] Failed to load config from \"/Users/mac/clara-ai/clara-ai/dataconnect\": could not find dataconnect.yaml in `/Users/mac/clara-ai/clara-ai/dataconnect`\n"}}
[debug] [2025-12-02T12:46:50.649Z] E1202 13:46:50.618354   18675 watch.go:31] Failed to load config from "/Users/mac/clara-ai/clara-ai/dataconnect": could not find dataconnect.yaml in `/Users/mac/clara-ai/clara-ai/dataconnect`
 {"metadata":{"emulator":{"name":"dataconnect"},"message":"E1202 13:46:50.618354   18675 watch.go:31] Failed to load config from \"/Users/mac/clara-ai/clara-ai/dataconnect\": could not find dataconnect.yaml in `/Users/mac/clara-ai/clara-ai/dataconnect`\n"}}
[debug] [2025-12-02T12:47:00.612Z] E1202 13:47:00.605358   18675 watch.go:31] Failed to load config from "/Users/mac/clara-ai/clara-ai/dataconnect": could not find dataconnect.yaml in `/Users/mac/clara-ai/clara-ai/dataconnect`
 {"metadata":{"emulator":{"name":"dataconnect"},"message":"E1202 13:47:00.605358   18675 watch.go:31] Failed to load config from \"/Users/mac/clara-ai/clara-ai/dataconnect\": could not find dataconnect.yaml in `/Users/mac/clara-ai/clara-ai/dataconnect`\n"}}
[debug] [2025-12-02T12:47:10.613Z] E1202 13:47:10.613258   18675 watch.go:31] Failed to load config from "/Users/mac/clara-ai/clara-ai/dataconnect": could not find dataconnect.yaml in `/Users/mac/clara-ai/clara-ai/dataconnect`
 {"metadata":{"emulator":{"name":"dataconnect"},"message":"E1202 13:47:10.613258   18675 watch.go:31] Failed to load config from \"/Users/mac/clara-ai/clara-ai/dataconnect\": could not find dataconnect.yaml in `/Users/mac/clara-ai/clara-ai/dataconnect`\n"}}
[debug] [2025-12-02T12:47:20.607Z] E1202 13:47:20.607328   18675 watch.go:31] Failed to load config from "/Users/mac/clara-ai/clara-ai/dataconnect": could not find dataconnect.yaml in `/Users/mac/clara-ai/clara-ai/dataconnect`
 {"metadata":{"emulator":{"name":"dataconnect"},"message":"E1202 13:47:20.607328   18675 watch.go:31] Failed to load config from \"/Users/mac/clara-ai/clara-ai/dataconnect\": could not find dataconnect.yaml in `/Users/mac/clara-ai/clara-ai/dataconnect`\n"}}
[debug] [2025-12-02T12:47:30.631Z] E1202 13:47:30.616684   18675 watch.go:31] Failed to load config from "/Users/mac/clara-ai/clara-ai/dataconnect": could not find dataconnect.yaml in `/Users/mac/clara-ai/clara-ai/dataconnect`
 {"metadata":{"emulator":{"name":"dataconnect"},"message":"E1202 13:47:30.616684   18675 watch.go:31] Failed to load config from \"/Users/mac/clara-ai/clara-ai/dataconnect\": could not find dataconnect.yaml in `/Users/mac/clara-ai/clara-ai/dataconnect`\n"}}
[debug] [2025-12-02T12:47:40.622Z] E1202 13:47:40.622694   18675 watch.go:31] Failed to load config from "/Users/mac/clara-ai/clara-ai/dataconnect": could not find dataconnect.yaml in `/Users/mac/clara-ai/clara-ai/dataconnect`
 {"metadata":{"emulator":{"name":"dataconnect"},"message":"E1202 13:47:40.622694   18675 watch.go:31] Failed to load config from \"/Users/mac/clara-ai/clara-ai/dataconnect\": could not find dataconnect.yaml in `/Users/mac/clara-ai/clara-ai/dataconnect`\n"}}
[debug] [2025-12-02T12:47:50.607Z] E1202 13:47:50.606963   18675 watch.go:31] Failed to load config from "/Users/mac/clara-ai/clara-ai/dataconnect": could not find dataconnect.yaml in `/Users/mac/clara-ai/clara-ai/dataconnect`
 {"metadata":{"emulator":{"name":"dataconnect"},"message":"E1202 13:47:50.606963   18675 watch.go:31] Failed to load config from \"/Users/mac/clara-ai/clara-ai/dataconnect\": could not find dataconnect.yaml in `/Users/mac/clara-ai/clara-ai/dataconnect`\n"}}
[debug] [2025-12-02T12:47:50.608Z] E1202 13:47:50.607020   18675 watch.go:102] watchAllDir unable to walk dir `/Users/mac/clara-ai/clara-ai/dataconnect`: lstat /Users/mac/clara-ai/clara-ai/dataconnect: no such file or directory
 {"metadata":{"emulator":{"name":"dataconnect"},"message":"E1202 13:47:50.607020   18675 watch.go:102] watchAllDir unable to walk dir `/Users/mac/clara-ai/clara-ai/dataconnect`: lstat /Users/mac/clara-ai/clara-ai/dataconnect: no such file or directory\n"}}
[debug] [2025-12-02T12:48:00.607Z] E1202 13:48:00.607801   18675 watch.go:31] Failed to load config from "/Users/mac/clara-ai/clara-ai/dataconnect": could not find dataconnect.yaml in `/Users/mac/clara-ai/clara-ai/dataconnect`
 {"metadata":{"emulator":{"name":"dataconnect"},"message":"E1202 13:48:00.607801   18675 watch.go:31] Failed to load config from \"/Users/mac/clara-ai/clara-ai/dataconnect\": could not find dataconnect.yaml in `/Users/mac/clara-ai/clara-ai/dataconnect`\n"}}
[debug] [2025-12-02T12:48:10.612Z] E1202 13:48:10.609566   18675 watch.go:31] Failed to load config from "/Users/mac/clara-ai/clara-ai/dataconnect": could not find dataconnect.yaml in `/Users/mac/clara-ai/clara-ai/dataconnect`
 {"metadata":{"emulator":{"name":"dataconnect"},"message":"E1202 13:48:10.609566   18675 watch.go:31] Failed to load config from \"/Users/mac/clara-ai/clara-ai/dataconnect\": could not find dataconnect.yaml in `/Users/mac/clara-ai/clara-ai/dataconnect`\n"}}
[debug] [2025-12-02T12:48:20.619Z] E1202 13:48:20.609518   18675 watch.go:31] Failed to load config from "/Users/mac/clara-ai/clara-ai/dataconnect": could not find dataconnect.yaml in `/Users/mac/clara-ai/clara-ai/dataconnect`
 {"metadata":{"emulator":{"name":"dataconnect"},"message":"E1202 13:48:20.609518   18675 watch.go:31] Failed to load config from \"/Users/mac/clara-ai/clara-ai/dataconnect\": could not find dataconnect.yaml in `/Users/mac/clara-ai/clara-ai/dataconnect`\n"}}
[debug] [2025-12-02T12:48:30.621Z] E1202 13:48:30.621080   18675 watch.go:31] Failed to load config from "/Users/mac/clara-ai/clara-ai/dataconnect": could not find dataconnect.yaml in `/Users/mac/clara-ai/clara-ai/dataconnect`
 {"metadata":{"emulator":{"name":"dataconnect"},"message":"E1202 13:48:30.621080   18675 watch.go:31] Failed to load config from \"/Users/mac/clara-ai/clara-ai/dataconnect\": could not find dataconnect.yaml in `/Users/mac/clara-ai/clara-ai/dataconnect`\n"}}
[debug] [2025-12-02T12:48:40.607Z] E1202 13:48:40.606900   18675 watch.go:31] Failed to load config from "/Users/mac/clara-ai/clara-ai/dataconnect": could not find dataconnect.yaml in `/Users/mac/clara-ai/clara-ai/dataconnect`
 {"metadata":{"emulator":{"name":"dataconnect"},"message":"E1202 13:48:40.606900   18675 watch.go:31] Failed to load config from \"/Users/mac/clara-ai/clara-ai/dataconnect\": could not find dataconnect.yaml in `/Users/mac/clara-ai/clara-ai/dataconnect`\n"}}
[debug] [2025-12-02T12:48:50.608Z] E1202 13:48:50.607810   18675 watch.go:31] Failed to load config from "/Users/mac/clara-ai/clara-ai/dataconnect": could not find dataconnect.yaml in `/Users/mac/clara-ai/clara-ai/dataconnect`
 {"metadata":{"emulator":{"name":"dataconnect"},"message":"E1202 13:48:50.607810   18675 watch.go:31] Failed to load config from \"/Users/mac/clara-ai/clara-ai/dataconnect\": could not find dataconnect.yaml in `/Users/mac/clara-ai/clara-ai/dataconnect`\n"}}
